q,K,digit,G,G2,n0,n1,n2,n3,n4,n5,n6,n7,n8,n9,n10,m0,m1,m2,m3,m4,m5,m6,m7,m8,m9,m10
24,0,1,409,599,0,21,21,14,10,7,5,2,2,1,1,28,31,22,14,10,7,4,3,2,1,1
24,0,2,409,535,0,21,21,14,10,7,5,2,2,1,1,27,28,21,16,10,6,4,3,2,2,1
24,1,0,599,677,28,31,22,14,10,7,4,3,2,1,1,0,41,34,22,15,9,7,5,4,3,2
24,1,1,599,644,28,31,22,14,10,7,4,3,2,1,1,0,43,31,22,16,11,7,5,2,2,2
24,1,0,535,578,27,28,21,16,10,6,4,3,2,2,1,0,40,30,21,16,10,8,5,2,1,1
24,1,1,535,573,27,28,21,16,10,6,4,3,2,2,1,0,40,32,22,14,11,5,4,4,2,2
24,1,2,535,519,27,28,21,16,10,6,4,3,2,2,1,0,41,32,23,15,8,6,4,3,3,1
24,2,0,677,895,0,41,34,22,15,9,7,5,4,3,2,48,50,35,20,16,12,9,6,3,2,2
24,2,1,677,954,0,41,34,22,15,9,7,5,4,3,2,50,47,33,23,15,10,8,6,5,3,1
24,2,2,677,944,0,41,34,22,15,9,7,5,4,3,2,47,48,36,27,17,11,7,5,4,3,2
24,2,0,644,827,0,43,31,22,16,11,7,5,2,2,2,49,50,34,23,14,10,8,4,3,2,1
24,2,1,644,860,0,43,31,22,16,11,7,5,2,2,2,50,45,34,26,18,12,5,3,3,3,2
24,2,2,644,874,0,43,31,22,16,11,7,5,2,2,2,45,49,33,21,16,10,8,7,3,2,2
24,2,0,578,715,0,40,30,21,16,10,8,5,2,1,1,43,45,32,21,16,10,6,3,3,1,1
24,2,1,578,729,0,40,30,21,16,10,8,5,2,1,1,45,48,32,22,14,9,6,4,1,1,1
24,2,2,578,724,0,40,30,21,16,10,8,5,2,1,1,48,43,32,23,15,10,7,4,2,2,1
24,2,0,573,727,0,40,32,22,14,11,5,4,4,2,2,46,45,32,22,15,11,5,4,3,2,1
24,2,1,573,765,0,40,32,22,14,11,5,4,4,2,2,45,46,31,21,15,10,7,5,3,1,1
24,2,2,573,706,0,40,32,22,14,11,5,4,4,2,2,46,46,34,22,13,8,6,4,3,2,1
24,2,0,519,667,0,41,32,23,15,8,6,4,3,3,1,43,46,33,21,14,8,6,4,3,1,0
24,2,1,519,622,0,41,32,23,15,8,6,4,3,3,1,46,47,30,19,13,9,6,3,2,1,0
24,2,2,519,672,0,41,32,23,15,8,6,4,3,3,1,47,43,32,23,13,8,5,4,2,2,1
24,3,0,895,916,48,50,35,20,16,12,9,6,3,2,2,0,68,51,36,24,16,12,9,5,2,1
24,3,1,895,897,48,50,35,20,16,12,9,6,3,2,2,0,72,53,35,22,17,11,6,5,4,2
24,3,2,895,896,48,50,35,20,16,12,9,6,3,2,2,0,64,52,35,25,18,12,8,4,2,2
24,3,0,954,1034,50,47,33,23,15,10,8,6,5,3,1,0,71,47,35,22,16,13,10,7,3,2
24,3,2,954,1069,50,47,33,23,15,10,8,6,5,3,1,0,64,52,33,27,18,11,8,5,5,4
24,3,0,944,993,47,48,36,27,17,11,7,5,4,3,2,0,68,57,41,26,16,10,9,5,4,3
24,3,1,944,1023,47,48,36,27,17,11,7,5,4,3,2,0,71,54,36,26,18,13,8,7,3,1
24,3,2,944,999,47,48,36,27,17,11,7,5,4,3,2,0,70,51,37,26,17,11,6,4,4,3
24,3,0,827,815,49,50,34,23,14,10,8,4,3,2,1,0,67,50,33,19,12,10,9,4,3,1
24,3,1,827,888,49,50,34,23,14,10,8,4,3,2,1,0,65,53,38,23,16,10,6,5,3,2
24,3,2,827,868,49,50,34,23,14,10,8,4,3,2,1,0,68,48,30,25,16,10,5,3,2,2
24,3,0,860,854,50,45,34,26,18,12,5,3,3,3,2,0,69,54,36,24,14,7,7,5,4,2
24,3,1,860,845,50,45,34,26,18,12,5,3,3,3,2,0,69,49,33,22,18,12,5,4,2,2
24,3,2,860,864,50,45,34,26,18,12,5,3,3,3,2,0,64,49,38,27,15,10,5,3,3,2
24,3,0,874,878,45,49,33,21,16,10,8,7,3,2,2,0,69,50,35,22,17,11,7,5,2,1
24,3,1,874,884,45,49,33,21,16,10,8,7,3,2,2,0,62,53,35,25,17,12,7,3,3,2
24,3,2,874,921,45,49,33,21,16,10,8,7,3,2,2,0,66,49,33,23,15,10,9,7,3,2
24,3,0,715,758,43,45,32,21,16,10,6,3,3,1,1,0,59,47,27,21,15,9,6,3,2,1
24,3,1,715,676,43,45,32,21,16,10,6,3,3,1,1,0,63,43,32,19,14,9,4,3,2,1
24,3,2,715,706,43,45,32,21,16,10,6,3,3,1,1,0,60,49,35,22,12,7,5,3,2,1
24,3,0,729,706,45,48,32,22,14,9,6,4,1,1,1,0,64,44,30,20,12,8,5,3,2,2
24,3,1,729,749,45,48,32,22,14,9,6,4,1,1,1,0,60,52,33,19,12,7,5,3,1,1
24,3,2,729,725,45,48,32,22,14,9,6,4,1,1,1,0,61,44,29,21,14,9,5,3,2,1
24,3,0,724,744,48,43,32,23,15,10,7,4,2,2,1,0,61,48,33,24,14,9,6,3,1,1
24,3,1,724,684,48,43,32,23,15,10,7,4,2,2,1,0,67,46,29,18,13,10,5,3,2,1
24,3,2,724,682,48,43,32,23,15,10,7,4,2,2,1,0,59,45,34,22,14,7,5,3,2,1
24,3,0,727,707,46,45,32,22,15,11,5,4,3,2,1,0,61,47,32,19,13,9,7,3,2,1
24,3,1,727,725,46,45,32,22,15,11,5,4,3,2,1,0,60,48,34,22,14,9,5,5,2,0
24,3,2,727,696,46,45,32,22,15,11,5,4,3,2,1,0,65,45,29,22,14,8,3,2,2,2
24,3,0,765,748,45,46,31,21,15,10,7,5,3,1,1,0,64,48,34,21,12,7,6,5,4,1
24,3,1,765,745,45,46,31,21,15,10,7,5,3,1,1,0,63,46,29,22,17,10,6,4,1,1
24,3,2,765,753,45,46,31,21,15,10,7,5,3,1,1,0,59,47,32,21,14,11,6,2,1,1
24,3,0,706,651,46,46,34,22,13,8,6,4,3,2,1,0,64,46,30,18,13,8,6,4,2,0
24,3,1,706,732,46,46,34,22,13,8,6,4,3,2,1,0,57,48,32,22,14,9,4,2,2,2
24,3,2,706,667,46,46,34,22,13,8,6,4,3,2,1,0,64,45,31,19,10,7,6,4,2,1
24,3,0,667,610,43,46,33,21,14,8,6,4,3,1,0,0,62,43,30,20,11,7,4,3,2,0
24,3,1,667,622,43,46,33,21,14,8,6,4,3,1,0,0,60,49,31,17,11,8,5,2,1,1
24,3,2,667,617,43,46,33,21,14,8,6,4,3,1,0,0,57,44,29,20,14,7,5,3,1,0
24,3,0,622,562,46,47,30,19,13,9,6,3,2,1,0,0,58,44,29,16,11,8,4,2,1,0
24,3,1,622,571,46,47,30,19,13,9,6,3,2,1,0,0,61,44,28,18,12,6,3,2,1,1
24,3,2,622,551,46,47,30,19,13,9,6,3,2,1,0,0,57,42,26,19,11,7,5,2,1,0
24,3,0,672,647,47,43,32,23,13,8,5,4,2,2,1,0,63,44,31,18,10,7,5,4,2,1
24,3,1,672,656,47,43,32,23,13,8,5,4,2,2,1,0,59,45,31,21,13,7,4,3,1,1
24,3,2,672,629,47,43,32,23,13,8,5,4,2,2,1,0,58,44,28,19,12,8,5,2,2,1
24,4,0,916,1175,0,68,51,36,24,16,12,9,5,2,1,76,75,55,37,23,16,9,5,3,2,1
24,4,1,916,1111,0,68,51,36,24,16,12,9,5,2,1,75,76,50,33,23,15,11,7,4,1,1
24,4,2,916,1162,0,68,51,36,24,16,12,9,5,2,1,75,75,53,37,25,16,11,7,3,2,1
24,4,0,897,1142,0,72,53,35,22,17,11,6,5,4,2,77,77,54,35,21,15,12,7,5,2,0
24,4,1,897,1097,0,72,53,35,22,17,11,6,5,4,2,74,77,49,34,23,15,8,7,3,2,2
24,4,2,897,1128,0,72,53,35,22,17,11,6,5,4,2,77,74,53,34,24,16,9,4,4,3,1
24,4,0,896,1090,0,64,52,35,25,18,12,8,4,2,2,78,73,52,34,25,17,9,4,3,2,1
24,4,1,896,1127,0,64,52,35,25,18,12,8,4,2,2,72,78,56,36,23,15,10,6,3,2,1
24,4,2,896,1136,0,64,52,35,25,18,12,8,4,2,2,73,72,51,37,24,15,10,7,3,1,1
24,4,0,1034,1364,0,71,47,35,22,16,13,10,7,3,2,74,78,51,38,23,16,12,8,6,4,2
24,4,1,1034,1378,0,71,47,35,22,16,13,10,7,3,2,77,74,50,34,26,18,14,9,5,2,1
24,4,2,1034,1321,0,71,47,35,22,16,13,10,7,3,2,78,77,57,39,27,20,12,8,4,2,2
24,4,0,1069,1388,0,64,52,33,27,18,11,8,5,5,4,79,80,56,37,27,19,11,6,5,5,3
24,4,1,1069,1368,0,64,52,33,27,18,11,8,5,5,4,71,79,55,39,25,16,14,10,6,3,1
24,4,2,1069,1421,0,64,52,33,27,18,11,8,5,5,4,80,71,55,38,29,19,11,9,6,4,3
24,4,0,993,1285,0,68,57,41,26,16,10,9,5,4,3,83,77,56,41,24,18,11,7,4,2,2
24,4,1,993,1225,0,68,57,41,26,16,10,9,5,4,3,80,83,59,35,23,14,9,8,6,4,1
24,4,2,993,1220,0,68,57,41,26,16,10,9,5,4,3,77,80,57,39,27,16,12,7,3,2,1
24,4,0,1023,1288,0,71,54,36,26,18,13,8,7,3,1,78,84,60,35,24,18,11,7,4,1,1
24,4,1,1023,1362,0,71,54,36,26,18,13,8,7,3,1,78,78,54,43,29,16,11,7,6,3,2
24,4,2,1023,1334,0,71,54,36,26,18,13,8,7,3,1,84,78,55,37,26,19,13,8,4,3,1
24,4,0,999,1289,0,70,51,37,26,17,11,6,4,4,3,81,71,53,39,27,16,8,6,5,4,3
24,4,1,999,1249,0,70,51,37,26,17,11,6,4,4,3,80,81,57,37,23,15,12,5,4,4,2
24,4,2,999,1281,0,70,51,37,26,17,11,6,4,4,3,71,80,52,35,24,17,11,9,5,2,1
24,4,0,815,989,0,67,50,33,19,12,10,9,4,3,1,70,72,46,30,20,14,10,5,2,2,1
24,4,1,815,1105,0,67,50,33,19,12,10,9,4,3,1,68,70,46,30,20,15,10,7,4,1,1
24,4,2,815,1087,0,67,50,33,19,12,10,9,4,3,1,72,68,51,33,20,12,9,7,4,3,1
24,4,0,888,1107,0,65,53,38,23,16,10,6,5,3,2,73,74,46,33,23,15,11,6,4,2,1
24,4,1,888,1098,0,65,53,38,23,16,10,6,5,3,2,75,73,55,31,21,16,9,6,3,2,1
24,4,2,888,1061,0,65,53,38,23,16,10,6,5,3,2,74,75,56,40,22,12,7,5,4,2,1
24,4,0,868,1090,0,68,48,30,25,16,10,5,3,2,2,68,76,47,27,20,14,9,6,3,3,2
24,4,1,868,1093,0,68,48,30,25,16,10,5,3,2,2,68,68,47,34,25,14,7,4,3,2,1
24,4,2,868,1092,0,68,48,30,25,16,10,5,3,2,2,76,68,50,35,21,13,9,5,4,2,2
24,4,0,854,1040,0,69,54,36,24,14,7,7,5,4,2,72,75,52,33,23,12,6,6,4,2,1
24,4,1,854,1034,0,69,54,36,24,14,7,7,5,4,2,75,72,50,36,22,12,9,4,3,3,1
24,4,2,854,1034,0,69,54,36,24,14,7,7,5,4,2,75,75,51,30,18,15,10,8,4,1,0
24,4,0,845,1030,0,69,49,33,22,18,12,5,4,2,2,80,65,52,34,21,13,7,4,4,2,1
24,4,1,845,1118,0,69,49,33,22,18,12,5,4,2,2,73,80,50,33,23,14,11,6,4,2,1
24,4,2,845,1072,0,69,49,33,22,18,12,5,4,2,2,65,73,47,33,23,18,9,5,2,2,2
24,4,0,864,1075,0,64,49,38,27,15,10,5,3,3,2,72,77,52,37,24,12,7,5,4,2,1
24,4,1,864,1059,0,64,49,38,27,15,10,5,3,3,2,69,72,47,34,23,14,8,5,3,3,2
24,4,2,864,1110,0,64,49,38,27,15,10,5,3,3,2,77,69,55,34,20,14,10,5,3,2,1
24,4,0,878,1075,0,69,50,35,22,17,11,7,5,2,1,75,71,49,32,20,17,12,5,3,1,1
24,4,1,878,1112,0,69,50,35,22,17,11,7,5,2,1,75,75,54,34,23,13,8,7,5,2,1
24,4,2,878,1102,0,69,50,35,22,17,11,7,5,2,1,71,75,49,36,24,15,8,5,2,2,1
24,4,0,884,1081,0,62,53,35,25,17,12,7,3,3,2,76,68,53,32,24,17,9,5,2,2,2
24,4,1,884,1090,0,62,53,35,25,17,12,7,3,3,2,76,76,55,37,25,15,8,3,3,2,1
24,4,2,884,1085,0,62,53,35,25,17,12,7,3,3,2,68,76,50,36,21,13,11,8,4,2,0
24,4,0,921,1164,0,66,49,33,23,15,10,9,7,3,2,74,71,51,35,21,13,10,8,6,3,1
24,4,1,921,1149,0,66,49,33,23,15,10,9,7,3,2,73,74,48,34,26,14,12,8,3,1,1
24,4,2,921,1151,0,66,49,33,23,15,10,9,7,3,2,71,73,53,34,23,20,10,6,4,2,1
24,4,0,758,943,0,59,47,27,21,15,9,6,3,2,1,64,67,45,27,19,13,8,6,3,2,1
24,4,1,758,942,0,59,47,27,21,15,9,6,3,2,1,61,64,44,31,21,13,7,4,2,1,1
24,4,2,758,938,0,59,47,27,21,15,9,6,3,2,1,67,61,44,28,19,12,8,4,3,2,1
24,4,0,676,788,0,63,43,32,19,14,9,4,3,2,1,64,59,40,28,18,14,6,3,2,1,0
24,4,1,676,774,0,63,43,32,19,14,9,4,3,2,1,67,64,45,27,15,9,7,4,2,1,0
24,4,2,676,802,0,63,43,32,19,14,9,4,3,2,1,59,67,42,29,19,10,6,3,2,1,1
24,4,0,706,870,0,60,49,35,22,12,7,5,3,2,1,64,68,45,28,16,10,8,5,1,1,1
24,4,1,706,821,0,60,49,35,22,12,7,5,3,2,1,65,64,45,29,20,11,5,3,3,1,0
24,4,2,706,881,0,60,49,35,22,12,7,5,3,2,1,68,65,47,31,17,10,6,4,3,2,1
24,4,0,706,880,0,64,44,30,20,12,8,5,3,2,2,69,63,47,29,16,12,6,4,2,1,1
24,4,1,706,849,0,64,44,30,20,12,8,5,3,2,2,59,69,41,27,17,9,7,4,3,2,1
24,4,2,706,902,0,64,44,30,20,12,8,5,3,2,2,63,59,39,27,20,12,8,5,3,2,1
24,4,0,749,939,0,60,52,33,19,12,7,5,3,1,1,66,62,44,28,19,10,6,5,2,1,1
24,4,1,749,924,0,60,52,33,19,12,7,5,3,1,1,68,66,46,29,16,11,7,3,3,2,2
24,4,2,749,944,0,60,52,33,19,12,7,5,3,1,1,62,68,46,27,16,11,7,5,3,2,1
24,4,0,725,916,0,61,44,29,21,14,9,5,3,2,1,68,60,43,30,20,13,7,4,3,2,1
24,4,1,725,882,0,61,44,29,21,14,9,5,3,2,1,63,68,42,26,17,12,7,4,3,2,1
24,4,2,725,950,0,61,44,29,21,14,9,5,3,2,1,60,63,45,30,20,11,8,5,2,1,1
24,4,0,744,838,0,61,48,33,24,14,9,6,3,1,1,66,69,47,31,20,11,7,4,2,1,0
24,4,1,744,869,0,61,48,33,24,14,9,6,3,1,1,66,66,42,30,21,13,8,4,1,1,1
24,4,2,744,931,0,61,48,33,24,14,9,6,3,1,1,69,66,51,31,18,11,6,4,3,1,1
24,4,0,684,824,0,67,46,29,18,13,10,5,3,2,1,66,62,41,28,18,11,7,3,2,1,1
24,4,1,684,826,0,67,46,29,18,13,10,5,3,2,1,66,66,43,24,16,13,9,4,2,1,0
24,4,2,684,773,0,67,46,29,18,13,10,5,3,2,1,62,66,43,29,18,10,5,4,2,1,0
24,4,0,682,778,0,59,45,34,22,14,7,5,3,2,1,67,66,46,27,14,10,7,5,2,0,0
24,4,1,682,828,0,59,45,34,22,14,7,5,3,2,1,59,67,43,29,21,11,5,4,2,1,1
24,4,2,682,798,0,59,45,34,22,14,7,5,3,2,1,66,59,44,32,19,11,6,2,2,2,0
24,4,0,707,814,0,61,47,32,19,13,9,7,3,2,1,63,66,44,31,17,9,7,5,2,1,0
24,4,1,707,868,0,61,47,32,19,13,9,7,3,2,1,65,63,44,27,20,13,9,4,1,1,1
24,4,2,707,796,0,61,47,32,19,13,9,7,3,2,1,66,65,45,28,17,13,6,4,3,1,0
24,4,0,725,822,0,60,48,34,22,14,9,5,5,2,0,69,65,50,31,18,10,6,4,2,1,0
24,4,1,725,842,0,60,48,34,22,14,9,5,5,2,0,65,69,46,31,19,12,7,4,2,0,0
24,4,2,725,871,0,60,48,34,22,14,9,5,5,2,0,65,65,43,29,20,13,8,4,3,1,0
24,4,0,696,849,0,65,45,29,22,14,8,3,2,2,2,63,64,42,29,20,12,6,4,3,1,0
24,4,1,696,838,0,65,45,29,22,14,8,3,2,2,2,66,63,43,28,15,9,6,4,2,2,2
24,4,2,696,861,0,65,45,29,22,14,8,3,2,2,2,64,66,43,26,19,11,6,2,2,2,1
24,4,0,748,952,0,64,48,34,21,12,7,6,5,4,1,68,65,46,31,18,13,9,6,4,2,0
24,4,1,748,870,0,64,48,34,21,12,7,6,5,4,1,69,68,48,30,17,10,7,6,3,1,0
24,4,2,748,925,0,64,48,34,21,12,7,6,5,4,1,65,69,44,29,21,12,7,4,3,2,1
24,4,0,745,959,0,63,46,29,22,17,10,6,4,1,1,66,67,46,31,23,14,7,4,2,1,1
24,4,1,745,871,0,63,46,29,22,17,10,6,4,1,1,67,66,44,31,21,14,7,3,2,1,0
24,4,2,745,933,0,63,46,29,22,17,10,6,4,1,1,67,67,47,29,18,12,9,6,3,1,1
24,4,0,753,920,0,59,47,32,21,14,11,6,2,1,1,65,64,45,31,18,11,7,4,2,1,1
24,4,1,753,943,0,59,47,32,21,14,11,6,2,1,1,67,65,45,27,20,12,9,5,2,1,1
24,4,2,753,923,0,59,47,32,21,14,11,6,2,1,1,64,67,47,32,20,14,7,3,2,2,1
24,4,0,651,822,0,64,46,30,18,13,8,6,4,2,0,64,65,45,25,18,11,6,4,3,1,0
24,4,1,651,814,0,64,46,30,18,13,8,6,4,2,0,62,64,42,28,17,12,7,4,2,1,0
24,4,2,651,735,0,64,46,30,18,13,8,6,4,2,0,65,62,40,28,16,10,7,4,1,0,0
24,4,0,732,879,0,57,48,32,22,14,9,4,2,2,2,61,66,46,29,18,11,6,4,3,2,1
24,4,1,732,871,0,57,48,32,22,14,9,4,2,2,2,66,61,46,30,20,11,7,4,2,2,1
24,4,2,732,869,0,57,48,32,22,14,9,4,2,2,2,66,66,44,29,18,12,7,3,2,1,1
24,4,0,667,796,0,64,45,31,19,10,7,6,4,2,1,66,59,41,28,16,11,7,3,2,1,1
24,4,1,667,817,0,64,45,31,19,10,7,6,4,2,1,64,66,45,26,14,10,7,5,3,1,0
24,4,2,667,769,0,64,45,31,19,10,7,6,4,2,1,59,64,39,26,19,9,6,5,2,1,0
24,4,0,610,738,0,62,43,30,20,11,7,4,3,2,0,62,57,38,28,17,10,5,3,2,1,0
24,4,1,610,686,0,62,43,30,20,11,7,4,3,2,0,63,62,43,24,13,8,6,3,1,1,0
24,4,2,610,709,0,62,43,30,20,11,7,4,3,2,0,57,63,39,25,17,9,5,3,2,0,0
24,4,0,622,716,0,60,49,31,17,11,8,5,2,1,1,59,63,42,22,13,10,7,4,1,1,0
24,4,1,622,693,0,60,49,31,17,11,8,5,2,1,1,63,59,43,27,16,9,4,3,2,0,0
24,4,2,622,727,0,60,49,31,17,11,8,5,2,1,1,63,63,40,27,16,9,6,2,1,1,1
24,4,0,617,715,0,57,44,29,20,14,7,5,3,1,0,58,58,40,30,19,12,5,2,1,0,0
24,4,1,617,716,0,57,44,29,20,14,7,5,3,1,0,64,58,39,26,15,9,5,3,2,1,0
24,4,2,617,711,0,57,44,29,20,14,7,5,3,1,0,58,64,44,23,16,9,6,4,1,0,0
24,4,0,562,622,0,58,44,29,16,11,8,4,2,1,0,56,57,37,25,14,7,6,3,1,0,0
24,4,1,562,659,0,58,44,29,16,11,8,4,2,1,0,60,56,37,22,14,11,6,3,1,0,0
24,4,2,562,610,0,58,44,29,16,11,8,4,2,1,0,57,60,41,24,14,8,3,1,1,1,0
24,4,0,571,654,0,61,44,28,18,12,6,3,2,1,1,63,61,38,23,13,11,6,2,1,0,0
24,4,1,571,658,0,61,44,28,18,12,6,3,2,1,1,52,63,39,21,13,8,3,3,2,1,1
24,4,2,571,621,0,61,44,28,18,12,6,3,2,1,1,61,52,38,27,17,6,4,2,1,1,0
24,4,0,551,613,0,57,42,26,19,11,7,5,2,1,0,52,57,34,20,14,10,7,3,0,0,0
24,4,1,551,653,0,57,42,26,19,11,7,5,2,1,0,61,52,40,25,16,9,4,3,2,0,0
24,4,2,551,639,0,57,42,26,19,11,7,5,2,1,0,57,61,39,26,15,7,4,2,1,1,0
24,4,0,647,769,0,63,44,31,18,10,7,5,4,2,1,62,60,43,26,14,10,7,5,3,0,0
24,4,1,647,797,0,63,44,31,18,10,7,5,4,2,1,63,62,42,26,16,9,5,4,2,2,1
24,4,2,647,760,0,63,44,31,18,10,7,5,4,2,1,60,63,37,26,17,10,7,3,2,1,0
24,4,0,656,806,0,59,45,31,21,13,7,4,3,1,1,63,64,45,28,17,10,5,3,1,1,1
24,4,1,656,762,0,59,45,31,21,13,7,4,3,1,1,59,63,40,29,17,9,5,3,3,1,0
24,4,2,656,788,0,59,45,31,21,13,7,4,3,1,1,64,59,42,25,17,11,7,4,2,1,1
24,4,0,629,726,0,58,44,28,19,12,8,5,2,2,1,61,56,39,26,18,11,6,3,2,0,0
24,4,1,629,784,0,58,44,28,19,12,8,5,2,2,1,62,61,43,26,14,10,6,3,2,2,1
24,4,2,629,724,0,58,44,28,19,12,8,5,2,2,1,56,62,39,25,17,9,6,4,1,1,0
24,5,0,1175,1485,76,75,55,37,23,16,9,5,3,2,1,0,101,75,53,33,19,12,8,5,3,2
24,5,1,1175,1529,76,75,55,37,23,16,9,5,3,2,1,0,104,77,49,31,20,14,8,3,3,2
24,5,2,1175,1531,76,75,55,37,23,16,9,5,3,2,1,0,99,76,51,34,22,12,6,5,2,1
24,5,0,1111,1527,75,76,50,33,23,15,11,7,4,1,1,0,97,76,50,33,22,13,9,5,2,1
24,5,1,1111,1485,75,76,50,33,23,15,11,7,4,1,1,0,100,74,51,31,20,13,8,5,3,1
24,5,2,1111,1382,75,76,50,33,23,15,11,7,4,1,1,0,100,72,45,32,21,14,8,4,2,1
24,5,0,1162,1448,75,75,53,37,25,16,11,7,3,2,1,0,105,77,53,33,20,12,8,5,2,1
24,5,1,1162,1450,75,75,53,37,25,16,11,7,3,2,1,0,100,74,52,35,23,14,8,4,2,1
24,5,2,1162,1487,75,75,53,37,25,16,11,7,3,2,1,0,100,79,50,34,22,14,8,4,2,1
24,5,0,1142,1427,77,77,54,35,21,15,12,7,5,2,0,0,100,79,52,32,19,12,9,4,2,1
24,5,1,1142,1439,77,77,54,35,21,15,12,7,5,2,0,0,101,75,50,34,20,14,7,4,3,1
24,5,2,1142,1487,77,77,54,35,21,15,12,7,5,2,0,0,104,74,49,31,23,15,10,6,2,0
24,5,0,1097,1442,74,77,49,34,23,15,8,7,3,2,2,0,101,69,48,29,21,15,8,6,2,1
24,5,1,1097,1447,74,77,49,34,23,15,8,7,3,2,2,0,102,74,43,31,22,11,8,4,3,2
24,5,2,1097,1353,74,77,49,34,23,15,8,7,3,2,2,0,91,77,52,34,17,11,6,4,2,1
24,5,0,1128,1519,77,74,53,34,24,16,9,4,4,3,1,0,94,77,51,33,21,14,7,4,3,1
24,5,1,1128,1463,77,74,53,34,24,16,9,4,4,3,1,0,99,78,53,32,20,12,8,5,2,1
24,5,2,1128,1435,77,74,53,34,24,16,9,4,4,3,1,0,107,68,45,31,21,12,7,4,4,3
24,5,0,1090,1351,78,73,52,34,25,17,9,4,3,2,1,0,99,71,45,31,23,14,6,2,2,2
24,5,1,1090,1339,78,73,52,34,25,17,9,4,3,2,1,0,101,76,50,32,21,11,5,3,2,1
24,5,2,1090,1351,78,73,52,34,25,17,9,4,3,2,1,0,98,73,52,32,17,11,8,5,2,0
24,5,0,1127,1392,72,78,56,36,23,15,10,6,3,2,1,0,93,76,53,37,21,13,6,2,1,1
24,5,1,1127,1412,72,78,56,36,23,15,10,6,3,2,1,0,102,79,50,28,22,12,7,5,2,1
24,5,2,1127,1424,72,78,56,36,23,15,10,6,3,2,1,0,107,75,49,31,17,12,9,5,3,1
24,5,0,1136,1425,73,72,51,37,24,15,10,7,3,1,1,0,100,69,48,35,25,15,6,3,1,1
24,5,1,1136,1426,73,72,51,37,24,15,10,7,3,1,1,0,97,77,51,31,20,11,9,7,2,1
24,5,2,1136,1451,73,72,51,37,24,15,10,7,3,1,1,0,98,76,51,33,17,12,8,3,3,1
24,5,0,1364,1837,74,78,51,38,23,16,12,8,6,4,2,0,103,80,52,37,25,16,13,7,4,4
24,5,1,1364,1885,74,78,51,38,23,16,12,8,6,4,2,0,109,84,53,36,23,16,10,7,6,3
24,5,2,1364,1856,74,78,51,38,23,16,12,8,6,4,2,0,102,76,57,38,25,18,11,8,4,1
24,5,0,1378,1844,77,74,50,34,26,18,14,9,5,2,1,0,103,80,59,38,25,15,11,8,3,2
24,5,1,1378,1887,77,74,50,34,26,18,14,9,5,2,1,0,104,79,53,37,26,19,11,6,5,3
24,5,0,1321,1733,78,77,57,39,27,20,12,8,4,2,2,0,110,85,56,37,25,18,11,6,2,1
24,5,1,1321,1776,78,77,57,39,27,20,12,8,4,2,2,0,109,81,59,42,27,15,10,5,3,2
24,5,2,1321,1708,78,77,57,39,27,20,12,8,4,2,2,0,108,83,57,36,24,16,8,6,4,2
24,5,0,1388,1873,79,80,56,37,27,19,11,6,5,5,3,0,106,83,59,40,27,18,10,5,4,3
24,5,1,1388,1863,79,80,56,37,27,19,11,6,5,5,3,0,112,84,57,36,25,15,10,7,4,4
24,5,2,1388,1816,79,80,56,37,27,19,11,6,5,5,3,0,111,83,54,38,25,17,11,8,6,2
24,5,0,1368,1812,71,79,55,39,25,16,14,10,6,3,1,0,109,82,55,38,25,17,10,6,3,2
24,5,1,1368,1938,71,79,55,39,25,16,14,10,6,3,1,0,103,86,59,39,26,18,13,9,4,3
24,5,2,1368,1882,71,79,55,39,25,16,14,10,6,3,1,0,109,82,57,39,26,17,13,7,5,1
24,5,0,1421,1867,80,71,55,38,29,19,11,9,6,4,3,0,112,83,59,37,27,18,11,6,4,3
24,5,1,1421,1919,80,71,55,38,29,19,11,9,6,4,3,0,107,81,56,42,25,17,12,9,4,2
24,5,2,1421,1990,80,71,55,38,29,19,11,9,6,4,3,0,107,82,60,41,30,18,11,8,6,3
24,5,0,1285,1676,83,77,56,41,24,18,11,7,4,2,2,0,107,80,58,40,23,14,8,6,3,1
24,5,1,1285,1646,83,77,56,41,24,18,11,7,4,2,2,0,107,80,54,35,22,16,10,6,3,2
24,5,2,1285,1658,83,77,56,41,24,18,11,7,4,2,2,0,112,83,54,35,24,15,9,4,3,2
24,5,0,1225,1625,80,83,59,35,23,14,9,8,6,4,1,0,111,76,56,35,22,13,10,6,4,2
24,5,1,1225,1580,80,83,59,35,23,14,9,8,6,4,1,0,102,78,52,34,22,14,9,6,3,1
24,5,2,1225,1639,80,83,59,35,23,14,9,8,6,4,1,0,109,88,51,31,21,15,9,7,4,2
24,5,0,1220,1543,77,80,57,39,27,16,12,7,3,2,1,0,110,81,53,36,22,14,9,4,2,1
24,5,1,1220,1537,77,80,57,39,27,16,12,7,3,2,1,0,106,79,58,37,24,12,7,5,2,1
24,5,2,1220,1533,77,80,57,39,27,16,12,7,3,2,1,0,105,84,53,34,22,15,9,4,2,1
24,5,0,1288,1739,78,84,60,35,24,18,11,7,4,1,1,0,109,80,52,34,25,15,9,6,3,2
24,5,1,1288,1669,78,84,60,35,24,18,11,7,4,1,1,0,111,86,55,33,21,13,9,5,3,2
24,5,0,1362,1794,78,78,54,43,29,16,11,7,6,3,2,0,109,84,60,38,25,16,11,6,3,1
24,5,1,1362,1786,78,78,54,43,29,16,11,7,6,3,2,0,110,86,57,37,23,15,10,7,4,3
24,5,2,1362,1794,78,78,54,43,29,16,11,7,6,3,2,0,109,80,55,43,27,15,9,6,5,2
24,5,0,1334,1759,84,78,55,37,26,19,13,8,4,3,1,0,109,84,57,36,23,16,10,7,4,2
24,5,1,1334,1878,84,78,55,37,26,19,13,8,4,3,1,0,114,82,55,38,25,18,12,6,3,2
24,5,2,1334,1721,84,78,55,37,26,19,13,8,4,3,1,0,107,80,56,39,28,16,9,5,3,2
24,5,0,1289,1696,81,71,53,39,27,16,8,6,5,4,3,0,99,79,53,38,23,12,9,7,5,3
24,5,1,1289,1710,81,71,53,39,27,16,8,6,5,4,3,0,104,78,55,37,24,15,8,6,5,3
24,5,2,1289,1745,81,71,53,39,27,16,8,6,5,4,3,0,111,76,54,34,23,16,10,6,3,2
24,5,0,1249,1595,80,81,57,37,23,15,12,5,4,4,2,0,110,78,51,36,21,14,10,5,4,2
24,5,1,1249,1715,80,81,57,37,23,15,12,5,4,4,2,0,102,79,55,36,25,15,8,4,3,3
24,5,2,1249,1647,80,81,57,37,23,15,12,5,4,4,2,0,109,84,54,31,20,14,10,7,4,2
24,5,0,1281,1716,71,80,52,35,24,17,11,9,5,2,1,0,103,79,49,33,24,16,11,7,2,1
24,5,1,1281,1678,71,80,52,35,24,17,11,9,5,2,1,0,102,80,53,39,23,14,9,6,4,3
24,5,2,1281,1697,71,80,52,35,24,17,11,9,5,2,1,0,104,79,56,34,24,17,10,6,4,1
24,5,0,989,1263,70,72,46,30,20,14,10,5,2,2,1,0,88,71,39,27,18,12,8,3,1,1
24,5,1,989,1251,70,72,46,30,20,14,10,5,2,2,1,0,92,68,47,30,18,9,6,4,2,1
24,5,2,989,1242,70,72,46,30,20,14,10,5,2,2,1,0,92,63,44,27,18,13,6,3,2,1
24,5,0,1105,1473,68,70,46,30,20,15,10,7,4,1,1,0,93,70,45,29,18,14,8,6,4,2
24,5,1,1105,1448,68,70,46,30,20,15,10,7,4,1,1,0,92,67,45,30,21,14,10,4,2,1
24,5,2,1105,1466,68,70,46,30,20,15,10,7,4,1,1,0,89,69,46,31,21,12,7,5,2,1
24,5,0,1087,1488,72,68,51,33,20,12,9,7,4,3,1,0,96,67,50,29,20,12,9,5,2,2
24,5,1,1087,1426,72,68,51,33,20,12,9,7,4,3,1,0,91,70,43,29,17,12,8,6,4,2
24,5,2,1087,1418,72,68,51,33,20,12,9,7,4,3,1,0,94,72,48,32,20,13,8,5,3,1
24,5,0,1107,1402,73,74,46,33,23,15,11,6,4,2,1,0,94,70,50,33,22,13,7,4,2,1
24,5,1,1107,1418,73,74,46,33,23,15,11,6,4,2,1,0,99,72,45,29,20,14,10,5,2,1
24,5,2,1107,1412,73,74,46,33,23,15,11,6,4,2,1,0,95,73,46,33,20,12,7,4,3,1
24,5,0,1098,1397,75,73,55,31,21,16,9,6,3,2,1,0,100,76,46,30,19,10,8,5,3,2
24,5,1,1098,1455,75,73,55,31,21,16,9,6,3,2,1,0,95,73,55,33,18,11,6,4,3,1
24,5,2,1098,1410,75,73,55,31,21,16,9,6,3,2,1,0,98,69,44,27,22,17,8,4,1,1
24,5,0,1061,1324,74,75,56,40,22,12,7,5,4,2,1,0,100,77,49,27,14,12,7,5,3,0
24,5,1,1061,1341,74,75,56,40,22,12,7,5,4,2,1,0,100,73,46,33,20,11,7,2,2,2
24,5,2,1061,1366,74,75,56,40,22,12,7,5,4,2,1,0,98,74,54,33,19,8,5,5,2,1
24,5,0,1090,1557,68,76,47,27,20,14,9,6,3,3,2,0,93,71,46,27,19,14,9,5,3,2
24,5,1,1090,1427,68,76,47,27,20,14,9,6,3,3,2,0,96,70,41,28,20,13,8,5,3,2
24,5,2,1090,1523,68,76,47,27,20,14,9,6,3,3,2,0,88,68,46,31,20,12,8,6,4,3
24,5,1,1093,1517,68,68,47,34,25,14,7,4,3,2,1,0,94,71,45,30,20,12,8,5,3,2
24,5,2,1093,1437,68,68,47,34,25,14,7,4,3,2,1,0,97,67,46,31,18,10,7,4,3,2
24,5,0,1092,1402,76,68,50,35,21,13,9,5,4,2,2,0,96,69,46,34,19,11,6,4,3,2
24,5,1,1092,1494,76,68,50,35,21,13,9,5,4,2,2,0,91,69,51,31,20,13,8,5,3,1
24,5,2,1092,1429,76,68,50,35,21,13,9,5,4,2,2,0,99,72,45,27,18,12,9,5,3,2
24,5,0,1040,1333,72,75,52,33,23,12,6,6,4,2,1,0,92,69,46,30,19,11,5,4,3,1
24,5,1,1040,1293,72,75,52,33,23,12,6,6,4,2,1,0,96,73,45,26,19,12,7,5,2,0
24,5,2,1040,1298,72,75,52,33,23,12,6,6,4,2,1,0,98,72,48,31,16,8,7,4,2,2
24,5,0,1034,1284,75,72,50,36,22,12,9,4,3,3,1,0,96,67,46,32,18,10,5,3,3,2
24,5,1,1034,1323,75,72,50,36,22,12,9,4,3,3,1,0,92,74,47,30,18,11,7,4,2,1
24,5,2,1034,1323,75,72,50,36,22,12,9,4,3,3,1,0,99,71,47,28,18,11,8,4,2,1
24,5,0,1034,1314,75,75,51,30,18,15,10,8,4,1,0,0,96,72,46,32,19,13,8,3,1,0
24,5,1,1034,1284,75,75,51,30,18,15,10,8,4,1,0,0,98,69,47,27,21,12,6,5,2,1
24,5,2,1034,1283,75,75,51,30,18,15,10,8,4,1,0,0,93,71,44,27,16,13,9,5,2,0
24,5,0,1030,1290,80,65,52,34,21,13,7,4,4,2,1,0,93,65,45,28,19,11,5,5,3,1
24,5,1,1030,1323,80,65,52,34,21,13,7,4,4,2,1,0,101,70,44,27,17,12,9,4,3,1
24,5,2,1030,1319,80,65,52,34,21,13,7,4,4,2,1,0,90,69,50,32,17,9,5,3,2,2
24,5,0,1118,1410,73,80,50,33,23,14,11,6,4,2,1,0,96,78,46,30,24,12,9,5,2,0
24,5,1,1118,1364,73,80,50,33,23,14,11,6,4,2,1,0,101,80,54,30,15,10,8,5,3,1
24,5,2,1118,1458,73,80,50,33,23,14,11,6,4,2,1,0,100,66,44,34,22,16,7,3,2,2
24,5,0,1072,1350,65,73,47,33,23,18,9,5,2,2,2,0,90,75,50,31,18,10,6,5,3,1
24,5,1,1072,1496,65,73,47,33,23,18,9,5,2,2,2,0,99,70,45,30,22,16,7,4,2,2
24,5,2,1072,1471,65,73,47,33,23,18,9,5,2,2,2,0,91,70,47,34,22,13,8,3,2,2
24,5,0,1075,1394,72,77,52,37,24,12,7,5,4,2,1,0,95,77,53,33,15,8,7,5,3,2
24,5,1,1075,1351,72,77,52,37,24,12,7,5,4,2,1,0,101,70,46,31,20,11,5,4,4,1
24,5,2,1075,1415,72,77,52,37,24,12,7,5,4,2,1,0,98,75,46,29,21,13,8,4,1,1
24,5,0,1059,1393,69,72,47,34,23,14,8,5,3,3,2,0,97,66,45,30,19,15,9,5,3,1
24,5,1,1059,1385,69,72,47,34,23,14,8,5,3,3,2,0,88,72,46,32,23,11,7,3,2,2
24,5,2,1059,1342,69,72,47,34,23,14,8,5,3,3,2,0,95,73,48,30,16,9,5,5,3,2
24,5,0,1110,1441,77,69,55,34,20,14,10,5,3,2,1,0,96,73,49,29,17,11,8,5,2,1
24,5,1,1110,1461,77,69,55,34,20,14,10,5,3,2,1,0,95,70,49,34,18,13,7,5,3,2
24,5,2,1110,1459,77,69,55,34,20,14,10,5,3,2,1,0,101,72,48,28,22,13,8,3,3,2
24,5,0,1075,1429,75,71,49,32,20,17,12,5,3,1,1,0,99,69,48,29,16,13,10,5,3,1
24,5,1,1075,1353,75,71,49,32,20,17,12,5,3,1,1,0,91,69,46,35,22,14,6,2,2,1
24,5,2,1075,1414,75,71,49,32,20,17,12,5,3,1,1,0,97,74,47,28,22,13,7,4,1,1
24,5,0,1112,1390,75,75,54,34,23,13,8,7,5,2,1,0,101,71,48,30,19,13,8,5,3,1
24,5,1,1112,1435,75,75,54,34,23,13,8,7,5,2,1,0,95,75,46,33,22,14,8,4,2,1
24,5,2,1112,1411,75,75,54,34,23,13,8,7,5,2,1,0,101,76,53,30,18,9,7,6,3,1
24,5,0,1102,1456,71,75,49,36,24,15,8,5,2,2,1,0,95,73,47,33,23,11,5,3,2,1
24,5,1,1102,1406,71,75,49,36,24,15,8,5,2,2,1,0,99,73,48,31,19,11,6,5,2,2
24,5,2,1102,1482,71,75,49,36,24,15,8,5,2,2,1,0,96,73,49,31,17,13,9,4,3,2
24,5,0,1081,1402,76,68,53,32,24,17,9,5,2,2,2,0,99,70,46,32,23,13,7,2,2,2
24,5,1,1081,1348,76,68,53,32,24,17,9,5,2,2,2,0,93,74,53,33,19,9,5,4,2,1
24,5,2,1081,1388,76,68,53,32,24,17,9,5,2,2,2,0,98,70,47,28,19,15,8,5,2,1
24,5,0,1090,1431,76,76,55,37,25,15,8,3,3,2,1,0,97,77,52,32,19,12,7,4,2,1
24,5,1,1090,1348,76,76,55,37,25,15,8,3,3,2,1,0,106,73,48,30,20,10,6,3,3,2
24,5,2,1090,1389,76,76,55,37,25,15,8,3,3,2,1,0,99,76,50,33,19,11,5,3,2,1
24,5,0,1085,1425,68,76,50,36,21,13,11,8,4,2,0,0,97,72,44,30,23,15,10,6,1,0
24,5,1,1085,1402,68,76,50,36,21,13,11,8,4,2,0,0,96,79,51,31,17,10,10,5,2,1
24,5,2,1085,1361,68,76,50,36,21,13,11,8,4,2,0,0,96,70,50,34,19,13,5,3,3,1
24,5,0,1164,1505,74,71,51,35,21,13,10,8,6,3,1,0,96,70,49,34,24,13,8,5,3,2
24,5,1,1164,1538,74,71,51,35,21,13,10,8,6,3,1,0,97,78,50,29,19,13,10,8,4,1
24,5,2,1164,1515,74,71,51,35,21,13,10,8,6,3,1,0,100,71,49,34,19,15,10,5,3,1
24,5,0,1149,1457,73,74,48,34,26,14,12,8,3,1,1,0,100,75,49,32,21,12,9,5,3,1
24,5,1,1149,1477,73,74,48,34,26,14,12,8,3,1,1,0,98,76,50,35,20,13,8,4,2,1
24,5,2,1149,1490,73,74,48,34,26,14,12,8,3,1,1,0,97,71,49,33,25,15,9,5,1,1
24,5,0,1151,1487,71,73,53,34,23,20,10,6,4,2,1,0,101,80,51,30,21,15,10,6,2,0
24,5,1,1151,1466,71,73,53,34,23,20,10,6,4,2,1,0,102,74,51,35,21,13,8,3,3,2
24,5,2,1151,1459,71,73,53,34,23,20,10,6,4,2,1,0,94,72,51,35,24,15,5,4,2,1
24,5,0,943,1260,64,67,45,27,19,13,8,6,3,2,1,0,84,70,39,25,18,13,8,3,1,1
24,5,1,943,1205,64,67,45,27,19,13,8,6,3,2,1,0,87,62,45,29,17,9,6,4,2,1
24,5,2,943,1215,64,67,45,27,19,13,8,6,3,2,1,0,84,59,40,25,17,11,6,5,3,1
24,5,0,942,1217,61,64,44,31,21,13,7,4,2,1,1,0,84,66,41,27,17,11,4,4,2,2
24,5,1,942,1284,61,64,44,31,21,13,7,4,2,1,1,0,89,61,41,26,17,11,8,4,3,1
24,5,2,942,1217,61,64,44,31,21,13,7,4,2,1,1,0,78,63,44,29,17,8,5,2,1,1
24,5,0,938,1250,67,61,44,28,19,12,8,4,3,2,1,0,82,61,43,27,19,11,5,3,2,1
24,5,1,938,1211,67,61,44,28,19,12,8,4,3,2,1,0,81,62,40,24,15,10,8,5,2,1
24,5,2,938,1201,67,61,44,28,19,12,8,4,3,2,1,0,87,60,39,27,16,10,6,3,3,2
24,5,0,788,1005,64,59,40,28,18,14,6,3,2,1,0,0,78,56,39,25,17,8,4,1,1,1
24,5,1,788,948,64,59,40,28,18,14,6,3,2,1,0,0,80,57,37,22,14,9,3,2,1,0
24,5,2,788,982,64,59,40,28,18,14,6,3,2,1,0,0,77,58,36,25,13,9,5,3,1,0
24,5,0,774,955,67,64,45,27,15,9,7,4,2,1,0,0,79,59,36,23,12,7,4,3,1,1
24,5,1,774,977,67,64,45,27,15,9,7,4,2,1,0,0,79,59,39,22,13,8,4,2,2,0
24,5,2,774,909,67,64,45,27,15,9,7,4,2,1,0,0,83,56,35,20,13,8,6,2,0,0
24,5,0,802,1005,59,67,42,29,19,10,6,3,2,1,1,0,83,61,38,23,15,9,5,2,1,0
24,5,1,802,955,59,67,42,29,19,10,6,3,2,1,1,0,80,57,38,23,14,7,4,2,1,1
24,5,2,802,1017,59,67,42,29,19,10,6,3,2,1,1,0,76,62,37,25,13,7,4,3,2,1
24,5,0,870,1126,64,68,45,28,16,10,8,5,1,1,1,0,85,61,40,25,15,10,5,1,1,1
24,5,1,870,1111,64,68,45,28,16,10,8,5,1,1,1,0,80,61,38,23,16,9,5,4,1,1
24,5,2,870,1094,64,68,45,28,16,10,8,5,1,1,1,0,83,62,38,23,12,8,7,4,2,1
24,5,0,821,1035,65,64,45,29,20,11,5,3,3,1,0,0,81,62,38,25,14,8,4,2,2,1
24,5,1,821,972,65,64,45,29,20,11,5,3,3,1,0,0,84,59,39,26,16,6,3,2,1,0
24,5,2,821,992,65,64,45,29,20,11,5,3,3,1,0,0,81,60,40,21,13,9,5,3,1,0
24,5,0,881,1110,68,65,47,31,17,10,6,4,3,2,1,0,83,63,38,25,16,10,6,2,1,1
24,5,1,881,1130,68,65,47,31,17,10,6,4,3,2,1,0,85,63,42,25,15,8,5,4,2,1
24,5,2,881,1099,68,65,47,31,17,10,6,4,3,2,1,0,86,60,41,24,12,8,5,4,3,1
24,5,0,880,1130,69,63,47,29,16,12,6,4,2,1,1,0,83,60,41,26,14,7,4,3,2,1
24,5,1,880,1105,69,63,47,29,16,12,6,4,2,1,1,0,82,60,40,24,15,10,5,3,1,1
24,5,2,880,1091,69,63,47,29,16,12,6,4,2,1,1,0,86,62,38,22,14,10,6,3,2,1
24,5,0,849,1080,59,69,41,27,17,9,7,4,3,2,1,0,80,59,36,24,14,8,7,2,2,2
24,5,1,849,1046,59,69,41,27,17,9,7,4,3,2,1,0,77,59,38,24,16,8,3,3,2,1
24,5,2,849,1090,59,69,41,27,17,9,7,4,3,2,1,0,82,62,37,22,13,10,7,5,2,0
24,5,0,902,1171,63,59,39,27,20,12,8,5,3,2,1,0,81,56,36,25,14,12,7,4,2,1
24,5,1,902,1174,63,59,39,27,20,12,8,5,3,2,1,0,77,61,38,29,19,10,6,3,2,1
24,5,2,902,1135,63,59,39,27,20,12,8,5,3,2,1,0,81,59,43,24,18,9,6,4,2,1
24,5,0,939,1307,66,62,44,28,19,10,6,5,2,1,1,0,84,65,44,23,13,9,7,6,2,2
24,5,1,939,1228,66,62,44,28,19,10,6,5,2,1,1,0,81,56,38,25,15,10,7,3,3,2
24,5,0,924,1190,68,66,46,29,16,11,7,3,3,2,2,0,89,59,41,21,15,10,6,4,2,1
24,5,1,924,1234,68,66,46,29,16,11,7,3,3,2,2,0,83,60,35,27,14,11,8,4,3,2
24,5,2,924,1195,68,66,46,29,16,11,7,3,3,2,2,0,82,67,44,26,16,8,4,3,3,2
24,5,0,944,1301,62,68,46,27,16,11,7,5,3,2,1,0,82,64,41,27,15,8,6,5,4,2
24,5,1,944,1301,62,68,46,27,16,11,7,5,3,2,1,0,80,61,42,26,16,11,7,4,2,1
24,5,2,944,1212,62,68,46,27,16,11,7,5,3,2,1,0,88,63,37,21,16,12,7,4,2,2
24,5,0,916,1265,68,60,43,30,20,13,7,4,3,2,1,0,85,64,44,28,18,8,5,4,3,2
24,5,1,916,1156,68,60,43,30,20,13,7,4,3,2,1,0,84,57,41,25,16,12,5,3,3,1
24,5,2,916,1272,68,60,43,30,20,13,7,4,3,2,1,0,83,63,39,28,17,11,8,4,1,1
24,5,0,882,1114,63,68,42,26,17,12,7,4,3,2,1,0,79,58,37,25,17,12,5,3,2,1
24,5,1,882,1128,63,68,42,26,17,12,7,4,3,2,1,0,86,61,36,23,16,9,6,3,2,1
24,5,2,882,1097,63,68,42,26,17,12,7,4,3,2,1,0,80,63,41,24,13,8,6,4,2,1
24,5,0,950,1314,60,63,45,30,20,11,8,5,2,1,1,0,80,60,43,30,18,10,7,4,1,1
24,5,1,950,1235,60,63,45,30,20,11,8,5,2,1,1,0,79,66,44,24,16,9,6,4,3,2
24,5,2,950,1189,60,63,45,30,20,11,8,5,2,1,1,0,89,62,38,26,16,11,6,3,2,1
24,5,0,838,1003,66,69,47,31,20,11,7,4,2,1,0,0,87,65,39,21,14,8,5,2,1,0
24,5,1,838,1079,66,69,47,31,20,11,7,4,2,1,0,0,88,62,40,28,15,9,4,3,1,1
24,5,2,838,1072,66,69,47,31,20,11,7,4,2,1,0,0,83,65,44,27,16,8,5,2,1,0
24,5,0,869,1107,66,66,42,30,21,13,8,4,1,1,1,0,85,65,37,24,15,9,6,4,1,1
24,5,1,869,1136,66,66,42,30,21,13,8,4,1,1,1,0,83,64,43,30,15,9,6,1,1,1
24,5,2,869,1058,66,66,42,30,21,13,8,4,1,1,1,0,85,58,41,25,19,10,3,2,1,0
24,5,0,931,1164,69,66,51,31,18,11,6,4,3,1,1,0,85,65,46,25,15,8,5,3,1,1
24,5,1,931,1167,69,66,51,31,18,11,6,4,3,1,1,0,91,61,38,23,16,11,5,4,3,1
24,5,2,931,1144,69,66,51,31,18,11,6,4,3,1,1,0,86,67,43,28,14,8,6,3,2,1
24,5,0,824,991,66,62,41,28,18,11,7,3,2,1,1,0,79,56,37,25,17,8,4,2,1,1
24,5,1,824,1043,66,62,41,28,18,11,7,3,2,1,1,0,84,57,38,23,13,7,4,3,2,1
24,5,2,824,1002,66,62,41,28,18,11,7,3,2,1,1,0,77,61,37,23,13,10,6,2,1,0
24,5,0,826,1048,66,66,43,24,16,13,9,4,2,1,0,0,83,60,39,26,14,8,6,3,1,0
24,5,1,826,1021,66,66,43,24,16,13,9,4,2,1,0,0,77,59,42,22,16,10,4,1,1,1
24,5,2,826,1021,66,66,43,24,16,13,9,4,2,1,0,0,84,59,31,21,15,11,6,3,1,0
24,5,0,773,908,62,66,43,29,18,10,5,4,2,1,0,0,80,59,35,18,13,10,5,2,0,0
24,5,1,773,957,62,66,43,29,18,10,5,4,2,1,0,0,83,59,35,25,13,6,4,3,1,1
24,5,2,773,990,62,66,43,29,18,10,5,4,2,1,0,0,77,60,42,26,14,6,3,2,2,0
24,5,0,778,910,67,66,46,27,14,10,7,5,2,0,0,0,81,58,36,20,13,6,4,4,1,0
24,5,1,778,955,67,66,46,27,14,10,7,5,2,0,0,0,83,66,38,21,10,8,5,2,1,0
24,5,2,778,937,67,66,46,27,14,10,7,5,2,0,0,0,80,53,37,24,15,10,5,1,0,0
24,5,0,828,1045,59,67,43,29,21,11,5,4,2,1,1,0,79,67,45,27,12,7,5,2,1,1
24,5,1,828,1079,59,67,43,29,21,11,5,4,2,1,1,0,82,58,39,23,18,10,3,2,1,1
24,5,2,828,1026,59,67,43,29,21,11,5,4,2,1,1,0,82,59,33,24,15,7,5,4,2,0
24,5,0,798,951,66,59,44,32,19,11,6,2,2,2,0,0,89,61,36,20,11,8,4,2,1,1
24,5,1,798,1059,66,59,44,32,19,11,6,2,2,2,0,0,78,56,41,32,15,8,3,2,2,1
24,5,2,798,976,66,59,44,32,19,11,6,2,2,2,0,0,76,60,41,22,16,7,5,2,1,0
24,5,0,814,979,63,66,44,31,17,9,7,5,2,1,0,0,78,58,39,23,13,7,5,4,1,0
24,5,1,814,1053,63,66,44,31,17,9,7,5,2,1,0,0,83,66,37,23,13,9,6,2,1,1
24,5,2,814,988,63,66,44,31,17,9,7,5,2,1,0,0,84,58,40,26,15,8,4,2,1,0
24,5,0,868,1084,65,63,44,27,20,13,9,4,1,1,1,0,79,62,42,28,15,9,5,2,1,1
24,5,1,868,1128,65,63,44,27,20,13,9,4,1,1,1,0,79,61,42,24,18,11,5,2,1,1
24,5,2,868,1044,65,63,44,27,20,13,9,4,1,1,1,0,90,60,36,24,16,9,6,3,1,0
24,5,0,796,933,66,65,45,28,17,13,6,4,3,1,0,0,90,59,35,22,12,7,5,2,1,0
24,5,1,796,1066,66,65,45,28,17,13,6,4,3,1,0,0,78,59,40,30,16,10,3,2,1,1
24,5,2,796,1102,66,65,45,28,17,13,6,4,3,1,0,0,80,64,42,20,16,10,6,4,2,0
24,5,0,822,1003,69,65,50,31,18,10,6,4,2,1,0,0,82,67,48,24,12,6,5,3,0,0
24,5,1,822,1000,69,65,50,31,18,10,6,4,2,1,0,0,84,56,38,25,12,8,4,2,2,1
24,5,2,822,1004,69,65,50,31,18,10,6,4,2,1,0,0,90,64,36,23,17,9,4,2,1,0
24,5,0,842,997,65,69,46,31,19,12,7,4,2,0,0,0,93,56,39,24,15,9,4,3,0,0
24,5,1,842,1041,65,69,46,31,19,12,7,4,2,0,0,0,79,61,38,26,17,9,5,2,1,0
24,5,2,842,1014,65,69,46,31,19,12,7,4,2,0,0,0,83,73,44,25,12,7,4,1,1,0
24,5,0,871,1113,65,65,43,29,20,13,8,4,3,1,0,0,83,64,41,28,17,9,6,2,1,1
24,5,1,871,1060,65,65,43,29,20,13,8,4,3,1,0,0,80,59,44,26,16,9,4,3,1,0
24,5,2,871,1068,65,65,43,29,20,13,8,4,3,1,0,0,88,63,36,24,16,11,6,3,2,0
24,5,0,849,1035,63,64,42,29,20,12,6,4,3,1,0,0,88,56,38,23,14,11,5,3,1,0
24,5,1,849,1045,63,64,42,29,20,12,6,4,3,1,0,0,76,62,40,26,16,8,4,2,1,1
24,5,2,849,1054,63,64,42,29,20,12,6,4,3,1,0,0,80,63,39,26,16,7,5,3,2,0
24,5,0,838,1110,66,63,43,28,15,9,6,4,2,2,2,0,79,61,40,22,11,9,6,3,2,2
24,5,1,838,1066,66,63,43,28,15,9,6,4,2,2,2,0,81,55,36,22,14,9,5,3,2,1
24,5,2,838,1043,66,63,43,28,15,9,6,4,2,2,2,0,80,58,35,24,15,7,5,4,2,1
24,5,0,861,1102,64,66,43,26,19,11,6,2,2,2,1,0,88,55,40,22,15,8,3,2,2,2
24,5,1,861,1101,64,66,43,26,19,11,6,2,2,2,1,0,80,59,34,22,14,11,6,3,2,1
24,5,2,861,1048,64,66,43,26,19,11,6,2,2,2,1,0,75,65,39,26,15,6,5,3,2,1
24,5,0,952,1222,68,65,46,31,18,13,9,6,4,2,0,0,87,63,42,32,16,12,8,5,2,0
24,5,1,952,1246,68,65,46,31,18,13,9,6,4,2,0,0,85,65,48,28,19,10,7,4,2,0
24,5,2,952,1190,68,65,46,31,18,13,9,6,4,2,0,0,90,66,39,23,17,12,6,3,2,2
24,5,0,870,1053,69,68,48,30,17,10,7,6,3,1,0,0,88,61,40,22,14,10,5,3,2,0
24,5,1,870,1081,69,68,48,30,17,10,7,6,3,1,0,0,83,64,40,26,15,10,7,4,0,0
24,5,2,870,1116,69,68,48,30,17,10,7,6,3,1,0,0,88,65,42,26,15,7,5,3,2,1
24,5,0,925,1188,65,69,44,29,21,12,7,4,3,2,1,0,89,65,39,25,17,8,6,3,3,2
24,5,1,925,1146,65,69,44,29,21,12,7,4,3,2,1,0,89,64,42,26,14,9,5,3,2,1
24,5,2,925,1164,65,69,44,29,21,12,7,4,3,2,1,0,79,63,42,28,19,12,6,4,1,0
24,5,0,959,1216,66,67,46,31,23,14,7,4,2,1,1,0,86,66,43,30,18,10,5,3,1,1
24,5,1,959,1216,66,67,46,31,23,14,7,4,2,1,1,0,88,68,46,27,18,9,6,4,2,1
24,5,2,959,1213,66,67,46,31,23,14,7,4,2,1,1,0,89,63,41,27,17,11,5,2,2,1
24,5,0,871,1052,67,66,44,31,21,14,7,3,2,1,0,0,87,67,38,22,16,10,5,2,1,0
24,5,1,871,1084,67,66,44,31,21,14,7,3,2,1,0,0,90,63,44,28,13,8,5,3,1,0
24,5,2,871,1064,67,66,44,31,21,14,7,3,2,1,0,0,79,59,41,29,19,9,3,1,1,1
24,5,0,933,1149,67,67,47,29,18,12,9,6,3,1,1,0,85,70,42,22,15,9,6,6,2,0
24,5,1,933,1218,67,67,47,29,18,12,9,6,3,1,1,0,90,65,42,26,14,12,9,3,2,1
24,5,2,933,1190,67,67,47,29,18,12,9,6,3,1,1,0,85,58,42,31,21,11,5,2,1,1
24,5,0,920,1170,65,64,45,31,18,11,7,4,2,1,1,0,84,63,40,25,13,10,7,2,2,1
24,5,1,920,1220,65,64,45,31,18,11,7,4,2,1,1,0,82,60,41,29,17,9,4,3,1,1
24,5,2,920,1236,65,64,45,31,18,11,7,4,2,1,1,0,85,63,41,23,16,9,6,5,3,2
24,5,0,943,1213,67,65,45,27,20,12,9,5,2,1,1,0,88,62,40,25,16,11,6,4,2,1
24,5,1,943,1205,67,65,45,27,20,12,9,5,2,1,1,0,85,61,41,27,18,11,7,3,2,1
24,5,2,943,1177,67,65,45,27,20,12,9,5,2,1,1,0,82,65,42,26,17,9,6,3,1,1
24,5,0,923,1165,64,67,47,32,20,14,7,3,2,2,1,0,84,65,44,28,18,10,4,3,2,1
24,5,1,923,1128,64,67,47,32,20,14,7,3,2,2,1,0,88,65,42,25,15,10,6,2,1,1
24,5,2,923,1162,64,67,47,32,20,14,7,3,2,2,1,0,87,65,42,28,16,9,5,3,2,1
24,5,0,822,978,64,65,45,25,18,11,6,4,3,1,0,0,83,61,38,20,13,10,5,2,1,1
24,5,1,822,1000,64,65,45,25,18,11,6,4,3,1,0,0,84,57,36,23,15,9,5,3,1,0
24,5,2,822,993,64,65,45,25,18,11,6,4,3,1,0,0,75,60,39,25,15,6,4,3,2,0
24,5,0,814,998,62,64,42,28,17,12,7,4,2,1,0,0,81,61,38,23,13,7,4,2,2,1
24,5,1,814,1015,62,64,42,28,17,12,7,4,2,1,0,0,77,60,38,26,14,10,5,2,1,0
24,5,2,814,980,62,64,42,28,17,12,7,4,2,1,0,0,81,56,37,22,16,9,5,3,0,0
24,5,0,735,848,65,62,40,28,16,10,7,4,1,0,0,0,74,59,35,22,13,7,3,1,0,0
24,5,1,735,923,65,62,40,28,16,10,7,4,1,0,0,0,81,53,34,23,14,8,4,2,1,0
24,5,2,735,882,65,62,40,28,16,10,7,4,1,0,0,0,78,56,37,21,11,7,5,2,0,0
24,5,0,879,1119,61,66,46,29,18,11,6,4,3,2,1,0,83,63,35,25,18,9,4,2,2,2
24,5,1,879,1118,61,66,46,29,18,11,6,4,3,2,1,0,86,64,43,24,13,9,6,5,2,0
24,5,2,879,1101,61,66,46,29,18,11,6,4,3,2,1,0,78,59,42,25,14,9,6,3,2,1
24,5,0,871,1185,66,61,46,30,20,11,7,4,2,2,1,0,76,64,46,30,17,7,4,3,2,2
24,5,1,871,1076,66,61,46,30,20,11,7,4,2,2,1,0,87,60,40,22,15,10,5,3,2,0
24,5,2,871,1080,66,61,46,30,20,11,7,4,2,2,1,0,87,60,37,25,15,10,7,3,1,1
24,5,0,869,1140,66,66,44,29,18,12,7,3,2,1,1,0,85,59,36,26,16,11,6,3,1,1
24,5,1,869,1102,66,66,44,29,18,12,7,3,2,1,1,0,83,62,43,25,16,7,4,3,3,1
24,5,2,869,1094,66,66,44,29,18,12,7,3,2,1,1,0,82,63,39,23,13,9,5,2,1,1
24,5,0,796,997,66,59,41,28,16,11,7,3,2,1,1,0,78,54,32,22,14,9,4,2,2,1
24,5,1,796,996,66,59,41,28,16,11,7,3,2,1,1,0,82,60,37,23,13,8,5,3,1,0
24,5,2,796,989,66,59,41,28,16,11,7,3,2,1,1,0,75,55,41,24,14,8,5,2,1,1
24,5,0,817,999,64,66,45,26,14,10,7,5,3,1,0,0,74,58,39,24,14,9,4,2,2,1
24,5,1,817,992,64,66,45,26,14,10,7,5,3,1,0,0,82,65,35,17,13,10,6,3,1,0
24,5,2,817,1001,64,66,45,26,14,10,7,5,3,1,0,0,85,54,37,25,13,7,6,4,1,0
24,5,0,769,921,59,64,39,26,19,9,6,5,2,1,0,0,76,55,37,23,15,7,4,2,0,0
24,5,1,769,983,59,64,39,26,19,9,6,5,2,1,0,0,78,59,35,22,13,7,4,4,2,1
24,5,2,769,955,59,64,39,26,19,9,6,5,2,1,0,0,76,57,35,23,14,9,6,2,1,0
24,5,0,738,880,62,57,38,28,17,10,5,3,2,1,0,0,73,53,33,23,13,7,3,2,2,0
24,5,1,738,877,62,57,38,28,17,10,5,3,2,1,0,0,73,55,34,22,14,8,4,1,0,0
24,5,2,738,901,62,57,38,28,17,10,5,3,2,1,0,0,77,53,37,21,11,6,4,3,1,1
24,5,0,686,822,63,62,43,24,13,8,6,3,1,1,0,0,71,51,33,21,13,6,4,1,0,0
24,5,1,686,790,63,62,43,24,13,8,6,3,1,1,0,0,78,55,31,17,11,5,2,2,1,1
24,5,2,686,829,63,62,43,24,13,8,6,3,1,1,0,0,75,55,35,18,8,8,5,2,1,0
24,5,0,709,837,57,63,39,25,17,9,5,3,2,0,0,0,70,51,32,22,13,7,3,2,1,0
24,5,1,709,810,57,63,39,25,17,9,5,3,2,0,0,0,71,60,35,20,12,6,3,1,0,0
24,5,2,709,847,57,63,39,25,17,9,5,3,2,0,0,0,79,52,33,19,11,6,4,2,1,0
24,5,0,716,880,59,63,42,22,13,10,7,4,1,1,0,0,74,57,34,16,13,9,4,2,1,0
24,5,1,716,842,59,63,42,22,13,10,7,4,1,1,0,0,77,51,31,19,11,7,6,3,0,0
24,5,2,716,891,59,63,42,22,13,10,7,4,1,1,0,0,71,55,35,23,12,7,3,1,1,1
24,5,0,693,810,63,59,43,27,16,9,4,3,2,0,0,0,78,52,35,19,11,4,3,2,1,0
24,5,1,693,810,63,59,43,27,16,9,4,3,2,0,0,0,72,56,33,21,9,6,3,2,1,0
24,5,2,693,828,63,59,43,27,16,9,4,3,2,0,0,0,76,55,36,21,14,8,3,1,0,0
24,5,0,727,919,63,63,40,27,16,9,6,2,1,1,1,0,74,55,38,23,12,6,5,2,1,1
24,5,1,727,893,63,63,40,27,16,9,6,2,1,1,1,0,76,53,32,19,13,7,3,1,1,1
24,5,2,727,864,63,63,40,27,16,9,6,2,1,1,1,0,79,58,33,21,11,7,3,2,1,0
24,5,0,715,866,58,58,40,30,19,12,5,2,1,0,0,0,77,55,36,24,14,7,2,1,0,0
24,5,1,715,903,58,58,40,30,19,12,5,2,1,0,0,0,74,56,38,22,12,7,3,2,1,0
24,5,2,715,811,58,58,40,30,19,12,5,2,1,0,0,0,74,56,35,23,13,6,3,0,0,0
24,5,0,716,859,64,58,39,26,15,9,5,3,2,1,0,0,72,55,33,20,12,6,3,3,1,0
24,5,1,716,863,64,58,39,26,15,9,5,3,2,1,0,0,75,52,34,21,10,7,5,2,1,0
24,5,2,716,855,64,58,39,26,15,9,5,3,2,1,0,0,75,51,33,20,13,7,3,1,1,1
24,5,0,711,827,58,64,44,23,16,9,6,4,1,0,0,0,76,55,32,19,12,7,4,2,0,0
24,5,1,711,849,58,64,44,23,16,9,6,4,1,0,0,0,75,57,34,20,12,6,4,2,1,0
24,5,2,711,817,58,64,44,23,16,9,6,4,1,0,0,0,74,55,37,20,12,7,3,1,0,0
24,5,0,622,685,56,57,37,25,14,7,6,3,1,0,0,0,72,52,31,17,7,4,3,1,1,0
24,5,1,622,757,56,57,37,25,14,7,6,3,1,0,0,0,67,46,30,22,12,8,2,0,0,0
24,5,2,622,795,56,57,37,25,14,7,6,3,1,0,0,0,67,52,32,17,12,5,5,3,0,0
24,5,0,659,795,60,56,37,22,14,11,6,3,1,0,0,0,71,48,29,19,12,10,4,1,0,0
24,5,1,659,797,60,56,37,22,14,11,6,3,1,0,0,0,69,52,28,20,14,6,3,1,1,0
24,5,2,659,767,60,56,37,22,14,11,6,3,1,0,0,0,70,50,37,18,9,5,3,2,0,0
24,5,0,610,735,57,60,41,24,14,8,3,1,1,1,0,0,67,50,35,20,10,5,1,1,1,0
24,5,1,610,688,57,60,41,24,14,8,3,1,1,1,0,0,71,50,29,16,9,5,3,1,0,0
24,5,2,610,729,57,60,41,24,14,8,3,1,1,1,0,0,72,53,29,16,9,4,2,1,1,1
24,5,0,654,797,63,61,38,23,13,11,6,2,1,0,0,0,75,53,31,18,13,7,4,1,0,0
24,5,1,654,765,63,61,38,23,13,11,6,2,1,0,0,0,68,49,34,21,10,5,2,1,1,0
24,5,2,654,776,63,61,38,23,13,11,6,2,1,0,0,0,75,53,29,17,10,8,3,1,0,0
24,5,0,658,776,52,63,39,21,13,8,3,3,2,1,1,0,69,49,29,18,9,6,3,3,2,0
24,5,1,658,809,52,63,39,21,13,8,3,3,2,1,1,0,70,50,27,18,13,6,4,2,1,1
24,5,2,658,845,52,63,39,21,13,8,3,3,2,1,1,0,67,55,35,16,9,6,3,2,1,1
24,5,0,621,793,61,52,38,27,17,6,4,2,1,1,0,0,66,46,29,19,14,6,4,1,1,0
24,5,1,621,694,61,52,38,27,17,6,4,2,1,1,0,0,68,56,32,19,8,3,2,1,0,0
24,5,2,621,804,61,52,38,27,17,6,4,2,1,1,0,0,75,46,35,20,9,5,2,2,1,1
24,5,0,613,776,52,57,34,20,14,10,7,3,0,0,0,0,67,48,33,20,14,8,2,0,0,0
24,5,1,613,733,52,57,34,20,14,10,7,3,0,0,0,0,68,46,27,14,12,7,4,2,0,0
24,5,2,613,726,52,57,34,20,14,10,7,3,0,0,0,0,62,51,28,20,8,5,4,1,0,0
24,5,0,653,815,61,52,40,25,16,9,4,3,2,0,0,0,70,53,33,21,12,6,4,2,0,0
24,5,1,653,812,61,52,40,25,16,9,4,3,2,0,0,0,69,49,37,22,11,3,3,2,1,0
24,5,2,653,774,61,52,40,25,16,9,4,3,2,0,0,0,73,49,29,16,11,9,2,1,1,0
24,5,0,639,743,57,61,39,26,15,7,4,2,1,1,0,0,73,50,31,16,9,6,3,1,1,0
24,5,1,639,745,57,61,39,26,15,7,4,2,1,1,0,0,68,51,29,20,11,5,3,2,0,0
24,5,2,639,788,57,61,39,26,15,7,4,2,1,1,0,0,72,55,35,20,10,4,2,1,1,1
24,5,0,769,926,62,60,43,26,14,10,7,5,3,0,0,0,77,54,37,21,12,7,4,3,2,0
24,5,1,769,927,62,60,43,26,14,10,7,5,3,0,0,0,77,55,34,22,14,10,5,2,0,0
24,5,2,769,981,62,60,43,26,14,10,7,5,3,0,0,0,76,59,37,22,13,8,6,3,1,0
24,5,0,797,976,63,62,42,26,16,9,5,4,2,2,1,0,82,58,31,20,13,7,6,2,2,2
24,5,1,797,997,63,62,42,26,16,9,5,4,2,2,1,0,76,59,40,24,12,7,2,2,2,1
24,5,2,797,1013,63,62,42,26,16,9,5,4,2,2,1,0,74,52,36,21,14,9,6,5,1,0
24,5,0,760,919,60,63,37,26,17,10,7,3,2,1,0,0,71,61,38,21,12,8,4,2,1,0
24,5,1,760,929,60,63,37,26,17,10,7,3,2,1,0,0,83,52,31,21,14,9,4,1,1,1
24,5,2,760,925,60,63,37,26,17,10,7,3,2,1,0,0,72,53,34,24,14,6,5,3,1,0
24,5,0,806,1021,63,64,45,28,17,10,5,3,1,1,1,0,80,61,37,20,11,7,4,3,1,1
24,5,1,806,1009,63,64,45,28,17,10,5,3,1,1,1,0,78,58,37,24,14,8,5,2,1,1
24,5,2,806,967,63,64,45,28,17,10,5,3,1,1,1,0,81,57,38,23,14,7,3,2,2,1
24,5,0,762,944,59,63,40,29,17,9,5,3,3,1,0,0,75,56,36,24,12,7,4,2,1,1
24,5,1,762,966,59,63,40,29,17,9,5,3,3,1,0,0,74,55,33,22,15,8,4,3,2,0
24,5,2,762,888,59,63,40,29,17,9,5,3,3,1,0,0,80,59,38,21,11,6,4,2,1,0
24,5,0,788,1064,64,59,42,25,17,11,7,4,2,1,1,0,80,53,35,25,15,8,5,3,2,1
24,5,1,788,955,64,59,42,25,17,11,7,4,2,1,1,0,73,56,37,24,15,8,4,2,1,0
24,5,2,788,1016,64,59,42,25,17,11,7,4,2,1,1,0,80,60,38,19,13,10,6,3,1,1
24,5,0,726,908,61,56,39,26,18,11,6,3,2,0,0,0,76,56,38,22,13,7,3,2,1,0
24,5,1,726,862,61,56,39,26,18,11,6,3,2,0,0,0,75,49,35,21,12,9,5,1,0,0
24,5,2,726,878,61,56,39,26,18,11,6,3,2,0,0,0,71,56,32,23,15,6,3,2,1,0
24,5,0,784,1001,62,61,43,26,14,10,6,3,2,2,1,0,82,56,35,21,14,9,4,2,1,1
24,5,1,784,1000,62,61,43,26,14,10,6,3,2,2,1,0,76,55,36,21,11,7,6,4,2,1
24,5,2,784,916,62,61,43,26,14,10,6,3,2,2,1,0,72,57,36,22,13,8,4,2,2,1
24,5,0,724,929,56,62,39,25,17,9,6,4,1,1,0,0,71,58,37,21,13,6,3,3,1,1
24,5,1,724,836,56,62,39,25,17,9,6,4,1,1,0,0,76,52,33,19,12,7,5,2,1,0
24,5,2,724,858,56,62,39,25,17,9,6,4,1,1,0,0,73,54,32,23,13,8,4,1,0,0
24,6,0,1485,1519,0,101,75,53,33,19,12,8,5,3,2,0,102,104,74,45,29,18,11,7,4,1
24,6,1,1485,1411,0,101,75,53,33,19,12,8,5,3,2,0,104,106,65,42,26,17,12,6,3,2
24,6,2,1485,1477,0,101,75,53,33,19,12,8,5,3,2,0,106,102,72,49,28,15,8,6,4,3
24,6,0,1529,1518,0,104,77,49,31,20,14,8,3,3,2,0,98,110,70,42,25,19,10,6,3,2
24,6,1,1529,1480,0,104,77,49,31,20,14,8,3,3,2,0,110,105,70,44,28,19,12,5,3,2
24,6,2,1529,1513,0,104,77,49,31,20,14,8,3,3,2,0,105,98,69,46,30,14,10,7,4,3
24,6,0,1531,1542,0,99,76,51,34,22,12,6,5,2,1,0,103,101,65,43,28,17,12,7,4,2
24,6,1,1531,1482,0,99,76,51,34,22,12,6,5,2,1,0,101,107,72,47,28,16,9,5,4,2
24,6,0,1527,1543,0,97,76,50,33,22,13,9,5,2,1,0,99,107,75,47,30,18,11,6,2,1
24,6,1,1527,1509,0,97,76,50,33,22,13,9,5,2,1,0,107,104,70,43,28,17,10,7,5,3
24,6,2,1527,1478,0,97,76,50,33,22,13,9,5,2,1,0,104,99,68,47,29,19,11,6,3,1
24,6,0,1485,1468,0,100,74,51,31,20,13,8,5,3,1,0,98,101,66,43,28,16,12,6,3,2
24,6,1,1485,1420,0,100,74,51,31,20,13,8,5,3,1,0,101,108,72,46,25,16,9,5,4,2
24,6,2,1485,1427,0,100,74,51,31,20,13,8,5,3,1,0,108,98,69,44,29,19,10,7,3,1
24,6,0,1382,1294,0,100,72,45,32,21,14,8,4,2,1,0,103,94,61,40,28,19,9,4,3,1
24,6,1,1382,1297,0,100,72,45,32,21,14,8,4,2,1,0,94,102,65,44,28,15,10,5,1,1
24,6,2,1382,1362,0,100,72,45,32,21,14,8,4,2,1,0,102,103,73,43,26,16,10,6,3,1
24,6,0,1448,1388,0,105,77,53,33,20,12,8,5,2,1,0,99,107,72,46,27,14,8,7,3,1
24,6,1,1448,1369,0,105,77,53,33,20,12,8,5,2,1,0,107,110,73,43,25,17,10,6,3,0
24,6,2,1448,1349,0,105,77,53,33,20,12,8,5,2,1,0,110,99,66,45,29,17,10,3,2,2
24,6,0,1450,1366,0,100,74,52,35,23,14,8,4,2,1,0,102,100,66,44,30,18,10,5,2,1
24,6,1,1450,1425,0,100,74,52,35,23,14,8,4,2,1,0,100,111,72,48,29,16,9,5,3,1
24,6,2,1450,1404,0,100,74,52,35,23,14,8,4,2,1,0,111,102,75,47,28,18,10,5,2,1
24,6,0,1487,1391,0,100,79,50,34,22,14,8,4,2,1,0,106,102,67,44,29,20,10,6,1,1
24,6,1,1487,1469,0,100,79,50,34,22,14,8,4,2,1,0,102,107,69,45,29,16,12,6,4,2
24,6,2,1487,1427,0,100,79,50,34,22,14,8,4,2,1,0,107,106,79,47,28,16,8,4,3,1
24,6,0,1427,1321,0,100,79,52,32,19,12,9,4,2,1,0,102,108,75,43,26,14,9,4,2,2
24,6,1,1427,1328,0,100,79,52,32,19,12,9,4,2,1,0,108,100,69,43,24,15,8,6,3,1
24,6,2,1427,1358,0,100,79,52,32,19,12,9,4,2,1,0,100,102,66,45,29,18,11,6,2,0
24,6,0,1439,1354,0,101,75,50,34,20,14,7,4,3,1,0,102,102,68,44,30,17,9,4,3,2
24,6,1,1439,1384,0,101,75,50,34,20,14,7,4,3,1,0,102,105,71,46,26,16,11,6,2,1
24,6,2,1439,1339,0,101,75,50,34,20,14,7,4,3,1,0,105,102,69,43,27,16,9,5,3,1
24,6,0,1487,1416,0,104,74,49,31,23,15,10,6,2,0,0,101,101,67,43,30,19,9,7,4,1
24,6,1,1487,1450,0,104,74,49,31,23,15,10,6,2,0,0,101,112,72,45,28,21,14,5,2,0
24,6,2,1487,1371,0,104,74,49,31,23,15,10,6,2,0,0,112,101,71,48,29,16,10,6,2,1
24,6,0,1442,1381,0,101,69,48,29,21,15,8,6,2,1,0,99,99,63,45,29,20,10,4,2,2
24,6,1,1442,1385,0,101,69,48,29,21,15,8,6,2,1,0,99,102,66,44,29,16,11,7,3,0
24,6,2,1442,1367,0,101,69,48,29,21,15,8,6,2,1,0,102,99,70,41,24,17,11,6,4,1
24,6,0,1447,1360,0,102,74,43,31,22,11,8,4,3,2,0,100,104,70,40,25,16,10,8,4,1
24,6,1,1447,1425,0,102,74,43,31,22,11,8,4,3,2,0,104,97,66,42,28,18,10,5,3,3
24,6,2,1447,1395,0,102,74,43,31,22,11,8,4,3,2,0,97,100,63,43,29,17,9,5,3,2
24,6,0,1353,1334,0,91,77,52,34,17,11,6,4,2,1,0,97,101,67,46,28,13,7,3,2,2
24,6,1,1353,1312,0,91,77,52,34,17,11,6,4,2,1,0,101,98,74,41,27,14,7,6,3,1
24,6,2,1353,1266,0,91,77,52,34,17,11,6,4,2,1,0,98,97,64,41,21,15,11,5,3,1
24,6,0,1519,1494,0,94,77,51,33,21,14,7,4,3,1,0,98,105,68,44,31,19,11,4,4,2
24,6,1,1519,1479,0,94,77,51,33,21,14,7,4,3,1,0,105,104,72,45,28,16,10,6,2,1
24,6,2,1519,1488,0,94,77,51,33,21,14,7,4,3,1,0,104,98,73,47,26,17,10,7,4,3
24,6,0,1463,1367,0,99,78,53,32,20,12,8,5,2,1,0,106,103,71,45,27,17,7,5,4,1
24,6,1,1463,1463,0,99,78,53,32,20,12,8,5,2,1,0,103,102,70,44,29,19,13,6,1,1
24,6,2,1463,1401,0,99,78,53,32,20,12,8,5,2,1,0,102,106,71,45,25,13,9,6,4,2
24,6,0,1435,1369,0,107,68,45,31,21,12,7,4,4,3,0,104,99,67,42,24,14,8,8,4,2
24,6,1,1435,1448,0,107,68,45,31,21,12,7,4,4,3,0,99,99,65,43,28,21,12,6,4,2
24,6,2,1435,1415,0,107,68,45,31,21,12,7,4,4,3,0,99,104,63,42,30,16,10,4,3,3
24,6,0,1351,1301,0,99,71,45,31,23,14,6,2,2,2,0,106,93,64,41,25,19,10,6,2,1
24,6,1,1351,1311,0,99,71,45,31,23,14,6,2,2,2,0,93,96,63,45,31,17,9,2,2,2
24,6,2,1351,1248,0,99,71,45,31,23,14,6,2,2,2,0,96,106,69,39,24,13,7,4,2,1
24,6,0,1339,1306,0,101,76,50,32,21,11,5,3,2,1,0,104,99,72,45,27,14,7,4,2,1
24,6,1,1339,1221,0,101,76,50,32,21,11,5,3,2,1,0,99,100,64,36,26,15,7,4,3,2
24,6,2,1339,1300,0,101,76,50,32,21,11,5,3,2,1,0,100,104,66,45,23,15,9,4,2,1
24,6,0,1351,1261,0,98,73,52,32,17,11,8,5,2,0,0,101,106,74,45,22,10,10,6,2,1
24,6,1,1351,1252,0,98,73,52,32,17,11,8,5,2,0,0,106,91,65,42,25,16,6,4,4,1
24,6,2,1351,1243,0,98,73,52,32,17,11,8,5,2,0,0,91,101,61,40,28,17,10,5,1,0
24,6,0,1392,1304,0,93,76,53,37,21,13,6,2,1,1,0,103,98,73,41,28,17,8,4,1,1
24,6,1,1392,1282,0,93,76,53,37,21,13,6,2,1,1,0,98,103,68,44,25,14,10,4,2,1
24,6,2,1392,1350,0,93,76,53,37,21,13,6,2,1,1,0,103,103,70,50,29,14,6,3,2,1
24,6,0,1412,1350,0,102,79,50,28,22,12,7,5,2,1,0,106,100,68,41,24,19,12,7,2,0
24,6,1,1412,1335,0,102,79,50,28,22,12,7,5,2,1,0,100,102,66,44,28,15,9,4,3,2
24,6,2,1412,1301,0,102,79,50,28,22,12,7,5,2,1,0,102,106,72,42,25,15,6,4,3,1
24,6,0,1424,1368,0,107,75,49,31,17,12,9,5,3,1,0,102,104,69,42,25,18,11,5,2,1
24,6,1,1424,1327,0,107,75,49,31,17,12,9,5,3,1,0,104,103,67,42,27,14,9,5,3,2
24,6,2,1424,1380,0,107,75,49,31,17,12,9,5,3,1,0,103,102,66,43,26,15,10,8,4,1
24,6,0,1425,1359,0,100,69,48,35,25,15,6,3,1,1,0,107,99,66,44,27,17,10,5,3,1
24,6,1,1425,1317,0,100,69,48,35,25,15,6,3,1,1,0,99,98,66,49,31,19,7,2,2,1
24,6,2,1425,1393,0,100,69,48,35,25,15,6,3,1,1,0,98,107,72,42,29,16,10,5,1,1
24,6,0,1426,1399,0,97,77,51,31,20,11,9,7,2,1,0,101,105,70,42,29,17,10,6,3,1
24,6,1,1426,1350,0,97,77,51,31,20,11,9,7,2,1,0,105,100,69,42,23,14,10,7,4,1
24,6,2,1426,1415,0,97,77,51,31,20,11,9,7,2,1,0,100,101,70,48,29,19,10,6,3,1
24,6,0,1451,1433,0,98,76,51,33,17,12,8,3,3,1,0,103,105,70,42,24,15,12,5,4,3
24,6,1,1451,1396,0,98,76,51,33,17,12,8,3,3,1,0,105,96,68,47,28,16,7,4,3,1
24,6,2,1451,1383,0,98,76,51,33,17,12,8,3,3,1,0,96,103,68,41,27,15,10,8,2,2
24,6,0,1837,1874,0,103,80,52,37,25,16,13,7,4,4,0,112,118,78,54,34,22,15,10,5,3
24,6,1,1837,1836,0,103,80,52,37,25,16,13,7,4,4,0,118,112,82,56,36,24,15,9,5,2
24,6,2,1837,1848,0,103,80,52,37,25,16,13,7,4,4,0,112,112,79,49,37,24,15,10,6,4
24,6,0,1885,1961,0,109,84,53,36,23,16,10,7,6,3,0,112,118,78,51,36,24,15,11,7,3
24,6,1,1885,1925,0,109,84,53,36,23,16,10,7,6,3,0,118,120,82,54,31,21,17,9,6,4
24,6,2,1885,1922,0,109,84,53,36,23,16,10,7,6,3,0,120,112,81,52,37,23,13,9,6,5
24,6,0,1856,1883,0,102,76,57,38,25,18,11,8,4,1,0,115,117,78,53,36,23,16,9,4,3
24,6,1,1856,1951,0,102,76,57,38,25,18,11,8,4,1,0,117,111,82,58,36,24,14,9,6,4
24,6,1,1844,1932,0,103,80,59,38,25,15,11,8,3,2,0,117,117,84,55,33,22,12,9,7,4
24,6,2,1844,1857,0,103,80,59,38,25,15,11,8,3,2,0,117,113,80,56,36,23,13,9,5,2
24,6,0,1887,1974,0,104,79,53,37,26,19,11,6,5,3,0,119,112,83,56,39,28,15,7,5,4
24,6,1,1887,1986,0,104,79,53,37,26,19,11,6,5,3,0,112,115,77,53,39,25,17,9,5,4
24,6,2,1887,1937,0,104,79,53,37,26,19,11,6,5,3,0,115,119,82,54,32,20,15,12,7,3
24,6,0,1733,1768,0,110,85,56,37,25,18,11,6,2,1,0,117,120,76,51,33,25,16,9,4,2
24,6,1,1733,1750,0,110,85,56,37,25,18,11,6,2,1,0,120,116,85,58,36,18,14,7,4,1
24,6,2,1733,1690,0,110,85,56,37,25,18,11,6,2,1,0,116,117,82,49,33,22,10,6,3,2
24,6,0,1776,1730,0,109,81,59,42,27,15,10,5,3,2,0,117,116,78,53,36,22,14,8,3,2
24,6,1,1776,1718,0,109,81,59,42,27,15,10,5,3,2,0,116,121,87,57,35,19,10,6,4,3
24,6,2,1776,1721,0,109,81,59,42,27,15,10,5,3,2,0,121,117,80,54,34,22,12,7,4,1
24,6,0,1708,1653,0,108,83,57,36,24,16,8,6,4,2,0,123,111,80,51,30,21,11,7,3,2
24,6,1,1708,1733,0,108,83,57,36,24,16,8,6,4,2,0,111,111,77,55,37,20,13,8,6,2
24,6,2,1708,1670,0,108,83,57,36,24,16,8,6,4,2,0,111,123,80,48,30,20,13,6,4,3
24,6,0,1873,1872,0,106,83,59,40,27,18,10,5,4,3,0,116,122,83,52,38,24,13,7,5,3
24,6,1,1873,1870,0,106,83,59,40,27,18,10,5,4,3,0,122,119,81,57,35,22,15,9,4,2
24,6,2,1873,1907,0,106,83,59,40,27,18,10,5,4,3,0,119,116,87,59,36,23,14,8,5,4
24,6,0,1863,1879,0,112,84,57,36,25,15,10,7,4,4,0,120,119,81,55,33,20,15,9,7,3
24,6,1,1863,1955,0,112,84,57,36,25,15,10,7,4,4,0,119,118,83,55,36,25,13,8,5,4
24,6,2,1863,1934,0,112,84,57,36,25,15,10,7,4,4,0,118,120,81,51,35,23,15,11,6,4
24,6,0,1816,1778,0,111,83,54,38,25,17,11,8,6,2,0,116,118,80,56,34,21,14,8,5,3
24,6,1,1816,1863,0,111,83,54,38,25,17,11,8,6,2,0,118,121,85,55,36,24,15,10,6,2
24,6,2,1816,1821,0,111,83,54,38,25,17,11,8,6,2,0,121,116,79,50,37,24,15,9,5,3
24,6,1,1812,1869,0,109,82,55,38,25,17,10,6,3,2,0,119,118,85,49,33,23,15,8,4,3
24,6,2,1812,1837,0,109,82,55,38,25,17,10,6,3,2,0,118,113,75,52,35,22,14,9,5,3
24,6,0,1938,1979,0,103,86,59,39,26,18,13,9,4,3,0,120,117,85,54,37,24,15,11,7,3
24,6,1,1938,1976,0,103,86,59,39,26,18,13,9,4,3,0,117,124,85,58,37,26,17,9,5,3
24,6,2,1938,1920,0,103,86,59,39,26,18,13,9,4,3,0,124,120,88,60,39,24,16,10,5,2
24,6,0,1882,1958,0,109,82,57,39,26,17,13,7,5,1,0,120,119,80,54,39,25,13,9,6,3
24,6,1,1882,1873,0,109,82,57,39,26,17,13,7,5,1,0,119,119,82,54,35,24,16,11,5,2
24,6,2,1882,1855,0,109,82,57,39,26,17,13,7,5,1,0,119,120,87,59,36,22,16,8,4,3
24,6,0,1867,1840,0,112,83,59,37,27,18,11,6,4,3,0,118,123,81,52,35,23,14,10,6,3
24,6,1,1867,1911,0,112,83,59,37,27,18,11,6,4,3,0,123,121,83,57,36,23,15,9,5,3
24,6,2,1867,1956,0,112,83,59,37,27,18,11,6,4,3,0,121,118,86,58,37,25,15,7,4,3
24,6,0,1919,1958,0,107,81,56,42,25,17,12,9,4,2,0,123,122,85,56,37,23,15,9,4,3
24,6,1,1919,1906,0,107,81,56,42,25,17,12,9,4,2,0,122,112,84,58,39,23,13,11,7,3
24,6,2,1919,1948,0,107,81,56,42,25,17,12,9,4,2,0,112,123,81,55,37,25,18,9,6,2
24,6,0,1990,2002,0,107,82,60,41,30,18,11,8,6,3,0,118,123,85,61,43,25,16,9,5,2
24,6,1,1990,1985,0,107,82,60,41,30,18,11,8,6,3,0,123,126,91,59,37,23,15,11,6,3
24,6,2,1990,2057,0,107,82,60,41,30,18,11,8,6,3,0,126,118,84,58,38,29,16,9,7,5
24,6,0,1676,1624,0,107,80,58,40,23,14,8,6,3,1,0,120,111,80,50,31,19,10,6,3,1
24,6,1,1676,1651,0,107,80,58,40,23,14,8,6,3,1,0,111,111,75,53,35,20,10,7,4,3
24,6,2,1676,1710,0,107,80,58,40,23,14,8,6,3,1,0,111,120,80,52,31,18,14,7,5,2
24,6,0,1646,1691,0,107,80,54,35,22,16,10,6,3,2,0,111,117,79,53,32,19,12,7,3,2
24,6,1,1646,1647,0,107,80,54,35,22,16,10,6,3,2,0,117,108,78,47,32,20,13,9,5,1
24,6,2,1646,1568,0,107,80,54,35,22,16,10,6,3,2,0,108,111,72,49,31,21,13,6,4,3
24,6,0,1658,1592,0,112,83,54,35,24,15,9,4,3,2,0,114,114,78,51,31,17,12,7,4,2
24,6,1,1658,1615,0,112,83,54,35,24,15,9,4,3,2,0,114,114,80,49,31,20,10,4,3,2
24,6,2,1658,1599,0,112,83,54,35,24,15,9,4,3,2,0,114,114,72,47,31,21,12,8,3,2
24,6,0,1625,1562,0,111,76,56,35,22,13,10,6,4,2,0,113,110,75,50,28,18,11,7,4,2
24,6,1,1625,1564,0,111,76,56,35,22,13,10,6,4,2,0,110,112,73,50,33,22,11,7,4,2
24,6,2,1625,1612,0,111,76,56,35,22,13,10,6,4,2,0,112,113,76,48,31,17,13,8,4,2
24,6,0,1580,1544,0,102,78,52,34,22,14,9,6,3,1,0,105,111,74,49,30,19,10,6,4,1
24,6,1,1580,1504,0,102,78,52,34,22,14,9,6,3,1,0,111,106,75,46,29,18,13,8,3,1
24,6,2,1580,1528,0,102,78,52,34,22,14,9,6,3,1,0,106,105,71,47,31,19,11,6,4,3
24,6,0,1639,1613,0,109,88,51,31,21,15,9,7,4,2,0,111,113,75,46,29,19,14,8,4,2
24,6,1,1639,1597,0,109,88,51,31,21,15,9,7,4,2,0,113,113,78,47,31,19,11,7,4,2
24,6,2,1639,1574,0,109,88,51,31,21,15,9,7,4,2,0,113,111,75,47,29,20,12,7,5,2
24,6,0,1543,1551,0,110,81,53,36,22,14,9,4,2,1,0,117,109,78,47,28,18,10,5,4,2
24,6,1,1543,1422,0,110,81,53,36,22,14,9,4,2,1,0,109,107,68,47,34,19,9,5,2,1
24,6,2,1543,1468,0,110,81,53,36,22,14,9,4,2,1,0,107,117,77,48,27,16,12,7,2,1
24,6,0,1537,1424,0,106,79,58,37,24,12,7,5,2,1,0,103,117,74,48,33,17,7,4,2,1
24,6,1,1537,1421,0,106,79,58,37,24,12,7,5,2,1,0,117,111,78,45,23,15,11,8,3,0
24,6,2,1537,1441,0,106,79,58,37,24,12,7,5,2,1,0,111,103,73,53,32,19,9,3,3,2
24,6,0,1533,1469,0,105,84,53,34,22,15,9,4,2,1,0,112,111,75,43,25,19,13,6,3,1
24,6,1,1533,1431,0,105,84,53,34,22,15,9,4,2,1,0,111,106,74,52,32,18,10,3,1,1
24,6,2,1533,1437,0,105,84,53,34,22,15,9,4,2,1,0,106,112,75,45,30,16,8,7,3,1
24,6,0,1739,1782,0,109,80,52,34,25,15,9,6,3,2,0,105,122,78,51,32,21,11,8,5,3
24,6,1,1739,1720,0,109,80,52,34,25,15,9,6,3,2,0,122,111,78,45,30,22,15,8,4,2
24,6,0,1669,1698,0,111,86,55,33,21,13,9,5,3,2,0,112,110,72,44,30,19,13,9,5,3
24,6,1,1669,1643,0,111,86,55,33,21,13,9,5,3,2,0,110,119,74,49,29,18,12,6,4,2
24,6,2,1669,1685,0,111,86,55,33,21,13,9,5,3,2,0,119,112,84,51,30,19,10,7,4,3
24,6,0,1794,1732,0,109,84,60,38,25,16,11,6,3,1,0,115,121,83,52,35,21,13,8,4,1
24,6,1,1794,1778,0,109,84,60,38,25,16,11,6,3,1,0,121,119,84,53,31,20,12,7,4,3
24,6,2,1794,1747,0,109,84,60,38,25,16,11,6,3,1,0,119,115,79,57,36,23,14,8,4,2
24,6,0,1786,1788,0,110,86,57,37,23,15,10,7,4,3,0,123,114,81,52,34,22,14,7,5,3
24,6,1,1786,1780,0,110,86,57,37,23,15,10,7,4,3,0,114,116,77,54,35,20,13,9,5,2
24,6,2,1786,1772,0,110,86,57,37,23,15,10,7,4,3,0,116,123,85,51,31,21,13,9,5,3
24,6,0,1794,1765,0,109,80,55,43,27,15,9,6,5,2,0,113,119,79,55,38,20,13,8,6,2
24,6,1,1794,1746,0,109,80,55,43,27,15,9,6,5,2,0,119,120,84,52,33,22,12,6,4,3
24,6,2,1794,1819,0,109,80,55,43,27,15,9,6,5,2,0,120,113,80,56,37,23,13,9,4,3
24,6,0,1759,1738,0,109,84,57,36,23,16,10,7,4,2,0,116,116,76,51,32,20,15,8,4,4
24,6,1,1759,1835,0,109,84,57,36,23,16,10,7,4,2,0,116,118,83,56,34,22,11,8,6,3
24,6,2,1759,1829,0,109,84,57,36,23,16,10,7,4,2,0,118,116,82,50,34,22,15,9,5,1
24,6,0,1878,1892,0,114,82,55,38,25,18,12,6,3,2,0,121,114,81,56,36,26,14,7,5,3
24,6,2,1878,1894,0,114,82,55,38,25,18,12,6,3,2,0,123,121,83,53,33,21,14,9,5,3
24,6,0,1721,1660,0,107,80,56,39,28,16,9,5,3,2,0,113,118,79,52,33,19,11,8,4,2
24,6,1,1721,1714,0,107,80,56,39,28,16,9,5,3,2,0,118,115,80,54,35,24,12,6,3,2
24,6,2,1721,1687,0,107,80,56,39,28,16,9,5,3,2,0,115,113,80,53,35,21,13,6,4,2
24,6,0,1696,1745,0,99,79,53,38,23,12,9,7,5,3,0,111,110,75,52,32,21,14,7,4,3
24,6,1,1696,1721,0,99,79,53,38,23,12,9,7,5,3,0,110,108,79,54,37,17,10,9,6,3
24,6,2,1696,1695,0,99,79,53,38,23,12,9,7,5,3,0,108,111,76,45,29,22,13,9,6,3
24,6,0,1710,1637,0,104,78,55,37,24,15,8,6,5,3,0,111,112,75,54,36,18,12,8,5,2
24,6,1,1710,1783,0,104,78,55,37,24,15,8,6,5,3,0,112,113,84,51,31,20,12,7,5,4
24,6,2,1710,1750,0,104,78,55,37,24,15,8,6,5,3,0,113,111,73,49,32,24,14,8,5,3
24,6,0,1745,1746,0,111,76,54,34,23,16,10,6,3,2,0,119,109,78,53,30,19,12,7,5,4
24,6,1,1745,1755,0,111,76,54,34,23,16,10,6,3,2,0,109,110,74,52,35,23,13,8,5,2
24,6,2,1745,1766,0,111,76,54,34,23,16,10,6,3,2,0,110,119,75,46,32,21,15,9,4,2
24,6,0,1595,1548,0,110,78,51,36,21,14,10,5,4,2,0,109,113,73,48,28,17,12,8,4,2
24,6,1,1595,1597,0,110,78,51,36,21,14,10,5,4,2,0,113,109,79,47,29,21,13,7,4,2
24,6,2,1595,1536,0,110,78,51,36,21,14,10,5,4,2,0,109,109,69,48,35,18,10,6,3,2
24,6,0,1715,1714,0,102,79,55,36,25,15,8,4,3,3,0,117,104,75,50,32,22,12,7,3,3
24,6,1,1715,1720,0,102,79,55,36,25,15,8,4,3,3,0,104,112,75,52,35,20,12,7,5,4
24,6,2,1715,1742,0,102,79,55,36,25,15,8,4,3,3,0,112,117,81,50,30,19,12,7,5,2
24,6,0,1647,1667,0,109,84,54,31,20,14,10,7,4,2,0,109,115,74,48,29,22,13,8,4,2
24,6,1,1647,1650,0,109,84,54,31,20,14,10,7,4,2,0,115,112,77,46,29,18,14,9,5,3
24,6,2,1647,1598,0,109,84,54,31,20,14,10,7,4,2,0,112,109,76,49,31,18,11,7,5,2
24,6,0,1716,1732,0,103,79,49,33,24,16,11,7,2,1,0,103,116,74,45,32,23,12,9,5,2
24,6,1,1716,1721,0,103,79,49,33,24,16,11,7,2,1,0,116,109,75,47,32,21,15,8,4,2
24,6,0,1678,1733,0,102,80,53,39,23,14,9,6,4,3,0,116,110,78,51,32,19,13,8,5,4
24,6,1,1678,1631,0,102,80,53,39,23,14,9,6,4,3,0,110,108,74,51,36,20,10,7,5,2
24,6,2,1678,1724,0,102,80,53,39,23,14,9,6,4,3,0,108,116,80,50,31,21,14,8,4,2
24,6,0,1697,1654,0,104,79,56,34,24,17,10,6,4,1,0,105,120,75,50,34,20,12,7,4,2
24,6,1,1697,1709,0,104,79,56,34,24,17,10,6,4,1,0,120,112,83,52,29,20,13,9,5,2
24,6,2,1697,1815,0,104,79,56,34,24,17,10,6,4,1,0,112,105,75,52,35,24,15,7,4,3
24,6,0,1263,1210,0,88,71,39,27,18,12,8,3,1,1,0,86,90,58,36,24,17,10,4,2,1
24,6,1,1263,1172,0,88,71,39,27,18,12,8,3,1,1,0,90,93,60,37,25,14,8,4,2,1
24,6,2,1263,1202,0,88,71,39,27,18,12,8,3,1,1,0,93,86,63,37,22,13,8,6,2,1
24,6,0,1251,1171,0,92,68,47,30,18,9,6,4,2,1,0,91,99,62,39,21,15,8,5,2,0
24,6,1,1251,1162,0,92,68,47,30,18,9,6,4,2,1,0,99,87,64,40,24,12,8,4,2,2
24,6,2,1251,1176,0,92,68,47,30,18,9,6,4,2,1,0,87,91,59,38,25,13,6,4,3,1
24,6,0,1242,1137,0,92,63,44,27,18,13,6,3,2,1,0,89,86,55,41,22,14,9,4,2,1
24,6,1,1242,1166,0,92,63,44,27,18,13,6,3,2,1,0,86,94,63,39,27,14,6,3,2,1
24,6,2,1242,1156,0,92,63,44,27,18,13,6,3,2,1,0,94,89,59,34,21,15,10,5,2,1
24,6,0,1473,1515,0,93,70,45,29,18,14,8,6,4,2,0,100,96,65,44,25,17,13,7,6,3
24,6,1,1473,1438,0,93,70,45,29,18,14,8,6,4,2,0,96,94,65,46,32,18,9,5,4,2
24,6,2,1473,1479,0,93,70,45,29,18,14,8,6,4,2,0,94,100,67,37,25,18,13,9,3,2
24,6,0,1448,1409,0,92,67,45,30,21,14,10,4,2,1,0,93,100,66,43,30,15,10,6,3,2
24,6,1,1448,1433,0,92,67,45,30,21,14,10,4,2,1,0,100,95,71,42,23,16,10,7,4,2
24,6,2,1448,1512,0,92,67,45,30,21,14,10,4,2,1,0,95,93,59,44,31,23,13,6,2,1
24,6,0,1466,1474,0,89,69,46,31,21,12,7,5,2,1,0,99,93,64,43,27,17,11,5,4,3
24,6,2,1466,1472,0,89,69,46,31,21,12,7,5,2,1,0,94,99,67,39,25,18,11,7,3,2
24,6,0,1488,1468,0,96,67,50,29,20,12,9,5,2,2,0,99,96,65,45,26,18,10,8,5,2
24,6,1,1488,1468,0,96,67,50,29,20,12,9,5,2,2,0,96,99,64,43,29,17,12,6,4,2
24,6,2,1488,1489,0,96,67,50,29,20,12,9,5,2,2,0,99,99,69,43,26,17,10,6,2,2
24,6,0,1426,1388,0,91,70,43,29,17,12,8,6,4,2,0,94,98,66,41,23,13,11,7,5,3
24,6,1,1426,1428,0,91,70,43,29,17,12,8,6,4,2,0,98,91,66,42,27,19,8,6,5,3
24,6,2,1426,1438,0,91,70,43,29,17,12,8,6,4,2,0,91,94,60,39,29,18,14,8,3,1
24,6,0,1418,1379,0,94,72,48,32,20,13,8,5,3,1,0,99,95,68,46,29,18,10,4,2,2
24,6,1,1418,1369,0,94,72,48,32,20,13,8,5,3,1,0,95,102,68,43,27,14,10,8,4,1
24,6,2,1418,1332,0,94,72,48,32,20,13,8,5,3,1,0,102,99,66,41,26,18,10,5,3,1
24,6,0,1402,1315,0,94,70,50,33,22,13,7,4,2,1,0,96,102,69,43,29,15,7,5,2,1
24,6,1,1402,1282,0,94,70,50,33,22,13,7,4,2,1,0,102,98,70,42,20,15,12,7,3,0
24,6,2,1402,1324,0,94,70,50,33,22,13,7,4,2,1,0,98,96,63,47,33,19,8,2,2,2
24,6,0,1418,1359,0,99,72,45,29,20,14,10,5,2,1,0,100,97,63,38,24,19,13,7,3,1
24,6,1,1418,1377,0,99,72,45,29,20,14,10,5,2,1,0,97,100,64,49,29,18,10,4,2,1
24,6,2,1418,1345,0,99,72,45,29,20,14,10,5,2,1,0,100,100,71,39,28,15,9,7,3,1
24,6,0,1412,1351,0,95,73,46,33,20,12,7,4,3,1,0,99,96,65,41,32,19,8,5,2,1
24,6,1,1412,1355,0,95,73,46,33,20,12,7,4,3,1,0,96,100,68,39,24,14,12,7,3,2
24,6,2,1412,1369,0,95,73,46,33,20,12,7,4,3,1,0,100,99,67,47,25,15,8,4,4,2
24,6,0,1397,1330,0,100,76,46,30,19,10,8,5,3,2,0,99,96,65,39,26,17,9,5,3,2
24,6,1,1397,1355,0,100,76,46,30,19,10,8,5,3,2,0,96,104,62,41,26,17,10,6,3,1
24,6,2,1397,1378,0,100,76,46,30,19,10,8,5,3,2,0,104,99,72,43,25,13,9,7,4,2
24,6,0,1455,1414,0,95,73,55,33,18,11,6,4,3,1,0,100,100,70,43,24,16,10,7,4,2
24,6,1,1455,1405,0,95,73,55,33,18,11,6,4,3,1,0,100,101,66,44,26,16,11,4,3,2
24,6,2,1455,1411,0,95,73,55,33,18,11,6,4,3,1,0,101,100,70,46,28,13,6,5,3,2
24,6,0,1410,1339,0,98,69,44,27,22,17,8,4,1,1,0,95,99,63,40,25,18,11,6,3,1
24,6,1,1410,1315,0,98,69,44,27,22,17,8,4,1,1,0,99,98,66,44,28,18,10,4,2,1
24,6,2,1410,1364,0,98,69,44,27,22,17,8,4,1,1,0,98,95,65,41,28,18,11,5,2,1
24,6,0,1324,1238,0,100,77,49,27,14,12,7,5,3,0,0,90,97,58,38,27,15,11,5,2,1
24,6,1,1324,1214,0,100,77,49,27,14,12,7,5,3,0,0,97,107,68,39,20,11,8,5,3,1
24,6,2,1324,1245,0,100,77,49,27,14,12,7,5,3,0,0,107,90,68,40,21,15,8,5,3,1
24,6,0,1341,1239,0,100,73,46,33,20,11,7,2,2,2,0,97,102,62,36,26,18,8,5,2,1
24,6,1,1341,1300,0,100,73,46,33,20,11,7,2,2,2,0,102,97,64,44,26,14,10,4,2,2
24,6,2,1341,1236,0,100,73,46,33,20,11,7,2,2,2,0,97,97,70,43,25,12,6,4,2,1
24,6,0,1366,1238,0,98,74,54,33,19,8,5,5,2,1,0,108,97,67,43,23,12,7,5,3,1
24,6,1,1366,1292,0,98,74,54,33,19,8,5,5,2,1,0,97,95,65,43,27,16,7,4,3,2
24,6,2,1366,1325,0,98,74,54,33,19,8,5,5,2,1,0,95,108,70,42,24,13,8,5,3,1
24,6,0,1557,1637,0,93,71,46,27,19,14,9,5,3,2,0,99,96,68,46,28,19,12,7,6,4
24,6,2,1557,1604,0,93,71,46,27,19,14,9,5,3,2,0,98,99,64,43,28,19,12,8,4,3
24,6,0,1427,1394,0,96,70,41,28,20,13,8,5,3,2,0,98,93,68,42,26,16,9,6,5,3
24,6,1,1427,1411,0,96,70,41,28,20,13,8,5,3,2,0,93,96,61,39,29,20,10,6,3,1
24,6,2,1427,1366,0,96,70,41,28,20,13,8,5,3,2,0,96,98,62,40,25,16,13,7,3,2
24,6,0,1523,1580,0,88,68,46,31,20,12,8,6,4,3,0,92,96,67,48,31,18,9,7,5,3
24,6,1,1523,1623,0,88,68,46,31,20,12,8,6,4,3,0,96,100,68,39,27,19,14,10,5,2
24,6,2,1523,1541,0,88,68,46,31,20,12,8,6,4,3,0,100,92,65,45,28,18,12,6,5,4
24,6,0,1517,1568,0,94,71,45,30,20,12,8,5,3,2,0,102,96,68,42,30,19,11,7,4,3
24,6,2,1517,1519,0,94,71,45,30,20,12,8,5,3,2,0,95,102,68,43,25,18,10,6,4,3
24,6,0,1437,1446,0,97,67,46,31,18,10,7,4,3,2,0,91,98,63,41,27,15,9,6,5,2
24,6,1,1437,1402,0,97,67,46,31,18,10,7,4,3,2,0,98,99,66,39,24,17,10,5,3,3
24,6,2,1437,1487,0,97,67,46,31,18,10,7,4,3,2,0,99,91,62,44,27,15,10,8,4,3
24,6,0,1402,1336,0,96,69,46,34,19,11,6,4,3,2,0,97,100,65,44,26,13,9,6,4,2
24,6,1,1402,1383,0,96,69,46,34,19,11,6,4,3,2,0,100,94,67,42,28,18,8,4,3,2
24,6,2,1402,1369,0,96,69,46,34,19,11,6,4,3,2,0,94,97,63,40,26,15,10,6,3,2
24,6,0,1494,1473,0,91,69,51,31,20,13,8,5,3,1,0,102,96,72,48,26,17,8,5,4,2
24,6,1,1494,1465,0,91,69,51,31,20,13,8,5,3,1,0,96,96,65,43,29,19,12,8,3,2
24,6,2,1494,1484,0,91,69,51,31,20,13,8,5,3,1,0,96,102,66,43,28,16,12,6,4,2
24,6,0,1429,1419,0,99,72,45,27,18,12,9,5,3,2,0,94,97,65,40,27,13,11,8,3,2
24,6,1,1429,1382,0,99,72,45,27,18,12,9,5,3,2,0,97,102,66,40,22,18,10,7,5,2
24,6,2,1429,1407,0,99,72,45,27,18,12,9,5,3,2,0,102,94,63,42,28,19,11,5,3,2
24,6,0,1333,1300,0,92,69,46,30,19,11,5,4,3,1,0,90,93,62,41,25,15,9,4,3,2
24,6,1,1333,1250,0,92,69,46,30,19,11,5,4,3,1,0,93,98,63,43,24,13,7,5,3,1
24,6,2,1333,1246,0,92,69,46,30,19,11,5,4,3,1,0,98,90,64,36,25,16,9,5,3,2
24,6,0,1293,1228,0,96,73,45,26,19,12,7,5,2,0,0,87,99,59,36,27,17,9,6,2,0
24,6,1,1293,1221,0,96,73,45,26,19,12,7,5,2,0,0,99,99,68,38,19,12,10,5,3,1
24,6,2,1293,1169,0,96,73,45,26,19,12,7,5,2,0,0,99,87,62,42,25,16,7,3,2,1
24,6,0,1298,1251,0,98,72,48,31,16,8,7,4,2,2,0,98,91,59,38,24,15,8,5,3,2
24,6,1,1298,1262,0,98,72,48,31,16,8,7,4,2,2,0,91,99,60,41,28,14,7,4,3,1
24,6,2,1298,1158,0,98,72,48,31,16,8,7,4,2,2,0,99,98,71,39,18,10,8,6,2,1
24,6,0,1284,1219,0,96,67,46,32,18,10,5,3,3,2,0,94,94,62,41,25,13,7,4,3,1
24,6,1,1284,1189,0,96,67,46,32,18,10,5,3,3,2,0,94,94,59,37,23,14,9,6,2,1
24,6,2,1284,1263,0,96,67,46,32,18,10,5,3,3,2,0,94,94,65,41,25,14,7,3,3,3
24,6,0,1323,1249,0,92,74,47,30,18,11,7,4,2,1,0,90,102,65,36,21,14,9,5,2,1
24,6,1,1323,1303,0,92,74,47,30,18,11,7,4,2,1,0,102,95,67,44,23,16,9,5,2,1
24,6,2,1323,1305,0,92,74,47,30,18,11,7,4,2,1,0,95,90,63,41,30,14,8,5,4,2
24,6,0,1323,1272,0,99,71,47,28,18,11,8,4,2,1,0,98,92,59,38,27,19,10,6,2,0
24,6,1,1323,1231,0,99,71,47,28,18,11,8,4,2,1,0,92,99,65,41,24,11,10,5,2,1
24,6,2,1323,1228,0,99,71,47,28,18,11,8,4,2,1,0,99,98,66,40,21,14,6,4,3,2
24,6,0,1314,1224,0,96,72,46,32,19,13,8,3,1,0,0,94,95,65,40,26,15,8,5,2,0
24,6,1,1314,1201,0,96,72,46,32,19,13,8,3,1,0,0,95,101,60,37,25,16,11,4,1,0
24,6,2,1314,1179,0,96,72,46,32,19,13,8,3,1,0,0,101,94,69,45,25,13,6,3,1,1
24,6,0,1284,1206,0,98,69,47,27,21,12,6,5,2,1,0,92,96,59,37,22,15,7,5,3,1
24,6,1,1284,1283,0,98,69,47,27,21,12,6,5,2,1,0,96,100,62,43,25,19,10,4,2,1
24,6,2,1284,1269,0,98,69,47,27,21,12,6,5,2,1,0,100,92,69,41,27,13,9,5,3,1
24,6,0,1283,1191,0,93,71,44,27,16,13,9,5,2,0,0,94,96,60,33,21,16,10,6,3,0
24,6,1,1283,1223,0,93,71,44,27,16,13,9,5,2,0,0,96,90,61,43,22,14,11,6,2,0
24,6,2,1283,1251,0,93,71,44,27,16,13,9,5,2,0,0,90,94,66,40,29,15,8,4,2,2
24,6,0,1290,1197,0,93,65,45,28,19,11,5,5,3,1,0,95,89,61,42,23,13,8,5,3,1
24,6,1,1290,1292,0,93,65,45,28,19,11,5,5,3,1,0,89,92,62,38,24,16,8,4,3,3
24,6,2,1290,1317,0,93,65,45,28,19,11,5,5,3,1,0,92,95,60,38,26,16,10,6,4,1
24,6,0,1323,1298,0,101,70,44,27,17,12,9,4,3,1,0,102,97,69,39,23,14,9,6,3,2
24,6,1,1323,1246,0,101,70,44,27,17,12,9,4,3,1,0,97,89,57,39,25,16,9,6,4,1
24,6,2,1323,1274,0,101,70,44,27,17,12,9,4,3,1,0,89,102,61,39,25,16,11,5,1,1
24,6,0,1319,1355,0,90,69,50,32,17,9,5,3,2,2,0,89,95,65,44,29,12,7,4,3,2
24,6,1,1319,1250,0,90,69,50,32,17,9,5,3,2,2,0,95,97,66,35,20,13,7,5,3,3
24,6,2,1319,1292,0,90,69,50,32,17,9,5,3,2,2,0,97,89,60,43,23,15,9,5,3,1
24,6,0,1410,1326,0,96,78,46,30,24,12,9,5,2,0,0,102,99,70,40,24,16,11,6,2,1
24,6,1,1410,1358,0,96,78,46,30,24,12,9,5,2,0,0,99,101,64,44,30,20,8,4,3,1
24,6,2,1410,1341,0,96,78,46,30,24,12,9,5,2,0,0,101,102,72,44,28,16,9,6,2,0
24,6,0,1364,1333,0,101,80,54,30,15,10,8,5,3,1,0,107,100,75,48,25,16,7,4,3,1
24,6,1,1364,1285,0,101,80,54,30,15,10,8,5,3,1,0,100,100,63,37,27,13,10,7,2,1
24,6,2,1364,1315,0,101,80,54,30,15,10,8,5,3,1,0,100,107,68,41,20,13,10,6,4,2
24,6,0,1458,1398,0,100,66,44,34,22,16,7,3,2,2,0,89,106,69,41,28,14,11,7,3,2
24,6,1,1458,1398,0,100,66,44,34,22,16,7,3,2,2,0,106,102,68,44,25,18,10,4,3,1
24,6,2,1458,1401,0,100,66,44,34,22,16,7,3,2,2,0,102,89,60,46,34,21,10,4,2,2
24,6,0,1350,1295,0,90,75,50,31,18,10,6,5,3,1,0,98,94,61,42,29,17,9,3,2,2
24,6,1,1350,1250,0,90,75,50,31,18,10,6,5,3,1,0,94,97,69,42,25,12,7,6,3,1
24,6,2,1350,1280,0,90,75,50,31,18,10,6,5,3,1,0,97,98,69,40,20,14,9,6,4,1
24,6,0,1496,1458,0,99,70,45,30,22,16,7,4,2,2,0,103,101,69,41,28,20,11,6,3,1
24,6,1,1496,1509,0,99,70,45,30,22,16,7,4,2,2,0,101,95,64,43,28,18,14,6,3,2
24,6,2,1496,1455,0,99,70,45,30,22,16,7,4,2,2,0,95,103,67,46,29,17,8,5,4,3
24,6,0,1471,1424,0,91,70,47,34,22,13,8,3,2,2,0,102,96,70,47,25,16,10,5,3,2
24,6,1,1471,1471,0,91,70,47,34,22,13,8,3,2,2,0,96,96,66,45,33,21,9,4,2,2
24,6,2,1471,1451,0,91,70,47,34,22,13,8,3,2,2,0,96,102,67,41,28,15,11,8,4,2
24,6,0,1394,1377,0,95,77,53,33,15,8,7,5,3,2,0,102,98,68,44,22,15,10,7,3,1
24,6,1,1394,1401,0,95,77,53,33,15,8,7,5,3,2,0,98,99,68,44,27,12,9,6,4,3
24,6,2,1394,1309,0,95,77,53,33,15,8,7,5,3,2,0,99,102,68,39,25,14,7,5,4,2
24,6,0,1351,1283,0,101,70,46,31,20,11,5,4,4,1,0,98,95,67,42,25,15,8,4,3,2
24,6,1,1351,1271,0,101,70,46,31,20,11,5,4,4,1,0,95,100,63,40,26,15,6,4,3,2
24,6,2,1351,1314,0,101,70,46,31,20,11,5,4,4,1,0,100,98,62,40,25,15,11,6,3,1
24,6,0,1415,1415,0,98,75,46,29,21,13,8,4,1,1,0,99,99,68,44,28,17,10,5,3,2
24,6,1,1415,1341,0,98,75,46,29,21,13,8,4,1,1,0,99,100,66,40,26,15,9,6,3,1
24,6,2,1415,1374,0,98,75,46,29,21,13,8,4,1,1,0,100,99,66,41,25,18,10,5,2,1
24,6,0,1393,1325,0,97,66,45,30,19,15,9,5,3,1,0,96,101,66,38,22,16,12,7,3,1
24,6,1,1393,1416,0,97,66,45,30,19,15,9,5,3,1,0,101,93,64,44,27,19,11,5,3,2
24,6,2,1393,1361,0,97,66,45,30,19,15,9,5,3,1,0,93,96,63,45,33,17,10,6,3,1
24,6,0,1385,1361,0,88,72,46,32,23,11,7,3,2,2,0,99,93,63,43,26,18,10,4,2,2
24,6,1,1385,1274,0,88,72,46,32,23,11,7,3,2,2,0,93,95,66,46,30,14,7,5,3,1
24,6,2,1385,1392,0,88,72,46,32,23,11,7,3,2,2,0,95,99,70,38,25,17,9,6,3,2
24,6,0,1342,1264,0,95,73,48,30,16,9,5,5,3,2,0,92,98,63,37,24,14,10,6,4,1
24,6,1,1342,1275,0,95,73,48,30,16,9,5,5,3,2,0,98,97,67,41,20,11,8,4,3,3
24,6,2,1342,1360,0,95,73,48,30,16,9,5,5,3,2,0,97,92,62,41,27,16,7,6,4,2
24,6,0,1441,1458,0,96,73,49,29,17,11,8,5,2,1,0,99,103,68,42,25,15,10,7,4,2
24,6,1,1441,1402,0,96,73,49,29,17,11,8,5,2,1,0,103,92,66,40,26,16,9,5,4,3
24,6,0,1461,1457,0,95,70,49,34,18,13,7,5,3,2,0,99,100,66,46,26,15,12,6,4,3
24,6,1,1461,1413,0,95,70,49,34,18,13,7,5,3,2,0,100,98,68,44,28,15,8,6,5,2
24,6,2,1461,1443,0,95,70,49,34,18,13,7,5,3,2,0,98,99,68,42,29,19,11,6,2,1
24,6,0,1459,1411,0,101,72,48,28,22,13,8,3,3,2,0,99,103,64,42,28,17,11,4,3,3
24,6,1,1459,1482,0,101,72,48,28,22,13,8,3,3,2,0,103,100,70,45,26,16,8,6,4,3
24,6,2,1459,1528,0,101,72,48,28,22,13,8,3,3,2,0,100,99,67,42,27,20,12,8,3,1
24,6,0,1429,1405,0,99,69,48,29,16,13,10,5,3,1,0,99,96,62,40,28,16,10,7,4,2
24,6,1,1429,1370,0,99,69,48,29,16,13,10,5,3,1,0,96,99,65,43,24,17,11,7,4,1
24,6,2,1429,1422,0,99,69,48,29,16,13,10,5,3,1,0,99,99,68,43,26,16,12,6,2,2
24,6,0,1353,1260,0,91,69,46,35,22,14,6,2,2,1,0,96,97,67,42,26,16,9,3,1,1
24,6,1,1353,1274,0,91,69,46,35,22,14,6,2,2,1,0,97,95,64,43,28,16,9,4,2,1
24,6,2,1353,1258,0,91,69,46,35,22,14,6,2,2,1,0,95,96,66,43,28,15,7,4,2,1
24,6,0,1414,1345,0,97,74,47,28,22,13,7,4,1,1,0,98,98,67,43,25,17,10,4,2,1
24,6,1,1414,1389,0,97,74,47,28,22,13,7,4,1,1,0,98,100,66,43,27,17,9,5,2,1
24,6,2,1414,1366,0,97,74,47,28,22,13,7,4,1,1,0,100,98,66,39,26,16,9,6,4,2
24,6,0,1390,1364,0,101,71,48,30,19,13,8,5,3,1,0,100,103,68,42,26,15,11,5,3,1
24,6,1,1390,1304,0,101,71,48,30,19,13,8,5,3,1,0,103,96,67,41,25,16,8,5,3,2
24,6,2,1390,1389,0,101,71,48,30,19,13,8,5,3,1,0,96,100,63,44,28,18,11,7,3,1
24,6,0,1435,1410,0,95,75,46,33,22,14,8,4,2,1,0,97,106,66,44,28,17,12,5,4,2
24,6,1,1435,1402,0,95,75,46,33,22,14,8,4,2,1,0,106,98,75,46,28,16,8,4,3,1
24,6,2,1435,1354,0,95,75,46,33,22,14,8,4,2,1,0,98,97,65,41,29,19,10,7,1,1
24,6,0,1411,1340,0,101,76,53,30,18,9,7,6,3,1,0,104,96,63,43,26,16,9,4,4,3
24,6,1,1411,1325,0,101,76,53,30,18,9,7,6,3,1,0,96,104,71,43,26,13,7,6,3,1
24,6,2,1411,1294,0,101,76,53,30,18,9,7,6,3,1,0,104,104,69,41,22,15,10,7,3,0
24,6,0,1456,1421,0,95,73,47,33,23,11,5,3,2,1,0,102,99,70,44,24,15,9,5,3,2
24,6,2,1456,1439,0,95,73,47,33,23,11,5,3,2,1,0,95,102,67,41,26,17,10,5,3,2
24,6,0,1406,1345,0,99,73,48,31,19,11,6,5,2,2,0,93,106,66,42,28,14,8,5,3,2
24,6,1,1406,1343,0,99,73,48,31,19,11,6,5,2,2,0,106,98,71,41,21,13,8,6,4,1
24,6,2,1406,1390,0,99,73,48,31,19,11,6,5,2,2,0,98,93,61,42,28,19,11,5,3,2
24,6,0,1482,1498,0,96,73,49,31,17,13,9,4,3,2,0,99,99,65,42,28,16,12,7,4,3
24,6,1,1482,1524,0,96,73,49,31,17,13,9,4,3,2,0,99,101,69,46,27,16,10,6,4,2
24,6,2,1482,1447,0,96,73,49,31,17,13,9,4,3,2,0,101,99,69,42,26,18,11,7,3,2
24,6,0,1402,1365,0,99,70,46,32,23,13,7,2,2,2,0,99,102,67,43,27,16,8,4,2,2
24,6,1,1402,1389,0,99,70,46,32,23,13,7,2,2,2,0,102,96,67,41,26,19,10,5,2,2
24,6,2,1402,1306,0,99,70,46,32,23,13,7,2,2,2,0,96,99,64,44,29,15,9,5,3,1
24,6,0,1348,1267,0,93,74,53,33,19,9,5,4,2,1,0,99,93,67,39,26,14,7,5,3,1
24,6,1,1348,1253,0,93,74,53,33,19,9,5,4,2,1,0,93,102,63,42,22,15,9,5,3,1
24,6,2,1348,1306,0,93,74,53,33,19,9,5,4,2,1,0,102,99,71,46,26,12,6,3,2,2
24,6,0,1388,1323,0,98,70,47,28,19,15,8,5,2,1,0,97,99,64,39,23,18,12,5,3,1
24,6,1,1388,1353,0,98,70,47,28,19,15,8,5,2,1,0,99,97,65,43,27,18,10,4,2,2
24,6,2,1388,1293,0,98,70,47,28,19,15,8,5,2,1,0,97,97,66,43,28,14,9,7,3,0
24,6,0,1431,1348,0,97,77,52,32,19,12,7,4,2,1,0,92,109,70,40,27,16,10,5,1,1
24,6,1,1431,1355,0,97,77,52,32,19,12,7,4,2,1,0,109,103,69,42,22,14,9,6,3,2
24,6,2,1431,1350,0,97,77,52,32,19,12,7,4,2,1,0,103,92,68,48,29,16,8,4,4,1
24,6,0,1348,1312,0,106,73,48,30,20,10,6,3,3,2,0,102,102,63,40,25,18,11,5,3,1
24,6,1,1348,1235,0,106,73,48,30,20,10,6,3,3,2,0,102,97,65,42,27,12,7,3,2,2
24,6,2,1348,1289,0,106,73,48,30,20,10,6,3,3,2,0,97,102,67,40,22,14,6,6,3,2
24,6,0,1389,1328,0,99,76,50,33,19,11,5,3,2,1,0,97,102,62,40,27,14,9,5,3,2
24,6,1,1389,1289,0,99,76,50,33,19,11,5,3,2,1,0,102,102,71,42,24,13,7,3,3,2
24,6,2,1389,1372,0,99,76,50,33,19,11,5,3,2,1,0,102,97,69,44,25,16,8,5,2,1
24,6,0,1425,1330,0,97,72,44,30,23,15,10,6,1,0,0,101,97,67,46,29,19,10,5,2,0
24,6,1,1425,1361,0,97,72,44,30,23,15,10,6,1,0,0,97,100,69,45,30,17,11,6,2,0
24,6,2,1425,1355,0,97,72,44,30,23,15,10,6,1,0,0,100,101,65,38,26,19,11,6,3,1
24,6,0,1402,1280,0,96,79,51,31,17,10,10,5,2,1,0,98,98,69,43,25,14,10,7,3,0
24,6,1,1402,1291,0,96,79,51,31,17,10,10,5,2,1,0,98,106,69,43,23,15,10,5,2,2
24,6,2,1402,1354,0,96,79,51,31,17,10,10,5,2,1,0,106,98,68,41,28,16,8,6,3,1
24,6,0,1361,1250,0,96,70,50,34,19,13,5,3,3,1,0,100,95,68,43,28,14,7,4,2,1
24,6,1,1361,1270,0,96,70,50,34,19,13,5,3,3,1,0,95,99,62,42,26,16,8,4,3,2
24,6,2,1361,1289,0,96,70,50,34,19,13,5,3,3,1,0,99,100,68,43,24,14,10,4,2,1
24,6,0,1505,1488,0,96,70,49,34,24,13,8,5,3,2,0,105,100,69,49,31,17,9,5,4,3
24,6,1,1505,1430,0,96,70,49,34,24,13,8,5,3,2,0,100,99,72,46,30,19,9,6,3,1
24,6,2,1505,1438,0,96,70,49,34,24,13,8,5,3,2,0,99,105,67,43,28,19,13,7,3,1
24,6,0,1538,1484,0,97,78,50,29,19,13,10,8,4,1,0,102,102,73,44,30,16,10,8,5,2
24,6,1,1538,1518,0,97,78,50,29,19,13,10,8,4,1,0,102,105,72,43,24,20,13,9,5,1
24,6,2,1538,1503,0,97,78,50,29,19,13,10,8,4,1,0,105,102,67,47,30,19,13,6,3,2
24,6,0,1515,1517,0,100,71,49,34,19,15,10,5,3,1,0,107,97,69,48,28,18,12,6,3,2
24,6,1,1515,1515,0,100,71,49,34,19,15,10,5,3,1,0,97,104,67,46,33,19,12,7,3,2
24,6,2,1515,1442,0,100,71,49,34,19,15,10,5,3,1,0,104,107,72,43,27,17,11,7,4,1
24,6,0,1457,1369,0,100,75,49,32,21,12,9,5,3,1,0,104,102,74,44,23,15,10,7,3,1
24,6,1,1457,1410,0,100,75,49,32,21,12,9,5,3,1,0,102,101,66,45,29,19,11,6,3,1
24,6,2,1457,1405,0,100,75,49,32,21,12,9,5,3,1,0,101,104,67,43,31,17,9,5,3,2
24,6,0,1477,1515,0,98,76,50,35,20,13,8,4,2,1,0,104,102,70,48,33,17,9,6,2,1
24,6,1,1477,1418,0,98,76,50,35,20,13,8,4,2,1,0,102,103,72,42,26,16,10,6,3,2
24,6,2,1477,1474,0,98,76,50,35,20,13,8,4,2,1,0,103,104,69,45,26,17,11,5,4,2
24,6,0,1490,1487,0,97,71,49,33,25,15,9,5,1,1,0,98,105,71,44,30,20,11,7,2,1
24,6,1,1490,1472,0,97,71,49,33,25,15,9,5,1,1,0,105,104,70,44,28,19,12,6,4,1
24,6,2,1490,1398,0,97,71,49,33,25,15,9,5,1,1,0,104,98,69,51,32,18,9,4,2,1
24,6,0,1487,1418,0,101,80,51,30,21,15,10,6,2,0,0,107,105,71,46,30,20,9,5,3,1
24,6,1,1487,1445,0,101,80,51,30,21,15,10,6,2,0,0,105,104,69,44,29,17,13,8,3,0
24,6,2,1487,1375,0,101,80,51,30,21,15,10,6,2,0,0,104,107,75,45,25,17,11,5,2,1
24,6,0,1466,1401,0,102,74,51,35,21,13,8,3,3,2,0,105,104,75,45,26,15,11,6,2,1
24,6,1,1466,1383,0,102,74,51,35,21,13,8,3,3,2,0,104,103,65,44,29,18,9,5,3,2
24,6,2,1466,1448,0,102,74,51,35,21,13,8,3,3,2,0,103,105,70,47,30,17,9,5,3,2
24,6,0,1459,1409,0,94,72,51,35,24,15,5,4,2,1,0,98,108,72,47,31,18,8,3,2,1
24,6,1,1459,1385,0,94,72,51,35,24,15,5,4,2,1,0,108,98,72,46,27,17,10,5,2,1
24,6,2,1459,1403,0,94,72,51,35,24,15,5,4,2,1,0,98,98,66,45,29,17,10,5,4,2
24,6,0,1260,1208,0,84,70,39,25,18,13,8,3,1,1,0,91,82,60,36,23,15,9,6,2,1
24,6,1,1260,1190,0,84,70,39,25,18,13,8,3,1,1,0,82,90,57,38,25,16,10,4,2,1
24,6,2,1260,1191,0,84,70,39,25,18,13,8,3,1,1,0,90,91,62,35,22,14,8,4,2,1
24,6,0,1205,1102,0,87,62,45,29,17,9,6,4,2,1,0,85,86,58,40,24,14,6,5,2,0
24,6,1,1205,1175,0,87,62,45,29,17,9,6,4,2,1,0,86,91,59,34,21,14,9,5,3,2
24,6,2,1205,1113,0,87,62,45,29,17,9,6,4,2,1,0,91,85,58,39,23,11,7,3,2,1
24,6,0,1215,1148,0,84,59,40,25,17,11,6,5,3,1,0,85,82,59,34,20,15,10,5,2,1
24,6,1,1215,1191,0,84,59,40,25,17,11,6,5,3,1,0,82,84,50,36,25,15,8,5,4,2
24,6,2,1215,1147,0,84,59,40,25,17,11,6,5,3,1,0,84,85,58,38,23,13,8,5,3,1
24,6,0,1217,1248,0,84,66,41,27,17,11,4,4,2,2,0,89,85,58,35,22,17,11,4,3,2
24,6,1,1217,1156,0,84,66,41,27,17,11,4,4,2,2,0,85,85,56,37,25,11,7,4,3,2
24,6,2,1217,1170,0,84,66,41,27,17,11,4,4,2,2,0,85,89,61,37,21,13,6,5,3,1
24,6,0,1284,1260,0,89,61,41,26,17,11,8,4,3,1,0,82,91,54,36,25,16,10,5,3,2
24,6,1,1284,1293,0,89,61,41,26,17,11,8,4,3,1,0,91,90,61,38,24,14,9,6,3,2
24,6,2,1284,1354,0,89,61,41,26,17,11,8,4,3,1,0,90,82,59,39,23,16,10,7,4,2
24,6,0,1217,1219,0,78,63,44,29,17,8,5,2,1,1,0,90,85,59,36,20,12,7,5,3,2
24,6,2,1217,1185,0,78,63,44,29,17,8,5,2,1,1,0,76,90,56,35,22,13,7,4,2,2
24,6,0,1250,1225,0,82,61,43,27,19,11,5,3,2,1,0,86,88,61,37,23,13,6,5,4,3
24,6,1,1250,1215,0,82,61,43,27,19,11,5,3,2,1,0,88,82,57,37,23,15,10,4,3,1
24,6,2,1250,1221,0,82,61,43,27,19,11,5,3,2,1,0,82,86,56,39,24,15,8,4,1,1
24,6,0,1211,1187,0,81,62,40,24,15,10,8,5,2,1,0,86,80,55,36,22,10,8,7,4,2
24,6,1,1211,1149,0,81,62,40,24,15,10,8,5,2,1,0,80,83,56,36,21,16,8,5,4,1
24,6,2,1211,1210,0,81,62,40,24,15,10,8,5,2,1,0,83,86,57,34,23,16,11,5,1,1
24,6,0,1201,1147,0,87,60,39,27,16,10,6,3,3,2,0,82,87,56,35,23,14,6,3,2,2
24,6,1,1201,1157,0,87,60,39,27,16,10,6,3,3,2,0,87,84,56,34,20,13,10,7,3,1
24,6,2,1201,1152,0,87,60,39,27,16,10,6,3,3,2,0,84,82,54,37,24,13,8,4,3,2
24,6,0,1005,930,0,78,56,39,25,17,8,4,1,1,1,0,69,84,50,28,20,12,4,3,1,1
24,6,1,1005,870,0,78,56,39,25,17,8,4,1,1,1,0,84,77,53,30,16,10,7,3,1,0
24,6,2,1005,890,0,78,56,39,25,17,8,4,1,1,1,0,77,69,49,38,21,10,4,1,1,1
24,6,0,948,875,0,80,57,37,22,14,9,3,2,1,0,0,81,74,47,25,16,12,7,3,1,0
24,6,1,948,833,0,80,57,37,22,14,9,3,2,1,0,0,74,70,47,34,18,8,5,2,1,0
24,6,2,948,834,0,80,57,37,22,14,9,3,2,1,0,0,70,81,51,29,17,9,3,1,1,1
24,6,0,982,891,0,77,58,36,25,13,9,5,3,1,0,0,75,75,48,28,21,11,8,2,0,0
24,6,1,982,871,0,77,58,36,25,13,9,5,3,1,0,0,75,77,52,31,17,8,4,3,1,1
24,6,2,982,948,0,77,58,36,25,13,9,5,3,1,0,0,77,75,50,33,18,12,6,4,3,0
24,6,0,955,872,0,79,59,36,23,12,7,4,3,1,1,0,77,76,49,32,18,7,4,3,1,1
24,6,1,955,898,0,79,59,36,23,12,7,4,3,1,1,0,76,72,51,31,17,10,4,4,3,0
24,6,2,955,848,0,79,59,36,23,12,7,4,3,1,1,0,72,77,46,24,16,11,8,2,1,1
24,6,0,977,860,0,79,59,39,22,13,8,4,2,2,0,0,73,74,50,32,20,9,5,2,1,0
24,6,1,977,860,0,79,59,39,22,13,8,4,2,2,0,0,74,81,52,27,14,9,6,3,1,1
24,6,2,977,906,0,79,59,39,22,13,8,4,2,2,0,0,81,73,47,31,17,11,5,3,2,1
24,6,0,909,844,0,83,56,35,20,13,8,6,2,0,0,0,79,73,47,30,15,10,5,3,1,0
24,6,1,909,854,0,83,56,35,20,13,8,6,2,0,0,0,73,71,45,28,19,12,7,2,0,0
24,6,2,909,780,0,83,56,35,20,13,8,6,2,0,0,0,71,79,48,26,15,7,4,3,1,0
24,6,0,1005,922,0,83,61,38,23,15,9,5,2,1,0,0,76,76,53,33,17,10,6,4,1,0
24,6,1,1005,905,0,83,61,38,23,15,9,5,2,1,0,0,76,85,52,30,18,12,7,2,1,0
24,6,2,1005,895,0,83,61,38,23,15,9,5,2,1,0,0,85,76,49,30,20,10,4,2,1,1
24,6,0,955,915,0,80,57,38,23,14,7,4,2,1,1,0,72,76,46,29,18,11,6,4,1,1
24,6,1,955,929,0,80,57,38,23,14,7,4,2,1,1,0,76,79,51,31,16,9,5,2,2,1
24,6,2,955,816,0,80,57,38,23,14,7,4,2,1,1,0,79,72,50,30,18,9,4,2,1,0
24,6,0,1017,1019,0,76,62,37,25,13,7,4,3,2,1,0,80,72,53,28,20,14,7,4,2,1
24,6,1,1017,956,0,76,62,37,25,13,7,4,3,2,1,0,72,79,45,30,19,8,6,4,3,2
24,6,2,1017,1010,0,76,62,37,25,13,7,4,3,2,1,0,79,80,57,35,17,9,5,3,2,1
24,6,0,1126,1053,0,85,61,40,25,15,10,5,1,1,1,0,85,77,53,34,20,12,7,3,2,1
24,6,1,1126,1081,0,85,61,40,25,15,10,5,1,1,1,0,77,84,53,34,20,12,6,3,1,1
24,6,2,1126,1076,0,85,61,40,25,15,10,5,1,1,1,0,84,85,55,32,20,11,7,4,2,2
24,6,0,1111,1013,0,80,61,38,23,16,9,5,4,1,1,0,81,81,56,34,20,11,6,4,2,1
24,6,1,1111,1111,0,80,61,38,23,16,9,5,4,1,1,0,81,77,51,31,21,14,7,4,3,1
24,6,2,1111,1054,0,80,61,38,23,16,9,5,4,1,1,0,77,81,52,33,19,12,8,4,2,1
24,6,0,1094,1038,0,83,62,38,23,12,8,7,4,2,1,0,81,78,55,36,18,9,7,5,3,1
24,6,1,1094,1028,0,83,62,38,23,12,8,7,4,2,1,0,78,81,53,29,19,13,7,4,3,1
24,6,2,1094,1030,0,83,62,38,23,12,8,7,4,2,1,0,81,81,49,30,20,12,8,5,1,1
24,6,0,1035,956,0,81,62,38,25,14,8,4,2,2,1,0,76,79,51,30,20,11,7,2,2,1
24,6,1,1035,938,0,81,62,38,25,14,8,4,2,2,1,0,79,82,51,31,17,10,5,3,1,1
24,6,2,1035,975,0,81,62,38,25,14,8,4,2,2,1,0,82,76,54,33,19,10,5,4,2,1
24,6,0,972,901,0,84,59,39,26,16,6,3,2,1,0,0,80,78,52,31,17,11,4,2,1,1
24,6,1,972,863,0,84,59,39,26,16,6,3,2,1,0,0,78,78,50,29,20,10,4,2,1,0
24,6,2,972,847,0,84,59,39,26,16,6,3,2,1,0,0,78,80,50,33,17,7,4,2,1,0
24,6,0,992,862,0,81,60,40,21,13,9,5,3,1,0,0,76,78,48,28,17,11,6,3,2,0
24,6,1,992,901,0,81,60,40,21,13,9,5,3,1,0,0,78,79,50,32,18,9,6,3,1,0
24,6,2,992,937,0,81,60,40,21,13,9,5,3,1,0,0,79,76,54,32,17,11,6,3,1,1
24,6,0,1110,1048,0,83,63,38,25,16,10,6,2,1,1,0,81,80,52,28,21,12,8,5,3,1
24,6,1,1110,1034,0,83,63,38,25,16,10,6,2,1,1,0,80,85,53,36,18,11,7,2,1,1
24,6,2,1110,1072,0,83,63,38,25,16,10,6,2,1,1,0,85,81,58,36,23,14,6,4,1,1
24,6,0,1130,1056,0,85,63,42,25,15,8,5,4,2,1,0,84,87,53,32,19,12,5,3,3,2
24,6,1,1130,1042,0,85,63,42,25,15,8,5,4,2,1,0,87,79,54,38,22,12,7,4,2,0
24,6,2,1130,1062,0,85,63,42,25,15,8,5,4,2,1,0,79,84,58,32,19,11,8,5,2,1
24,6,0,1099,1022,0,86,60,41,24,12,8,5,4,3,1,0,83,81,53,33,20,9,7,5,3,1
24,6,1,1099,1025,0,86,60,41,24,12,8,5,4,3,1,0,81,80,54,32,17,11,7,5,3,1
24,6,2,1099,1059,0,86,60,41,24,12,8,5,4,3,1,0,80,83,51,33,20,13,7,3,2,2
24,6,0,1130,1096,0,83,60,41,26,14,7,4,3,2,1,0,82,79,54,35,21,11,5,4,2,1
24,6,1,1130,1083,0,83,60,41,26,14,7,4,3,2,1,0,79,82,53,33,19,10,7,5,3,2
24,6,2,1130,1086,0,83,60,41,26,14,7,4,3,2,1,0,82,82,53,32,19,12,7,3,3,2
24,6,0,1105,1059,0,82,60,40,24,15,10,5,3,1,1,0,75,79,52,32,20,12,8,4,1,1
24,6,1,1105,1080,0,82,60,40,24,15,10,5,3,1,1,0,79,88,52,34,19,12,7,4,3,1
24,6,2,1105,1017,0,82,60,40,24,15,10,5,3,1,1,0,88,75,56,34,21,12,6,3,2,1
24,6,0,1091,1025,0,86,62,38,22,14,10,6,3,2,1,0,82,82,51,33,19,13,7,4,2,1
24,6,1,1091,1050,0,86,62,38,22,14,10,6,3,2,1,0,82,80,52,32,21,13,8,3,2,1
24,6,2,1091,1011,0,86,62,38,22,14,10,6,3,2,1,0,80,82,55,31,18,10,7,5,2,1
24,6,0,1080,1006,0,80,59,36,24,14,8,7,2,2,2,0,73,79,54,34,19,10,6,4,2,1
24,6,1,1080,1010,0,80,59,36,24,14,8,7,2,2,2,0,79,82,53,28,19,14,7,5,2,1
24,6,2,1080,1044,0,80,59,36,24,14,8,7,2,2,2,0,82,73,47,33,21,11,8,4,2,2
24,6,0,1046,1043,0,77,59,38,24,16,8,3,3,2,1,0,72,82,49,32,21,13,6,3,2,1
24,6,1,1046,1014,0,77,59,38,24,16,8,3,3,2,1,0,82,78,55,32,18,10,7,4,2,1
24,6,2,1046,980,0,77,59,38,24,16,8,3,3,2,1,0,78,72,51,32,19,11,5,3,3,2
24,6,0,1090,1045,0,82,62,37,22,13,10,7,5,2,0,0,82,74,50,29,21,14,9,6,2,0
24,6,1,1090,1013,0,82,62,37,22,13,10,7,5,2,0,0,74,84,50,32,19,11,9,4,2,1
24,6,2,1090,1062,0,82,62,37,22,13,10,7,5,2,0,0,84,82,58,35,19,12,6,4,3,1
24,6,0,1171,1156,0,81,56,36,25,14,12,7,4,2,1,0,81,79,51,35,21,13,9,3,3,2
24,6,1,1171,1133,0,81,56,36,25,14,12,7,4,2,1,0,79,79,54,36,24,15,7,5,2,1
24,6,2,1171,1132,0,81,56,36,25,14,12,7,4,2,1,0,79,81,53,31,21,13,11,7,3,1
24,6,0,1174,1098,0,77,61,38,29,19,10,6,3,2,1,0,82,81,56,34,26,14,5,4,2,1
24,6,1,1174,1089,0,77,61,38,29,19,10,6,3,2,1,0,81,83,58,35,19,13,10,6,2,0
24,6,2,1174,1097,0,77,61,38,29,19,10,6,3,2,1,0,83,82,55,39,25,14,7,2,2,2
24,6,0,1135,1072,0,81,59,43,24,18,9,6,4,2,1,0,87,77,54,33,18,13,8,5,3,1
24,6,1,1135,1112,0,81,59,43,24,18,9,6,4,2,1,0,77,83,52,40,24,16,7,3,1,1
24,6,2,1135,1115,0,81,59,43,24,18,9,6,4,2,1,0,83,87,60,34,22,11,7,5,3,1
24,6,0,1307,1379,0,84,65,44,23,13,9,7,6,2,2,0,82,91,59,35,23,14,9,7,4,3
24,6,1,1307,1319,0,84,65,44,23,13,9,7,6,2,2,0,91,85,58,35,20,13,10,7,5,2
24,6,0,1228,1325,0,81,56,38,25,15,10,7,3,3,2,0,82,79,53,35,25,15,10,7,4,3
24,6,1,1228,1232,0,81,56,38,25,15,10,7,3,3,2,0,79,82,52,35,22,13,9,5,4,2
24,6,2,1228,1290,0,81,56,38,25,15,10,7,3,3,2,0,82,82,57,36,21,15,9,6,3,3
24,6,0,1190,1157,0,89,59,41,21,15,10,6,4,2,1,0,87,83,54,31,19,13,10,5,3,1
24,6,1,1190,1187,0,89,59,41,21,15,10,6,4,2,1,0,83,80,57,37,19,12,7,4,3,2
24,6,2,1190,1186,0,89,59,41,21,15,10,6,4,2,1,0,80,87,50,34,23,15,8,6,3,2
24,6,0,1234,1223,0,83,60,35,27,14,11,8,4,3,2,0,87,76,51,35,24,16,11,5,3,2
24,6,1,1234,1254,0,83,60,35,27,14,11,8,4,3,2,0,76,85,54,39,25,12,9,6,3,2
24,6,2,1234,1251,0,83,60,35,27,14,11,8,4,3,2,0,85,87,60,31,21,15,9,7,4,2
24,6,0,1195,1134,0,82,67,44,26,16,8,4,3,3,2,0,84,85,60,37,20,12,7,5,4,2
24,6,1,1195,1193,0,82,67,44,26,16,8,4,3,3,2,0,85,87,58,35,22,14,7,3,3,2
24,6,2,1195,1131,0,82,67,44,26,16,8,4,3,3,2,0,87,84,56,35,21,11,7,5,2,2
24,6,0,1301,1282,0,82,64,41,27,15,8,6,5,4,2,0,86,89,58,36,23,14,10,5,4,4
24,6,1,1301,1313,0,82,64,41,27,15,8,6,5,4,2,0,89,81,57,36,24,14,7,6,5,3
24,6,2,1301,1338,0,82,64,41,27,15,8,6,5,4,2,0,81,86,59,38,22,14,10,8,4,1
24,6,0,1301,1335,0,80,61,42,26,16,11,7,4,2,1,0,83,85,57,39,23,15,10,5,4,3
24,6,2,1301,1318,0,80,61,42,26,16,11,7,4,2,1,0,85,83,58,38,23,15,9,6,3,2
24,6,0,1212,1166,0,88,63,37,21,16,12,7,4,2,2,0,80,91,54,33,21,14,8,5,4,2
24,6,1,1212,1203,0,88,63,37,21,16,12,7,4,2,2,0,91,82,59,35,23,16,9,5,2,1
24,6,2,1212,1192,0,88,63,37,21,16,12,7,4,2,2,0,82,80,52,34,21,14,11,6,3,2
24,6,0,1265,1214,0,85,64,44,28,18,8,5,4,3,2,0,85,89,56,35,25,14,10,5,2,1
24,6,1,1265,1216,0,85,64,44,28,18,8,5,4,3,2,0,89,88,60,41,21,11,7,5,4,3
24,6,2,1265,1226,0,85,64,44,28,18,8,5,4,3,2,0,88,85,61,37,23,16,6,5,4,2
24,6,0,1156,1069,0,84,57,41,25,16,12,5,3,3,1,0,86,83,54,36,21,13,8,3,2,1
24,6,1,1156,1141,0,84,57,41,25,16,12,5,3,3,1,0,83,78,57,37,23,15,7,3,2,2
24,6,2,1156,1104,0,84,57,41,25,16,12,5,3,3,1,0,78,86,52,33,21,12,9,6,3,1
24,6,0,1272,1226,0,83,63,39,28,17,11,8,4,1,1,0,89,81,58,40,22,13,9,6,4,2
24,6,1,1272,1250,0,83,63,39,28,17,11,8,4,1,1,0,81,87,57,37,25,16,9,4,3,1
24,6,2,1272,1258,0,83,63,39,28,17,11,8,4,1,1,0,87,89,59,34,25,15,9,6,1,1
24,6,0,1114,1104,0,79,58,37,25,17,12,5,3,2,1,0,81,78,57,36,20,13,9,4,3,1
24,6,1,1114,1048,0,79,58,37,25,17,12,5,3,2,1,0,78,80,52,31,21,15,8,3,1,1
24,6,2,1114,1035,0,79,58,37,25,17,12,5,3,2,1,0,80,81,51,35,24,12,6,4,2,1
24,6,0,1128,1082,0,86,61,36,23,16,9,6,3,2,1,0,75,82,50,31,19,15,8,5,2,2
24,6,1,1128,1070,0,86,61,36,23,16,9,6,3,2,1,0,82,87,54,32,21,12,8,4,3,1
24,6,2,1128,1081,0,86,61,36,23,16,9,6,3,2,1,0,87,75,54,34,21,11,6,4,2,1
24,6,0,1097,1025,0,80,63,41,24,13,8,6,4,2,1,0,81,79,50,30,19,15,9,5,2,0
24,6,1,1097,987,0,80,63,41,24,13,8,6,4,2,1,0,79,82,52,35,20,8,7,4,2,2
24,6,2,1097,1054,0,80,63,41,24,13,8,6,4,2,1,0,82,81,60,34,19,11,5,4,3,1
24,6,0,1314,1321,0,80,60,43,30,18,10,7,4,1,1,0,79,92,59,35,23,14,10,7,3,2
24,6,1,1314,1291,0,80,60,43,30,18,10,7,4,1,1,0,92,86,61,40,23,13,8,4,4,2
24,6,0,1235,1222,0,79,66,44,24,16,9,6,4,3,2,0,88,82,54,37,22,13,9,5,4,3
24,6,1,1235,1174,0,79,66,44,24,16,9,6,4,3,2,0,82,84,59,41,24,12,5,4,4,2
24,6,2,1235,1248,0,79,66,44,24,16,9,6,4,3,2,0,84,88,62,31,19,16,11,7,2,1
24,6,0,1189,1122,0,89,62,38,26,16,11,6,3,2,1,0,82,88,54,33,25,12,7,4,2,2
24,6,1,1189,1200,0,89,62,38,26,16,11,6,3,2,1,0,88,86,58,35,18,12,8,6,4,2
24,6,2,1189,1260,0,89,62,38,26,16,11,6,3,2,1,0,86,82,55,37,24,17,10,4,2,1
24,6,0,1003,908,0,87,65,39,21,14,8,5,2,1,0,0,83,78,50,32,16,9,7,2,1,1
24,6,1,1003,877,0,87,65,39,21,14,8,5,2,1,0,0,78,81,55,34,19,9,2,2,2,0
24,6,2,1003,887,0,87,65,39,21,14,8,5,2,1,0,0,81,83,50,24,16,12,7,4,0,0
24,6,0,1079,945,0,88,62,40,28,15,9,4,3,1,1,0,78,85,51,34,23,11,5,2,1,1
24,6,1,1079,1046,0,88,62,40,28,15,9,4,3,1,1,0,85,88,59,34,19,9,6,4,2,1
24,6,2,1079,1005,0,88,62,40,28,15,9,4,3,1,1,0,88,78,53,33,19,13,7,3,2,0
24,6,0,1072,976,0,83,65,44,27,16,8,5,2,1,0,0,91,79,57,36,20,9,5,3,1,1
24,6,1,1072,965,0,83,65,44,27,16,8,5,2,1,0,0,79,81,53,35,22,12,5,2,1,0
24,6,2,1072,953,0,83,65,44,27,16,8,5,2,1,0,0,81,91,58,32,17,11,6,3,1,0
24,6,0,1107,1055,0,85,65,37,24,15,9,6,4,1,1,0,82,82,54,31,18,12,8,3,3,1
24,6,1,1107,998,0,85,65,37,24,15,9,6,4,1,1,0,82,83,54,34,22,13,6,3,1,0
24,6,2,1107,1047,0,85,65,37,24,15,9,6,4,1,1,0,83,82,54,32,20,11,7,6,2,1
24,6,0,1136,1059,0,83,64,43,30,15,9,6,1,1,1,0,87,83,57,38,21,10,6,4,2,1
24,6,1,1136,1106,0,83,64,43,30,15,9,6,1,1,1,0,83,84,60,36,22,12,6,3,1,1
24,6,2,1136,1033,0,83,64,43,30,15,9,6,1,1,1,0,84,87,54,33,21,12,7,3,1,1
24,6,0,1058,927,0,85,58,41,25,19,10,3,2,1,0,0,83,79,53,36,18,11,6,1,1,1
24,6,1,1058,947,0,85,58,41,25,19,10,3,2,1,0,0,79,82,55,33,22,11,4,3,1,0
24,6,2,1058,952,0,85,58,41,25,19,10,3,2,1,0,0,82,83,51,32,20,13,6,2,1,0
24,6,0,1164,1161,0,85,65,46,25,15,8,5,3,1,1,0,85,84,55,35,21,14,7,4,3,1
24,6,1,1164,1149,0,85,65,46,25,15,8,5,3,1,1,0,84,87,58,35,21,10,7,4,2,1
24,6,2,1164,1065,0,85,65,46,25,15,8,5,3,1,1,0,87,85,58,36,18,11,6,4,2,2
24,6,0,1167,1100,0,91,61,38,23,16,11,5,4,3,1,0,86,83,53,30,22,13,8,5,3,2
24,6,1,1167,1151,0,91,61,38,23,16,11,5,4,3,1,0,83,85,53,34,20,14,8,4,3,2
24,6,2,1167,1193,0,91,61,38,23,16,11,5,4,3,1,0,85,86,57,38,22,14,9,5,3,1
24,6,0,1144,1036,0,86,67,43,28,14,8,6,3,2,1,0,92,87,58,34,19,11,6,3,2,1
24,6,1,1144,1079,0,86,67,43,28,14,8,6,3,2,1,0,87,79,56,36,22,12,7,5,2,1
24,6,2,1144,1091,0,86,67,43,28,14,8,6,3,2,1,0,79,92,58,35,21,11,7,4,2,1
24,6,0,991,955,0,79,56,37,25,17,8,4,2,1,1,0,75,80,50,29,19,14,6,3,1,1
24,6,1,991,962,0,79,56,37,25,17,8,4,2,1,1,0,80,75,50,33,19,11,7,2,1,1
24,6,2,991,872,0,79,56,37,25,17,8,4,2,1,1,0,75,75,51,33,20,8,3,3,2,0
24,6,0,1043,1019,0,84,57,38,23,13,7,4,3,2,1,0,77,75,49,29,18,13,6,5,3,1
24,6,1,1043,973,0,84,57,38,23,13,7,4,3,2,1,0,75,81,48,30,19,11,8,3,2,1
24,6,2,1043,986,0,84,57,38,23,13,7,4,3,2,1,0,81,77,52,33,17,7,4,3,2,2
24,6,0,1002,901,0,77,61,37,23,13,10,6,2,1,0,0,75,82,50,29,16,9,7,4,1,0
24,6,1,1002,924,0,77,61,37,23,13,10,6,2,1,0,0,82,73,53,32,19,12,5,2,1,1
24,6,2,1002,910,0,77,61,37,23,13,10,6,2,1,0,0,73,75,50,31,20,11,7,3,1,0
24,6,0,1048,959,0,83,60,39,26,14,8,6,3,1,0,0,76,82,51,29,20,13,8,3,1,0
24,6,1,1048,935,0,83,60,39,26,14,8,6,3,1,0,0,82,82,53,34,19,9,5,2,1,1
24,6,2,1048,948,0,83,60,39,26,14,8,6,3,1,0,0,82,76,53,34,19,10,5,5,2,0
24,6,0,1021,917,0,77,59,42,22,16,10,4,1,1,1,0,80,78,50,30,18,12,6,3,1,0
24,6,1,1021,952,0,77,59,42,22,16,10,4,1,1,1,0,78,75,53,36,19,10,7,2,1,1
24,6,2,1021,902,0,77,59,42,22,16,10,4,1,1,1,0,75,80,53,31,18,11,4,2,1,1
24,6,0,1021,930,0,84,59,31,21,15,11,6,3,1,0,0,82,74,49,31,17,10,7,4,2,0
24,6,1,1021,925,0,84,59,31,21,15,11,6,3,1,0,0,74,75,52,30,21,13,5,2,1,1
24,6,2,1021,962,0,84,59,31,21,15,11,6,3,1,0,0,75,82,46,27,19,13,9,4,1,0
24,6,0,908,811,0,80,59,35,18,13,10,5,2,0,0,0,74,75,45,26,15,11,6,2,1,0
24,6,1,908,861,0,80,59,35,18,13,10,5,2,0,0,0,75,73,49,32,18,11,6,2,0,0
24,6,2,908,790,0,80,59,35,18,13,10,5,2,0,0,0,73,74,48,25,15,8,5,3,1,0
24,6,0,957,840,0,83,59,35,25,13,6,4,3,1,1,0,78,72,47,30,16,9,4,4,2,0
24,6,1,957,942,0,83,59,35,25,13,6,4,3,1,1,0,72,80,50,29,18,11,6,3,2,1
24,6,2,957,906,0,83,59,35,25,13,6,4,3,1,1,0,80,78,50,29,19,8,5,2,1,1
24,6,0,990,877,0,77,60,42,26,14,6,3,2,2,0,0,79,81,52,32,15,8,5,2,1,1
24,6,1,990,896,0,77,60,42,26,14,6,3,2,2,0,0,81,72,52,33,20,9,3,2,2,1
24,6,2,990,877,0,77,60,42,26,14,6,3,2,2,0,0,72,79,51,30,18,10,5,3,1,0
24,6,0,910,848,0,81,58,36,20,13,6,4,4,1,0,0,74,78,54,27,16,7,4,4,2,0
24,6,1,910,789,0,81,58,36,20,13,6,4,4,1,0,0,78,71,44,26,13,10,5,3,2,0
24,6,2,910,865,0,81,58,36,20,13,6,4,4,1,0,0,71,74,44,31,19,11,6,2,1,1
24,6,0,955,880,0,83,66,38,21,10,8,5,2,1,0,0,78,76,52,29,18,8,5,3,1,1
24,6,1,955,841,0,83,66,38,21,10,8,5,2,1,0,0,76,80,52,27,14,9,5,2,2,0
24,6,2,955,824,0,83,66,38,21,10,8,5,2,1,0,0,80,78,47,29,15,9,6,3,0,0
24,6,0,937,838,0,80,53,37,24,15,10,5,1,0,0,0,73,72,44,27,20,11,5,3,0,0
24,6,1,937,860,0,80,53,37,24,15,10,5,1,0,0,0,72,80,48,32,15,9,8,2,1,0
24,6,2,937,848,0,80,53,37,24,15,10,5,1,0,0,0,80,73,53,33,20,11,3,1,0,0
24,6,0,1045,897,0,79,67,45,27,12,7,5,2,1,1,0,82,78,57,36,17,6,5,5,1,0
24,6,1,1045,971,0,79,67,45,27,12,7,5,2,1,1,0,78,86,56,32,16,11,6,3,2,1
24,6,2,1045,958,0,79,67,45,27,12,7,5,2,1,1,0,86,82,54,32,22,11,5,1,1,1
24,6,0,1079,1024,0,82,58,39,23,18,10,3,2,1,1,0,77,78,52,32,20,13,6,2,1,1
24,6,1,1079,983,0,82,58,39,23,18,10,3,2,1,1,0,78,83,50,33,20,12,5,3,2,1
24,6,2,1079,991,0,82,58,39,23,18,10,3,2,1,1,0,83,77,54,33,19,11,7,3,2,1
24,6,0,1026,943,0,82,59,33,24,15,7,5,4,2,0,0,75,77,48,29,22,13,6,4,1,0
24,6,1,1026,939,0,82,59,33,24,15,7,5,4,2,0,0,77,79,48,27,16,10,7,5,3,1
24,6,2,1026,929,0,82,59,33,24,15,7,5,4,2,0,0,79,75,53,34,19,10,5,2,2,1
24,6,0,951,883,0,89,61,36,20,11,8,4,2,1,1,0,74,82,50,24,15,10,5,2,2,1
24,6,1,951,840,0,89,61,36,20,11,8,4,2,1,1,0,82,77,45,25,16,10,6,3,1,0
24,6,2,951,864,0,89,61,36,20,11,8,4,2,1,1,0,77,74,49,34,16,7,5,3,1,1
24,6,0,1059,1024,0,78,56,41,32,15,8,3,2,2,1,0,79,80,51,35,21,11,7,2,2,1
24,6,1,1059,931,0,78,56,41,32,15,8,3,2,2,1,0,80,79,52,35,22,10,5,3,1,0
24,6,2,1059,981,0,78,56,41,32,15,8,3,2,2,1,0,79,79,57,34,20,10,4,3,2,2
24,6,0,976,860,0,76,60,41,22,16,7,5,2,1,0,0,75,80,50,27,16,10,6,3,1,0
24,6,1,976,845,0,76,60,41,22,16,7,5,2,1,0,0,80,75,53,34,16,9,5,2,0,0
24,6,2,976,957,0,76,60,41,22,16,7,5,2,1,0,0,75,75,51,33,21,12,4,3,2,1
24,6,0,979,914,0,78,58,39,23,13,7,5,4,1,0,0,81,69,51,39,20,10,5,3,1,0
24,6,1,979,908,0,78,58,39,23,13,7,5,4,1,0,0,69,78,52,28,19,9,6,4,2,0
24,6,2,979,858,0,78,58,39,23,13,7,5,4,1,0,0,78,81,47,25,14,11,6,3,2,1
24,6,0,1053,923,0,83,66,37,23,13,9,6,2,1,1,0,76,82,57,30,17,8,7,5,1,1
24,6,1,1053,954,0,83,66,37,23,13,9,6,2,1,1,0,82,83,52,30,16,11,6,2,2,1
24,6,2,1053,956,0,83,66,37,23,13,9,6,2,1,1,0,83,76,49,32,22,13,6,3,1,0
24,6,0,988,964,0,84,58,40,26,15,8,4,2,1,0,0,80,75,52,36,24,12,4,2,1,1
24,6,1,988,892,0,84,58,40,26,15,8,4,2,1,0,0,75,83,47,29,19,9,5,3,2,0
24,6,2,988,847,0,84,58,40,26,15,8,4,2,1,0,0,83,80,55,31,13,9,6,2,0,0
24,6,0,1084,968,0,79,62,42,28,15,9,5,2,1,1,0,84,80,56,34,20,11,6,3,1,0
24,6,1,1084,980,0,79,62,42,28,15,9,5,2,1,1,0,80,80,53,32,21,11,7,4,1,1
24,6,2,1084,1020,0,79,62,42,28,15,9,5,2,1,1,0,80,84,56,37,20,11,5,2,2,1
24,6,0,1128,1110,0,79,61,42,24,18,11,5,2,1,1,0,86,83,60,36,19,13,8,3,1,1
24,6,1,1128,1050,0,79,61,42,24,18,11,5,2,1,1,0,83,76,54,35,23,13,6,3,2,1
24,6,2,1128,1044,0,79,61,42,24,18,11,5,2,1,1,0,76,86,52,34,21,13,7,4,2,1
24,6,0,1044,991,0,90,60,36,24,16,9,6,3,1,0,0,79,81,53,33,21,13,7,3,1,0
24,6,1,1044,919,0,90,60,36,24,16,9,6,3,1,0,0,81,85,53,30,18,9,6,4,1,0
24,6,2,1044,992,0,90,60,36,24,16,9,6,3,1,0,0,85,79,49,32,20,13,6,3,2,1
24,6,0,933,864,0,90,59,35,22,12,7,5,2,1,0,0,80,75,48,31,19,8,5,3,1,0
24,6,1,933,837,0,90,59,35,22,12,7,5,2,1,0,0,75,78,47,24,15,9,5,3,1,1
24,6,2,933,820,0,90,59,35,22,12,7,5,2,1,0,0,78,80,48,29,15,10,5,2,1,0
24,6,0,1066,937,0,78,59,40,30,16,10,3,2,1,1,0,79,81,57,32,21,11,4,1,1,1
24,6,1,1066,978,0,78,59,40,30,16,10,3,2,1,1,0,81,80,50,33,20,13,7,3,1,0
24,6,2,1066,994,0,78,59,40,30,16,10,3,2,1,1,0,80,79,55,38,22,9,6,3,2,1
24,6,0,1102,1035,0,80,64,42,20,16,10,6,4,2,0,0,83,79,53,32,18,12,8,5,3,0
24,6,1,1102,993,0,80,64,42,20,16,10,6,4,2,0,0,79,82,52,35,18,14,9,3,1,0
24,6,2,1102,1033,0,80,64,42,20,16,10,6,4,2,0,0,82,83,59,33,22,12,5,4,2,2
24,6,0,1003,871,0,82,67,48,24,12,6,5,3,0,0,0,86,83,52,30,14,9,5,3,1,0
24,6,1,1003,918,0,82,67,48,24,12,6,5,3,0,0,0,83,78,56,36,18,10,5,2,1,0
24,6,2,1003,873,0,82,67,48,24,12,6,5,3,0,0,0,78,86,57,32,18,7,4,3,1,0
24,6,0,1000,907,0,84,56,38,25,12,8,4,2,2,1,0,80,77,50,29,17,10,6,3,2,1
24,6,1,1000,891,0,84,56,38,25,12,8,4,2,2,1,0,77,75,49,32,17,9,5,3,1,1
24,6,2,1000,937,0,84,56,38,25,12,8,4,2,2,1,0,75,80,49,31,20,10,6,3,2,1
24,6,0,1004,927,0,90,64,36,23,17,9,4,2,1,0,0,84,82,53,30,18,11,6,3,1,1
24,6,1,1004,913,0,90,64,36,23,17,9,4,2,1,0,0,82,80,54,34,19,10,5,2,2,0
24,6,2,1004,872,0,90,64,36,23,17,9,4,2,1,0,0,80,84,49,28,19,12,5,2,0,0
24,6,0,997,874,0,93,56,39,24,15,9,4,3,0,0,0,80,80,49,31,18,10,5,2,1,0
24,6,1,997,911,0,93,56,39,24,15,9,4,3,0,0,0,80,83,49,32,20,11,5,2,1,0
24,6,2,997,903,0,93,56,39,24,15,9,4,3,0,0,0,83,80,52,31,17,10,6,3,1,0
24,6,0,1041,933,0,79,61,38,26,17,9,5,2,1,0,0,81,81,51,34,19,9,6,3,1,0
24,6,1,1041,952,0,79,61,38,26,17,9,5,2,1,0,0,81,76,55,34,19,11,5,3,1,1
24,6,2,1041,949,0,79,61,38,26,17,9,5,2,1,0,0,76,81,53,30,22,14,6,2,1,0
24,6,0,1014,858,0,83,73,44,25,12,7,4,1,1,0,0,84,83,57,31,16,8,4,1,1,1
24,6,1,1014,842,0,83,73,44,25,12,7,4,1,1,0,0,83,83,56,32,17,9,3,2,1,0
24,6,2,1014,870,0,83,73,44,25,12,7,4,1,1,0,0,83,84,54,31,17,8,6,3,0,0
24,6,0,1113,1035,0,83,64,41,28,17,9,6,2,1,1,0,88,80,54,37,25,17,6,2,1,0
24,6,1,1113,1041,0,83,64,41,28,17,9,6,2,1,1,0,80,84,55,34,24,10,7,5,1,1
24,6,2,1113,1018,0,83,64,41,28,17,9,6,2,1,1,0,84,88,60,34,15,9,6,3,2,1
24,6,0,1060,962,0,80,59,44,26,16,9,4,3,1,0,0,79,85,58,34,18,10,6,3,1,0
24,6,1,1060,953,0,80,59,44,26,16,9,4,3,1,0,0,85,78,52,30,20,13,6,2,1,1
24,6,2,1060,983,0,80,59,44,26,16,9,4,3,1,0,0,78,79,52,39,21,10,5,3,2,0
24,6,0,1068,1066,0,88,63,36,24,16,11,6,3,2,0,0,82,90,56,37,19,12,7,4,2,1
24,6,1,1068,1017,0,88,63,36,24,16,11,6,3,2,0,0,90,77,54,32,24,14,7,3,2,0
24,6,2,1068,972,0,88,63,36,24,16,11,6,3,2,0,0,77,82,51,29,19,12,8,4,1,1
24,6,0,1035,934,0,88,56,38,23,14,11,5,3,1,0,0,80,82,50,30,20,11,7,4,0,0
24,6,1,1035,982,0,88,56,38,23,14,11,5,3,1,0,0,82,77,51,32,18,11,8,3,2,1
24,6,2,1035,918,0,88,56,38,23,14,11,5,3,1,0,0,77,80,50,33,19,12,5,2,2,0
24,6,0,1045,933,0,76,62,40,26,16,8,4,2,1,1,0,84,73,55,34,19,11,5,3,1,0
24,6,1,1045,949,0,76,62,40,26,16,8,4,2,1,1,0,73,79,50,32,21,12,6,2,2,1
24,6,2,1045,965,0,76,62,40,26,16,8,4,2,1,1,0,79,84,55,32,18,9,5,3,1,1
24,6,0,1054,966,0,80,63,39,26,16,7,5,3,2,0,0,77,87,56,33,19,10,6,4,1,0
24,6,1,1054,994,0,80,63,39,26,16,7,5,3,2,0,0,87,77,56,31,18,11,6,3,2,2
24,6,2,1054,951,0,80,63,39,26,16,7,5,3,2,0,0,77,77,49,34,22,12,5,3,2,0
24,6,0,1110,1078,0,79,61,40,22,11,9,6,3,2,2,0,80,77,52,33,17,10,7,5,3,2
24,6,1,1110,1107,0,79,61,40,22,11,9,6,3,2,2,0,77,79,52,31,19,14,8,4,2,2
24,6,2,1110,1050,0,79,61,40,22,11,9,6,3,2,2,0,79,80,53,32,20,10,8,5,3,1
24,6,0,1066,1012,0,81,55,36,22,14,9,5,3,2,1,0,73,78,49,30,21,13,6,4,2,1
24,6,1,1066,1004,0,81,55,36,22,14,9,5,3,2,1,0,78,78,48,28,18,11,8,6,3,1
24,6,2,1066,1035,0,81,55,36,22,14,9,5,3,2,1,0,78,73,51,35,18,11,7,2,2,2
24,6,0,1043,1011,0,80,58,35,24,15,7,5,4,2,1,0,76,78,52,28,18,13,8,5,2,1
24,6,1,1043,1017,0,80,58,35,24,15,7,5,4,2,1,0,78,77,48,32,19,11,6,3,3,2
24,6,2,1043,943,0,80,58,35,24,15,7,5,4,2,1,0,77,76,51,33,21,10,5,4,2,0
24,6,0,1102,1059,0,88,55,40,22,15,8,3,2,2,2,0,78,86,52,29,17,10,5,4,3,3
24,6,1,1102,1074,0,88,55,40,22,15,8,3,2,2,2,0,86,75,48,32,18,13,8,4,3,1
24,6,2,1102,1104,0,88,55,40,22,15,8,3,2,2,2,0,75,78,51,35,21,11,6,3,2,2
24,6,0,1101,1081,0,80,59,34,22,14,11,6,3,2,1,0,74,84,49,32,18,12,9,5,3,1
24,6,1,1101,1035,0,80,59,34,22,14,11,6,3,2,1,0,84,75,56,34,20,12,7,4,2,1
24,6,2,1101,1089,0,80,59,34,22,14,11,6,3,2,1,0,75,74,48,28,22,14,8,4,2,2
24,6,0,1048,985,0,75,65,39,26,15,6,5,3,2,1,0,76,80,48,29,21,11,7,3,1,1
24,6,1,1048,975,0,75,65,39,26,15,6,5,3,2,1,0,80,81,59,38,16,8,5,4,2,1
24,6,2,1048,1017,0,75,65,39,26,15,6,5,3,2,1,0,81,76,55,30,21,13,5,4,3,1
24,6,0,1222,1120,0,87,63,42,32,16,12,8,5,2,0,0,87,89,57,36,25,15,9,4,1,0
24,6,1,1222,1208,0,87,63,42,32,16,12,8,5,2,0,0,89,91,59,41,22,13,9,7,2,1
24,6,2,1222,1266,0,87,63,42,32,16,12,8,5,2,0,0,91,87,64,40,28,15,9,4,4,1
24,6,0,1246,1123,0,85,65,48,28,19,10,7,4,2,0,0,94,86,61,37,22,16,9,5,1,0
24,6,1,1246,1167,0,85,65,48,28,19,10,7,4,2,0,0,86,88,60,41,24,14,8,4,2,1
24,6,2,1246,1153,0,85,65,48,28,19,10,7,4,2,0,0,88,94,62,40,24,12,6,4,3,1
24,6,0,1190,1085,0,90,66,39,23,17,12,6,3,2,2,0,85,85,55,35,21,15,9,4,2,1
24,6,1,1190,1170,0,90,66,39,23,17,12,6,3,2,2,0,85,90,58,34,24,14,8,4,2,2
24,6,2,1190,1126,0,90,66,39,23,17,12,6,3,2,2,0,90,85,57,35,20,13,8,5,3,1
24,6,0,1053,985,0,88,61,40,22,14,10,5,3,2,0,0,79,81,51,35,19,12,8,3,2,0
24,6,1,1053,952,0,88,61,40,22,14,10,5,3,2,0,0,81,85,51,29,19,11,6,3,1,1
24,6,2,1053,995,0,88,61,40,22,14,10,5,3,2,0,0,85,79,55,32,18,11,6,4,2,1
24,6,0,1081,960,0,83,64,40,26,15,10,7,4,0,0,0,75,87,52,31,22,13,7,2,1,0
24,6,1,1081,1010,0,83,64,40,26,15,10,7,4,0,0,0,87,87,55,33,19,12,8,4,0,0
24,6,2,1081,1052,0,83,64,40,26,15,10,7,4,0,0,0,87,75,59,38,21,11,6,5,3,0
24,6,0,1116,1018,0,88,65,42,26,15,7,5,3,2,1,0,86,88,52,31,19,12,6,5,3,0
24,6,1,1116,1010,0,88,65,42,26,15,7,5,3,2,1,0,88,80,56,35,20,11,7,3,1,1
24,6,2,1116,1057,0,88,65,42,26,15,7,5,3,2,1,0,80,86,58,35,20,10,5,3,2,2
24,6,0,1188,1124,0,89,65,39,25,17,8,6,3,3,2,0,84,87,56,31,22,12,7,5,3,3
24,6,1,1188,1163,0,89,65,39,25,17,8,6,3,3,2,0,87,86,55,36,21,12,7,4,3,2
24,6,2,1188,1101,0,89,65,39,25,17,8,6,3,3,2,0,86,84,57,36,21,15,8,5,2,0
24,6,0,1146,1118,0,89,64,42,26,14,9,5,3,2,1,0,85,84,52,36,23,12,5,4,3,2
24,6,1,1146,1105,0,89,64,42,26,14,9,5,3,2,1,0,84,87,56,34,21,12,8,5,3,1
24,6,2,1146,1067,0,89,64,42,26,14,9,5,3,2,1,0,87,85,59,33,17,11,8,3,1,1
24,6,0,1164,1046,0,79,63,42,28,19,12,6,4,1,0,0,85,88,61,35,22,12,6,3,2,0
24,6,1,1164,1119,0,79,63,42,28,19,12,6,4,1,0,0,88,81,57,37,22,16,9,4,1,1
24,6,2,1164,1135,0,79,63,42,28,19,12,6,4,1,0,0,81,85,57,40,26,14,8,4,2,0
24,6,0,1216,1121,0,86,66,43,30,18,10,5,3,1,1,0,93,84,58,40,22,14,6,3,3,1
24,6,1,1216,1163,0,86,66,43,30,18,10,5,3,1,1,0,84,87,60,37,27,13,6,3,1,1
24,6,2,1216,1164,0,86,66,43,30,18,10,5,3,1,1,0,87,93,60,35,20,12,9,5,2,1
24,6,0,1216,1120,0,88,68,46,27,18,9,6,4,2,1,0,90,97,65,39,20,11,7,4,2,1
24,6,1,1216,1182,0,88,68,46,27,18,9,6,4,2,1,0,97,82,63,38,23,13,7,6,3,1
24,6,2,1216,1136,0,88,68,46,27,18,9,6,4,2,1,0,82,90,53,36,24,16,8,3,2,1
24,6,0,1213,1216,0,89,63,41,27,17,11,5,2,2,1,0,87,84,58,42,24,12,8,3,2,1
24,6,1,1213,1120,0,89,63,41,27,17,11,5,2,2,1,0,84,89,61,35,23,13,5,4,2,2
24,6,2,1213,1193,0,89,63,41,27,17,11,5,2,2,1,0,89,87,52,31,20,15,10,5,3,2
24,6,0,1052,919,0,87,67,38,22,16,10,5,2,1,0,0,86,84,54,28,18,11,6,2,1,1
24,6,1,1052,965,0,87,67,38,22,16,10,5,2,1,0,0,84,78,51,32,20,13,6,3,1,0
24,6,2,1052,941,0,87,67,38,22,16,10,5,2,1,0,0,78,86,56,34,18,10,6,3,1,0
24,6,0,1084,969,0,90,63,44,28,13,8,5,3,1,0,0,89,84,56,37,16,10,4,3,3,0
24,6,1,1084,971,0,90,63,44,28,13,8,5,3,1,0,0,84,82,56,33,22,12,7,2,0,0
24,6,2,1084,951,0,90,63,44,28,13,8,5,3,1,0,0,82,89,53,32,20,8,6,4,1,1
24,6,0,1064,960,0,79,59,41,29,19,9,3,1,1,1,0,79,83,56,33,19,9,5,2,1,1
24,6,1,1064,976,0,79,59,41,29,19,9,3,1,1,1,0,83,80,57,37,20,11,5,3,1,0
24,6,2,1064,952,0,79,59,41,29,19,9,3,1,1,1,0,80,79,50,34,24,14,5,1,1,1
24,6,0,1149,1128,0,85,70,42,22,15,9,6,6,2,0,0,87,85,57,36,21,13,7,5,4,1
24,6,1,1149,1043,0,85,70,42,22,15,9,6,6,2,0,0,85,85,58,34,21,12,7,4,2,0
24,6,2,1149,1066,0,85,70,42,22,15,9,6,6,2,0,0,85,87,57,32,18,13,9,5,2,1
24,6,0,1218,1130,0,90,65,42,26,14,12,9,3,2,1,0,83,92,57,36,24,12,8,5,2,1
24,6,1,1218,1179,0,90,65,42,26,14,12,9,3,2,1,0,92,89,59,36,20,14,9,6,3,1
24,6,2,1218,1144,0,90,65,42,26,14,12,9,3,2,1,0,89,83,58,37,23,15,10,4,1,1
24,6,0,1190,1170,0,85,58,42,31,21,11,5,2,1,1,0,89,87,59,42,25,14,7,2,1,1
24,6,1,1190,1136,0,85,58,42,31,21,11,5,2,1,1,0,87,82,59,36,26,15,6,4,2,1
24,6,2,1190,1111,0,85,58,42,31,21,11,5,2,1,1,0,82,89,55,37,22,13,8,4,2,1
24,6,0,1170,1111,0,84,63,40,25,13,10,7,2,2,1,0,82,84,56,36,20,12,7,4,2,2
24,6,1,1170,1179,0,84,63,40,25,13,10,7,2,2,1,0,84,83,54,34,22,12,8,5,3,2
24,6,2,1170,1147,0,84,63,40,25,13,10,7,2,2,1,0,83,82,55,32,20,13,9,5,2,1
24,6,0,1220,1187,0,82,60,41,29,17,9,4,3,1,1,0,83,84,58,37,22,10,6,4,4,2
24,6,2,1220,1247,0,82,60,41,29,17,9,4,3,1,1,0,83,83,56,35,23,14,10,5,2,2
24,6,0,1236,1199,0,85,63,41,23,16,9,6,5,3,2,0,83,85,56,37,24,12,6,5,4,3
24,6,1,1236,1234,0,85,63,41,23,16,9,6,5,3,2,0,85,86,57,33,19,15,9,7,4,1
24,6,2,1236,1227,0,85,63,41,23,16,9,6,5,3,2,0,86,83,56,36,22,15,11,5,3,2
24,6,0,1213,1151,0,88,62,40,25,16,11,6,4,2,1,0,85,84,61,36,20,13,7,4,3,2
24,6,1,1213,1155,0,88,62,40,25,16,11,6,4,2,1,0,84,87,54,34,23,16,8,5,3,1
24,6,2,1213,1188,0,88,62,40,25,16,11,6,4,2,1,0,87,85,53,36,23,12,10,5,2,1
24,6,0,1205,1165,0,85,61,41,27,18,11,7,3,2,1,0,84,82,54,38,22,15,10,5,1,1
24,6,1,1205,1150,0,85,61,41,27,18,11,7,3,2,1,0,82,90,58,37,23,11,8,5,3,1
24,6,2,1205,1087,0,85,61,41,27,18,11,7,3,2,1,0,90,84,59,35,24,16,6,3,2,1
24,6,0,1177,1125,0,82,65,42,26,17,9,6,3,1,1,0,81,84,55,33,21,15,8,3,2,1
24,6,1,1177,1154,0,82,65,42,26,17,9,6,3,1,1,0,84,89,56,38,23,12,6,4,1,1
24,6,2,1177,1216,0,82,65,42,26,17,9,6,3,1,1,0,89,81,61,36,21,12,8,6,4,2
24,6,0,1165,1119,0,84,65,44,28,18,10,4,3,2,1,0,85,87,55,35,24,15,7,3,2,1
24,6,1,1165,1037,0,84,65,44,28,18,10,4,3,2,1,0,87,87,59,37,21,11,6,3,2,1
24,6,2,1165,1097,0,84,65,44,28,18,10,4,3,2,1,0,87,85,61,38,21,12,7,4,2,1
24,6,0,1128,1032,0,88,65,42,25,15,10,6,2,1,1,0,86,85,53,29,19,13,9,4,2,1
24,6,1,1128,1062,0,88,65,42,25,15,10,6,2,1,1,0,85,85,55,36,19,10,6,3,2,1
24,6,2,1128,1114,0,88,65,42,25,15,10,6,2,1,1,0,85,86,60,38,23,13,6,4,1,1
24,6,0,1162,1062,0,87,65,42,28,16,9,5,3,2,1,0,90,86,55,34,21,12,8,2,2,2
24,6,1,1162,1050,0,87,65,42,28,16,9,5,3,2,1,0,86,82,57,39,24,11,4,3,2,1
24,6,2,1162,1094,0,87,65,42,28,16,9,5,3,2,1,0,82,90,59,33,19,13,8,6,2,0
24,6,0,978,970,0,83,61,38,20,13,10,5,2,1,1,0,76,81,52,29,20,9,7,4,2,1
24,6,1,978,834,0,83,61,38,20,13,10,5,2,1,1,0,81,77,49,28,15,11,5,1,1,1
24,6,2,978,937,0,83,61,38,20,13,10,5,2,1,1,0,77,76,50,33,17,12,7,4,1,0
24,6,0,1000,944,0,84,57,36,23,15,9,5,3,1,0,0,75,81,49,30,19,11,5,3,2,1
24,6,1,1000,938,0,84,57,36,23,15,9,5,3,1,0,0,81,77,50,31,18,11,7,3,2,0
24,6,2,1000,883,0,84,57,36,23,15,9,5,3,1,0,0,77,75,50,31,19,11,6,3,0,0
24,6,0,993,902,0,75,60,39,25,15,6,4,3,2,0,0,79,74,48,29,19,8,6,3,2,1
24,6,1,993,926,0,75,60,39,25,15,6,4,3,2,0,0,74,76,52,34,17,10,4,3,2,1
24,6,2,993,911,0,75,60,39,25,15,6,4,3,2,0,0,76,79,54,31,19,12,5,3,1,0
24,6,0,998,907,0,81,61,38,23,13,7,4,2,2,1,0,80,71,54,30,16,8,5,4,1,1
24,6,1,998,903,0,81,61,38,23,13,7,4,2,2,1,0,71,81,47,31,17,10,5,3,2,1
24,6,2,998,931,0,81,61,38,23,13,7,4,2,2,1,0,81,80,50,29,19,11,6,2,2,1
24,6,0,1015,927,0,77,60,38,26,14,10,5,2,1,0,0,75,78,53,33,22,12,5,2,1,0
24,6,1,1015,906,0,77,60,38,26,14,10,5,2,1,0,0,78,80,52,29,17,10,6,4,1,0
24,6,2,1015,944,0,77,60,38,26,14,10,5,2,1,0,0,80,75,51,34,19,10,7,2,1,1
24,6,0,980,915,0,81,56,37,22,16,9,5,3,0,0,0,74,76,50,29,19,12,7,3,1,0
24,6,1,980,853,0,81,56,37,22,16,9,5,3,0,0,0,76,79,46,28,19,11,6,2,1,0
24,6,2,980,879,0,81,56,37,22,16,9,5,3,0,0,0,79,74,52,35,17,10,4,3,1,0
24,6,0,848,734,0,74,59,35,22,13,7,3,1,0,0,0,74,72,49,27,14,9,5,1,0,0
24,6,1,848,730,0,74,59,35,22,13,7,3,1,0,0,0,72,68,42,24,18,9,4,1,0,0
24,6,2,848,730,0,74,59,35,22,13,7,3,1,0,0,0,68,74,49,30,14,6,2,2,1,0
24,6,0,923,791,0,81,53,34,23,14,8,4,2,1,0,0,71,76,50,29,16,9,4,2,1,0
24,6,1,923,775,0,81,53,34,23,14,8,4,2,1,0,0,76,73,45,27,17,11,5,2,0,0
24,6,2,923,897,0,81,53,34,23,14,8,4,2,1,0,0,73,71,44,30,19,9,6,3,2,1
24,6,0,882,791,0,78,56,37,21,11,7,5,2,0,0,0,68,75,45,26,15,8,5,4,1,0
24,6,1,882,792,0,78,56,37,21,11,7,5,2,0,0,0,75,74,50,30,13,7,5,2,1,0
24,6,2,882,748,0,78,56,37,21,11,7,5,2,0,0,0,74,68,44,27,18,10,4,1,0,0
24,6,0,1119,1073,0,83,63,35,25,18,9,4,2,2,2,0,78,87,55,34,22,13,7,4,3,1
24,6,1,1119,1079,0,83,63,35,25,18,9,4,2,2,2,0,87,79,57,33,20,12,7,2,2,2
24,6,2,1119,1075,0,83,63,35,25,18,9,4,2,2,2,0,79,78,49,31,21,13,6,5,2,2
24,6,0,1118,1040,0,86,64,43,24,13,9,6,5,2,0,0,85,81,52,38,19,10,7,4,3,1
24,6,1,1118,1084,0,86,64,43,24,13,9,6,5,2,0,0,81,86,59,34,22,13,7,4,2,1
24,6,2,1118,1009,0,86,64,43,24,13,9,6,5,2,0,0,86,85,55,30,18,12,8,5,2,0
24,6,0,1101,1000,0,78,59,42,25,14,9,6,3,2,1,0,81,80,54,36,21,10,5,4,2,1
24,6,1,1101,1036,0,78,59,42,25,14,9,6,3,2,1,0,80,78,55,31,19,13,7,5,3,1
24,6,2,1101,1050,0,78,59,42,25,14,9,6,3,2,1,0,78,81,52,35,20,12,9,3,1,1
24,6,0,1185,1154,0,76,64,46,30,17,7,4,3,2,2,0,86,82,59,38,24,12,6,4,3,2
24,6,1,1185,1126,0,76,64,46,30,17,7,4,3,2,2,0,82,84,60,37,21,10,6,4,3,2
24,6,2,1185,1153,0,76,64,46,30,17,7,4,3,2,2,0,84,86,57,37,21,14,7,4,2,1
24,6,0,1076,981,0,87,60,40,22,15,10,5,3,2,0,0,83,79,55,31,18,12,6,3,2,1
24,6,1,1076,992,0,87,60,40,22,15,10,5,3,2,0,0,79,82,50,32,20,12,6,4,2,1
24,6,2,1076,962,0,87,60,40,22,15,10,5,3,2,0,0,82,83,52,34,19,11,8,3,1,0
24,6,0,1080,1071,0,87,60,37,25,15,10,7,3,1,1,0,82,82,54,36,24,12,7,2,2,1
24,6,1,1080,985,0,87,60,37,25,15,10,7,3,1,1,0,82,82,53,29,21,12,6,5,1,0
24,6,2,1080,1052,0,87,60,37,25,15,10,7,3,1,1,0,82,82,52,34,17,13,9,5,2,1
24,6,0,1140,1086,0,85,59,36,26,16,11,6,3,1,1,0,81,82,53,34,19,12,8,5,2,1
24,6,1,1140,1066,0,85,59,36,26,16,11,6,3,1,1,0,82,82,54,34,24,14,7,3,2,1
24,6,2,1140,1114,0,85,59,36,26,16,11,6,3,1,1,0,82,81,53,33,22,13,8,4,2,1
24,6,0,1102,1003,0,83,62,43,25,16,7,4,3,3,1,0,82,83,55,35,19,10,5,3,2,1
24,6,1,1102,1039,0,83,62,43,25,16,7,4,3,3,1,0,83,82,57,36,20,11,6,4,2,1
24,6,2,1102,1069,0,83,62,43,25,16,7,4,3,3,1,0,82,82,52,31,20,13,7,4,3,2
24,6,0,1094,1070,0,82,63,39,23,13,9,5,2,1,1,0,81,78,51,32,20,10,8,5,2,1
24,6,1,1094,1035,0,82,63,39,23,13,9,5,2,1,1,0,78,81,55,33,17,9,6,3,2,1
24,6,2,1094,1044,0,82,63,39,23,13,9,5,2,1,1,0,81,81,52,30,19,14,6,3,2,2
24,6,0,997,963,0,78,54,32,22,14,9,4,2,2,1,0,74,75,47,28,16,11,7,4,2,1
24,6,1,997,944,0,78,54,32,22,14,9,4,2,2,1,0,75,70,47,31,18,12,8,3,1,1
24,6,2,997,928,0,78,54,32,22,14,9,4,2,2,1,0,70,74,47,28,21,10,4,3,3,2
24,6,0,996,924,0,82,60,37,23,13,8,5,3,1,0,0,76,77,47,27,18,11,6,5,2,0
24,6,1,996,883,0,82,60,37,23,13,8,5,3,1,0,0,77,79,54,32,15,9,6,2,1,0
24,6,2,996,906,0,82,60,37,23,13,8,5,3,1,0,0,79,76,49,31,20,10,5,2,1,1
24,6,0,989,934,0,75,55,41,24,14,8,5,2,1,1,0,78,74,48,29,18,13,7,3,1,1
24,6,1,989,980,0,75,55,41,24,14,8,5,2,1,1,0,74,74,50,36,20,8,5,4,2,1
24,6,2,989,879,0,75,55,41,24,14,8,5,2,1,1,0,74,78,53,31,17,10,5,2,1,0
24,6,0,999,924,0,74,58,39,24,14,9,4,2,2,1,0,73,75,47,29,20,12,5,2,1,1
24,6,1,999,957,0,74,58,39,24,14,9,4,2,2,1,0,75,79,50,31,16,9,7,5,2,1
24,6,2,999,970,0,74,58,39,24,14,9,4,2,2,1,0,79,73,56,35,20,11,6,2,2,1
24,6,0,992,868,0,82,65,35,17,13,10,6,3,1,0,0,82,81,54,24,14,11,8,3,1,0
24,6,1,992,892,0,82,65,35,17,13,10,6,3,1,0,0,81,69,45,32,19,12,6,3,1,0
24,6,2,992,933,0,82,65,35,17,13,10,6,3,1,0,0,69,82,51,29,17,10,6,4,2,1
24,6,0,1001,946,0,85,54,37,25,13,7,6,4,1,0,0,74,80,48,35,21,10,6,3,2,0
24,6,1,1001,872,0,85,54,37,25,13,7,6,4,1,0,0,80,78,55,28,17,10,6,3,0,0
24,6,2,1001,959,0,85,54,37,25,13,7,6,4,1,0,0,78,74,44,30,18,11,6,5,3,1
24,6,0,921,798,0,76,55,37,23,15,7,4,2,0,0,0,70,75,48,29,18,9,4,2,0,0
24,6,1,921,841,0,76,55,37,23,15,7,4,2,0,0,0,75,74,46,28,17,11,5,2,1,0
24,6,2,921,801,0,76,55,37,23,15,7,4,2,0,0,0,74,70,49,31,16,8,4,2,1,0
24,6,0,983,964,0,78,59,35,22,13,7,4,4,2,1,0,76,76,52,32,16,11,6,5,3,0
24,6,1,983,953,0,78,59,35,22,13,7,4,4,2,1,0,76,73,48,27,20,11,8,2,2,2
24,6,2,983,916,0,78,59,35,22,13,7,4,4,2,1,0,73,76,47,29,17,9,4,4,2,1
24,6,0,955,838,0,76,57,35,23,14,9,6,2,1,0,0,71,77,48,28,17,9,6,3,1,0
24,6,1,955,917,0,76,57,35,23,14,9,6,2,1,0,0,77,75,50,32,16,11,6,3,1,1
24,6,2,955,912,0,76,57,35,23,14,9,6,2,1,0,0,75,71,49,30,22,12,6,3,1,0
24,6,0,880,825,0,73,53,33,23,13,7,3,2,2,0,0,75,66,49,33,16,7,3,2,2,1
24,6,1,880,838,0,73,53,33,23,13,7,3,2,2,0,0,66,68,45,27,20,12,5,2,1,0
24,6,2,880,785,0,73,53,33,23,13,7,3,2,2,0,0,68,75,42,23,14,8,6,3,1,1
24,6,0,877,755,0,73,55,34,22,14,8,4,1,0,0,0,70,69,50,32,16,5,2,2,1,0
24,6,1,877,766,0,73,55,34,22,14,8,4,1,0,0,0,69,72,46,24,14,11,5,2,0,0
24,6,2,877,794,0,73,55,34,22,14,8,4,1,0,0,0,72,70,42,27,19,11,6,1,0,0
24,6,0,901,887,0,77,53,37,21,11,6,4,3,1,1,0,71,72,47,30,17,9,4,3,2,1
24,6,1,901,830,0,77,53,37,21,11,6,4,3,1,1,0,72,71,45,27,14,9,6,4,2,0
24,6,2,901,792,0,77,53,37,21,11,6,4,3,1,1,0,71,71,45,27,16,8,5,2,1,1
24,6,0,822,716,0,71,51,33,21,13,6,4,1,0,0,0,67,65,45,27,17,7,2,1,1,0
24,6,1,822,720,0,71,51,33,21,13,6,4,1,0,0,0,65,68,43,22,14,9,4,3,0,0
24,6,2,822,716,0,71,51,33,21,13,6,4,1,0,0,0,68,67,41,29,14,8,5,1,0,0
24,6,0,790,740,0,78,55,31,17,11,5,2,2,1,1,0,76,63,46,24,11,6,4,2,1,1
24,6,1,790,716,0,78,55,31,17,11,5,2,2,1,1,0,63,64,36,22,14,9,3,3,2,0
24,6,2,790,734,0,78,55,31,17,11,5,2,2,1,1,0,64,76,43,24,14,7,4,1,1,1
24,6,0,829,798,0,75,55,35,18,8,8,5,2,1,0,0,63,70,46,27,16,10,6,1,1,0
24,6,1,829,718,0,75,55,35,18,8,8,5,2,1,0,0,70,74,42,21,13,7,5,3,0,0
24,6,2,829,818,0,75,55,35,18,8,8,5,2,1,0,0,74,63,44,29,13,7,5,4,2,1
24,6,0,837,764,0,70,51,32,22,13,7,3,2,1,0,0,71,69,48,28,16,8,4,2,1,0
24,6,1,837,753,0,70,51,32,22,13,7,3,2,1,0,0,69,61,42,24,16,9,4,3,1,0
24,6,2,837,778,0,70,51,32,22,13,7,3,2,1,0,0,61,71,41,28,16,9,5,1,1,1
24,6,0,810,702,0,71,60,35,20,12,6,3,1,0,0,0,65,68,46,26,15,7,4,1,0,0
24,6,1,810,675,0,71,60,35,20,12,6,3,1,0,0,0,68,75,44,24,13,6,3,1,0,0
24,6,2,810,742,0,71,60,35,20,12,6,3,1,0,0,0,75,65,47,27,14,9,3,2,1,0
24,6,0,847,738,0,79,52,33,19,11,6,4,2,1,0,0,65,74,39,24,15,8,5,3,1,0
24,6,1,847,723,0,79,52,33,19,11,6,4,2,1,0,0,74,68,44,28,13,7,5,2,1,0
24,6,2,847,744,0,79,52,33,19,11,6,4,2,1,0,0,68,65,45,24,15,9,3,2,1,1
24,6,0,880,778,0,74,57,34,16,13,9,4,2,1,0,0,70,72,45,26,13,9,6,3,1,0
24,6,1,880,833,0,74,57,34,16,13,9,4,2,1,0,0,72,68,46,29,15,11,6,1,1,1
24,6,2,880,771,0,74,57,34,16,13,9,4,2,1,0,0,68,70,45,24,17,9,4,3,1,0
24,6,0,842,759,0,77,51,31,19,11,7,6,3,0,0,0,68,66,39,24,14,9,6,3,1,0
24,6,1,842,777,0,77,51,31,19,11,7,6,3,0,0,0,66,71,47,27,14,9,5,3,1,0
24,6,2,842,791,0,77,51,31,19,11,7,6,3,0,0,0,71,68,42,26,18,9,5,3,1,0
24,6,0,891,795,0,71,55,35,23,12,7,3,1,1,1,0,78,67,45,24,15,10,5,2,1,1
24,6,1,891,816,0,71,55,35,23,12,7,3,1,1,1,0,67,64,44,31,17,7,4,2,1,1
24,6,2,891,789,0,71,55,35,23,12,7,3,1,1,1,0,64,78,49,28,16,8,4,2,1,0
24,6,0,810,735,0,78,52,35,19,11,4,3,2,1,0,0,65,64,38,25,14,8,4,3,1,1
24,6,1,810,720,0,78,52,35,19,11,4,3,2,1,0,0,64,76,45,26,13,5,3,2,2,0
24,6,2,810,663,0,78,52,35,19,11,4,3,2,1,0,0,76,65,44,24,13,8,3,1,0,0
24,6,0,810,681,0,72,56,33,21,9,6,3,2,1,0,0,69,67,41,24,15,8,4,1,0,0
24,6,1,810,704,0,72,56,33,21,9,6,3,2,1,0,0,67,67,41,26,16,5,3,3,1,1
24,6,2,810,766,0,72,56,33,21,9,6,3,2,1,0,0,67,69,49,25,11,8,5,2,2,0
24,6,0,828,770,0,76,55,36,21,14,8,3,1,0,0,0,76,70,51,29,16,8,4,1,0,0
24,6,1,828,701,0,76,55,36,21,14,8,3,1,0,0,0,70,68,41,24,16,9,4,1,0,0
24,6,2,828,803,0,76,55,36,21,14,8,3,1,0,0,0,68,76,46,30,15,9,4,2,1,0
24,6,0,919,868,0,74,55,38,23,12,6,5,2,1,1,0,69,71,44,35,19,10,4,1,1,1
24,6,1,919,853,0,74,55,38,23,12,6,5,2,1,1,0,71,77,54,29,19,8,4,4,1,0
24,6,2,919,838,0,74,55,38,23,12,6,5,2,1,1,0,77,69,45,24,12,9,7,4,2,1
24,6,0,893,804,0,76,53,32,19,13,7,3,1,1,1,0,74,65,48,30,14,6,4,3,2,1
24,6,1,893,851,0,76,53,32,19,13,7,3,1,1,1,0,65,68,44,24,17,11,4,2,1,1
24,6,2,893,825,0,76,53,32,19,13,7,3,1,1,1,0,68,74,39,24,15,10,6,2,1,1
24,6,0,864,771,0,79,58,33,21,11,7,3,2,1,0,0,71,70,46,33,16,7,2,1,1,1
24,6,1,864,794,0,79,58,33,21,11,7,3,2,1,0,0,70,74,44,22,17,9,5,3,1,0
24,6,2,864,735,0,79,58,33,21,11,7,3,2,1,0,0,74,71,46,23,12,8,6,2,1,0
24,6,0,866,721,0,77,55,36,24,14,7,2,1,0,0,0,72,76,47,27,13,6,3,2,1,0
24,6,1,866,766,0,77,55,36,24,14,7,2,1,0,0,0,76,68,48,30,16,10,4,0,0,0
24,6,2,866,742,0,77,55,36,24,14,7,2,1,0,0,0,68,72,44,27,19,8,3,1,0,0
24,6,0,903,800,0,74,56,38,22,12,7,3,2,1,0,0,76,66,47,30,14,8,4,2,2,1
24,6,1,903,797,0,74,56,38,22,12,7,3,2,1,0,0,66,73,46,31,17,8,4,2,1,0
24,6,2,903,768,0,74,56,38,22,12,7,3,2,1,0,0,73,76,48,24,16,9,5,2,0,0
24,6,0,811,667,0,74,56,35,23,13,6,3,0,0,0,0,64,74,44,26,15,7,2,0,0,0
24,6,1,811,720,0,74,56,35,23,13,6,3,0,0,0,0,74,72,49,27,13,7,3,3,0,0
24,6,2,811,711,0,74,56,35,23,13,6,3,0,0,0,0,72,64,43,27,17,8,4,0,0,0
24,6,0,859,734,0,72,55,33,20,12,6,3,3,1,0,0,70,68,44,26,16,9,4,2,0,0
24,6,1,859,809,0,72,55,33,20,12,6,3,3,1,0,0,68,67,43,25,15,9,4,3,2,1
24,6,2,859,773,0,72,55,33,20,12,6,3,3,1,0,0,67,70,46,27,14,7,5,2,2,0
24,6,0,863,787,0,75,52,34,21,10,7,5,2,1,0,0,68,74,48,29,15,9,5,2,1,0
24,6,1,863,767,0,75,52,34,21,10,7,5,2,1,0,0,74,65,42,23,17,9,5,3,1,0
24,6,2,863,761,0,75,52,34,21,10,7,5,2,1,0,0,65,68,42,28,14,7,5,3,1,1
24,6,0,855,723,0,75,51,33,20,13,7,3,1,1,1,0,65,69,44,29,14,6,4,2,1,1
24,6,1,855,801,0,75,51,33,20,13,7,3,1,1,1,0,69,71,46,25,15,11,3,1,1,1
24,6,2,855,795,0,75,51,33,20,13,7,3,1,1,1,0,71,65,40,25,17,9,6,3,1,0
24,6,0,827,780,0,76,55,32,19,12,7,4,2,0,0,0,70,72,48,25,14,9,6,1,1,0
24,6,1,827,697,0,76,55,32,19,12,7,4,2,0,0,0,72,65,40,26,17,9,3,1,0,0
24,6,2,827,745,0,76,55,32,19,12,7,4,2,0,0,0,65,70,43,25,13,7,4,4,1,0
24,6,0,849,797,0,75,57,34,20,12,6,4,2,1,0,0,65,75,45,29,16,9,4,2,1,0
24,6,1,849,785,0,75,57,34,20,12,6,4,2,1,0,0,75,71,52,24,14,7,6,3,0,0
24,6,2,849,762,0,75,57,34,20,12,6,4,2,1,0,0,71,65,39,26,15,9,3,2,2,1
24,6,0,817,710,0,74,55,37,20,12,7,3,1,0,0,0,71,67,41,24,12,7,4,3,1,0
24,6,1,817,739,0,74,55,37,20,12,7,3,1,0,0,0,67,71,46,32,16,8,3,0,0,0
24,6,2,817,712,0,74,55,37,20,12,7,3,1,0,0,0,71,71,48,24,15,8,4,1,0,0
24,6,0,685,573,0,72,52,31,17,7,4,3,1,1,0,0,59,67,33,17,12,6,2,1,1,0
24,6,1,685,638,0,72,52,31,17,7,4,3,1,1,0,0,67,62,41,24,9,5,4,3,0,0
24,6,2,685,656,0,72,52,31,17,7,4,3,1,1,0,0,62,59,42,23,12,5,3,1,1,1
24,6,0,757,660,0,67,46,30,22,12,8,2,0,0,0,0,71,60,41,24,13,7,5,1,0,0
24,6,1,757,649,0,67,46,30,22,12,8,2,0,0,0,0,60,56,38,27,17,8,3,0,0,0
24,6,2,757,648,0,67,46,30,22,12,8,2,0,0,0,0,56,71,41,23,14,7,2,1,0,0
24,6,0,795,713,0,67,52,32,17,12,5,5,3,0,0,0,63,66,44,28,13,8,5,2,0,0
24,6,1,795,751,0,67,52,32,17,12,5,5,3,0,0,0,66,64,46,23,15,9,4,3,1,0
24,6,2,795,716,0,67,52,32,17,12,5,5,3,0,0,0,64,63,36,23,14,8,4,3,2,0
24,6,0,795,755,0,71,48,29,19,12,10,4,1,0,0,0,61,68,42,30,18,7,3,2,1,0
24,6,1,795,712,0,71,48,29,19,12,10,4,1,0,0,0,68,65,46,20,13,10,6,2,0,0
24,6,2,795,689,0,71,48,29,19,12,10,4,1,0,0,0,65,61,35,25,15,10,6,1,0,0
24,6,0,797,736,0,69,52,28,20,14,6,3,1,1,0,0,65,64,44,24,14,7,4,3,1,1
24,6,1,797,712,0,69,52,28,20,14,6,3,1,1,0,0,64,65,41,25,15,9,4,1,1,0
24,6,2,797,673,0,69,52,28,20,14,6,3,1,1,0,0,65,65,40,24,16,9,3,1,0,0
24,6,0,767,661,0,70,50,37,18,9,5,3,2,0,0,0,61,64,36,27,16,8,3,1,0,0
24,6,1,767,672,0,70,50,37,18,9,5,3,2,0,0,0,64,69,44,22,11,5,4,3,1,0
24,6,2,767,646,0,70,50,37,18,9,5,3,2,0,0,0,69,61,44,25,10,6,3,1,1,0
24,6,0,735,605,0,67,50,35,20,10,5,1,1,1,0,0,64,63,41,23,12,6,2,1,0,0
24,6,1,735,674,0,67,50,35,20,10,5,1,1,1,0,0,63,63,41,26,14,6,2,1,1,1
24,6,2,735,648,0,67,50,35,20,10,5,1,1,1,0,0,63,64,41,24,12,6,4,1,1,0
24,6,0,688,629,0,71,50,29,16,9,5,3,1,0,0,0,63,63,40,22,14,6,3,1,0,0
24,6,1,688,595,0,71,50,29,16,9,5,3,1,0,0,0,63,58,39,20,10,5,3,2,1,0
24,6,2,688,565,0,71,50,29,16,9,5,3,1,0,0,0,58,63,34,21,10,7,3,1,0,0
24,6,0,729,661,0,72,53,29,16,9,4,2,1,1,1,0,60,64,40,22,12,5,3,2,1,1
24,6,1,729,655,0,72,53,29,16,9,4,2,1,1,1,0,64,64,39,20,11,7,2,1,1,1
24,6,2,729,632,0,72,53,29,16,9,4,2,1,1,1,0,64,60,37,21,11,6,4,2,1,0
24,6,0,797,747,0,75,53,31,18,13,7,4,1,0,0,0,70,66,45,27,16,11,3,1,0,0
24,6,1,797,725,0,75,53,31,18,13,7,4,1,0,0,0,66,66,39,22,16,8,5,2,1,0
24,6,2,797,671,0,75,53,31,18,13,7,4,1,0,0,0,66,70,43,25,11,6,4,2,0,0
24,6,0,765,678,0,68,49,34,21,10,5,2,1,1,0,0,60,67,43,26,14,5,4,2,0,0
24,6,1,765,658,0,68,49,34,21,10,5,2,1,1,0,0,67,64,40,21,13,7,3,1,1,1
24,6,2,765,639,0,68,49,34,21,10,5,2,1,1,0,0,64,60,40,27,13,7,2,1,1,0
24,6,0,776,669,0,75,53,29,17,10,8,3,1,0,0,0,64,66,43,24,11,7,3,1,1,0
24,6,1,776,650,0,75,53,29,17,10,8,3,1,0,0,0,66,66,40,22,14,9,4,0,0,0
24,6,2,776,684,0,75,53,29,17,10,8,3,1,0,0,0,66,64,38,22,14,6,5,3,0,0
24,6,0,776,768,0,69,49,29,18,9,6,3,3,2,0,0,61,67,42,27,16,8,4,3,2,0
24,6,1,776,702,0,69,49,29,18,9,6,3,3,2,0,0,67,60,42,22,13,7,5,3,1,0
24,6,2,776,721,0,69,49,29,18,9,6,3,3,2,0,0,60,61,35,21,12,8,5,2,2,2
24,6,0,809,799,0,70,50,27,18,13,6,4,2,1,1,0,64,64,44,24,16,9,5,4,1,1
24,6,1,809,781,0,70,50,27,18,13,6,4,2,1,1,0,64,64,42,23,14,8,5,2,2,1
24,6,2,809,730,0,70,50,27,18,13,6,4,2,1,1,0,64,64,36,25,15,10,4,2,1,0
24,6,0,845,760,0,67,55,35,16,9,6,3,2,1,1,0,64,63,40,26,15,8,4,3,1,1
24,6,1,845,803,0,67,55,35,16,9,6,3,2,1,1,0,63,69,43,25,13,8,5,3,3,1
24,6,2,845,790,0,67,55,35,16,9,6,3,2,1,1,0,69,64,46,23,11,7,5,2,1,1
24,6,0,793,694,0,66,46,29,19,14,6,4,1,1,0,0,65,60,42,25,14,8,4,2,1,0
24,6,1,793,689,0,66,46,29,19,14,6,4,1,1,0,0,60,61,40,25,14,9,5,2,0,0
24,6,2,793,715,0,66,46,29,19,14,6,4,1,1,0,0,61,65,38,24,17,9,3,2,1,1
24,6,0,694,588,0,68,56,32,19,8,3,2,1,0,0,0,63,64,43,21,9,5,3,1,0,0
24,6,1,694,590,0,68,56,32,19,8,3,2,1,0,0,0,64,62,41,24,11,5,2,1,0,0
24,6,2,694,566,0,68,56,32,19,8,3,2,1,0,0,0,62,63,37,20,13,4,1,1,1,0
24,6,0,804,728,0,75,46,35,20,9,5,2,2,1,1,0,65,59,38,28,15,9,5,2,1,0
24,6,1,804,708,0,75,46,35,20,9,5,2,2,1,1,0,59,72,42,24,14,5,3,2,1,1
24,6,2,804,722,0,75,46,35,20,9,5,2,2,1,1,0,72,65,41,23,11,6,3,2,2,1
24,6,0,776,677,0,67,48,33,20,14,8,2,0,0,0,0,68,60,41,26,13,8,5,1,0,0
24,6,1,776,660,0,67,48,33,20,14,8,2,0,0,0,0,60,64,42,27,16,7,2,0,0,0
24,6,2,776,693,0,67,48,33,20,14,8,2,0,0,0,0,64,68,42,24,15,9,3,1,0,0
24,6,0,733,642,0,68,46,27,14,12,7,4,2,0,0,0,55,60,35,22,15,9,5,0,0,0
24,6,1,733,641,0,68,46,27,14,12,7,4,2,0,0,0,60,65,39,22,13,6,3,3,0,0
24,6,2,733,710,0,68,46,27,14,12,7,4,2,0,0,0,65,55,38,22,11,10,5,3,2,0
24,6,0,726,629,0,62,51,28,20,8,5,4,1,0,0,0,64,56,39,22,12,5,4,3,0,0
24,6,1,726,619,0,62,51,28,20,8,5,4,1,0,0,0,56,59,37,24,14,6,3,1,1,0
24,6,2,726,614,0,62,51,28,20,8,5,4,1,0,0,0,59,64,41,20,12,7,3,1,0,0
24,6,0,815,673,0,70,53,33,21,12,6,4,2,0,0,0,68,66,46,24,13,8,3,1,1,0
24,6,1,815,746,0,70,53,33,21,12,6,4,2,0,0,0,66,67,39,29,17,9,5,2,0,0
24,6,2,815,762,0,70,53,33,21,12,6,4,2,0,0,0,67,68,46,25,15,7,4,3,1,0
24,6,0,812,704,0,69,49,37,22,11,3,3,2,1,0,0,60,67,37,29,17,6,2,2,2,0
24,6,1,812,700,0,69,49,37,22,11,3,3,2,1,0,0,67,70,49,24,11,7,4,2,0,0
24,6,2,812,713,0,69,49,37,22,11,3,3,2,1,0,0,70,60,42,26,14,7,3,2,1,1
24,6,0,774,691,0,73,49,29,16,11,9,2,1,1,0,0,67,66,42,19,11,8,4,2,1,1
24,6,1,774,687,0,73,49,29,16,11,9,2,1,1,0,0,66,58,36,25,14,9,6,1,1,0
24,6,2,774,659,0,73,49,29,16,11,9,2,1,1,0,0,58,67,40,25,15,7,3,1,0,0
24,6,0,743,668,0,73,50,31,16,9,6,3,1,1,0,0,71,56,41,25,14,8,1,1,1,1
24,6,1,743,669,0,73,50,31,16,9,6,3,1,1,0,0,56,63,36,20,12,7,5,3,1,0
24,6,2,743,624,0,73,50,31,16,9,6,3,1,1,0,0,63,71,40,22,10,5,5,1,0,0
24,6,0,745,625,0,68,51,29,20,11,5,3,2,0,0,0,59,66,41,20,13,5,3,2,1,0
24,6,1,745,668,0,68,51,29,20,11,5,3,2,0,0,0,66,64,39,22,11,9,3,2,1,0
24,6,2,745,687,0,68,51,29,20,11,5,3,2,0,0,0,64,59,41,28,17,7,4,1,0,0
24,6,0,788,763,0,72,55,35,20,10,4,2,1,1,1,0,74,65,47,26,14,8,2,1,1,1
24,6,1,788,666,0,72,55,35,20,10,4,2,1,1,1,0,65,62,41,23,14,7,4,2,1,0
24,6,2,788,660,0,72,55,35,20,10,4,2,1,1,1,0,62,74,41,25,11,4,3,2,1,1
24,6,0,926,863,0,77,54,37,21,12,7,4,3,2,0,0,68,79,53,31,16,7,5,4,1,0
24,6,1,926,857,0,77,54,37,21,12,7,4,3,2,0,0,79,70,49,25,14,10,6,3,2,1
24,6,2,926,828,0,77,54,37,21,12,7,4,3,2,0,0,70,68,38,30,19,11,5,2,2,1
24,6,0,927,860,0,77,55,34,22,14,10,5,2,0,0,0,70,72,46,31,18,10,6,3,1,0
24,6,1,927,842,0,77,55,34,22,14,10,5,2,0,0,0,72,77,50,31,18,10,5,1,1,0
24,6,2,927,824,0,77,55,34,22,14,10,5,2,0,0,0,77,70,46,25,17,11,6,3,0,0
24,6,0,981,895,0,76,59,37,22,13,8,6,3,1,0,0,71,73,44,28,21,12,6,4,1,0
24,6,1,981,909,0,76,59,37,22,13,8,6,3,1,0,0,73,81,51,30,14,8,7,4,2,1
24,6,2,981,887,0,76,59,37,22,13,8,6,3,1,0,0,81,71,54,32,18,11,5,2,1,0
24,6,0,976,936,0,82,58,31,20,13,7,6,2,2,2,0,75,75,47,27,15,10,6,4,2,2
24,6,1,976,975,0,82,58,31,20,13,7,6,2,2,2,0,75,73,50,30,18,12,7,4,2,1
24,6,2,976,898,0,82,58,31,20,13,7,6,2,2,2,0,73,75,44,26,19,10,6,4,2,1
24,6,0,997,942,0,76,59,40,24,12,7,2,2,2,1,0,78,72,49,31,16,10,6,3,2,1
24,6,1,997,898,0,76,59,40,24,12,7,2,2,2,1,0,72,76,51,33,17,8,5,3,2,1
24,6,2,997,940,0,76,59,40,24,12,7,2,2,2,1,0,76,78,50,27,18,9,4,2,2,2
24,6,0,1013,929,0,74,52,36,21,14,9,6,5,1,0,0,72,72,48,31,19,13,8,4,1,0
24,6,1,1013,933,0,74,52,36,21,14,9,6,5,1,0,0,72,74,48,31,18,11,6,4,2,1
24,6,2,1013,956,0,74,52,36,21,14,9,6,5,1,0,0,74,72,48,30,19,11,7,4,3,0
24,6,0,919,849,0,71,61,38,21,12,8,4,2,1,0,0,70,77,48,29,16,9,5,2,1,1
24,6,1,919,831,0,71,61,38,21,12,8,4,2,1,0,0,77,71,52,27,16,10,5,2,1,0
24,6,2,919,797,0,71,61,38,21,12,8,4,2,1,0,0,71,70,47,30,16,8,5,3,1,0
24,6,0,929,834,0,83,52,31,21,14,9,4,1,1,1,0,73,70,43,27,16,11,7,3,1,0
24,6,1,929,831,0,83,52,31,21,14,9,4,1,1,1,0,70,74,44,29,17,9,6,2,1,1
24,6,2,929,848,0,83,52,31,21,14,9,4,1,1,1,0,74,73,47,26,18,10,3,2,1,1
24,6,0,925,832,0,72,53,34,24,14,6,5,3,1,0,0,73,68,46,28,16,10,6,3,1,0
24,6,1,925,830,0,72,53,34,24,14,6,5,3,1,0,0,68,71,46,31,18,10,4,2,1,1
24,6,2,925,866,0,72,53,34,24,14,6,5,3,1,0,0,71,73,48,28,19,9,5,4,2,0
24,6,0,1021,956,0,80,61,37,20,11,7,4,3,1,1,0,74,77,51,30,17,10,7,2,2,1
24,6,1,1021,966,0,80,61,37,20,11,7,4,3,1,1,0,77,76,50,30,16,9,5,4,1,1
24,6,2,1021,992,0,80,61,37,20,11,7,4,3,1,1,0,76,74,46,26,16,10,6,5,4,2
24,6,0,1009,966,0,78,58,37,24,14,8,5,2,1,1,0,73,75,49,34,20,11,6,4,2,1
24,6,1,1009,978,0,78,58,37,24,14,8,5,2,1,1,0,75,81,54,30,19,11,7,2,1,1
24,6,2,1009,939,0,78,58,37,24,14,8,5,2,1,1,0,81,73,48,29,17,10,5,4,2,1
24,6,0,967,870,0,81,57,38,23,14,7,3,2,2,1,0,77,71,48,32,17,8,4,3,2,1
24,6,1,967,942,0,81,57,38,23,14,7,3,2,2,1,0,71,80,48,29,19,12,5,3,2,1
24,6,2,967,900,0,81,57,38,23,14,7,3,2,2,1,0,80,77,51,29,16,9,6,2,1,1
24,6,0,944,890,0,75,56,36,24,12,7,4,2,1,1,0,71,71,47,30,18,9,5,3,2,1
24,6,1,944,852,0,75,56,36,24,12,7,4,2,1,1,0,71,76,48,29,15,8,6,2,1,1
24,6,2,944,823,0,75,56,36,24,12,7,4,2,1,1,0,76,71,48,28,18,10,4,3,1,0
24,6,0,966,903,0,74,55,33,22,15,8,4,3,2,0,0,72,71,47,24,18,12,5,3,2,2
24,6,1,966,880,0,74,55,33,22,15,8,4,3,2,0,0,71,73,46,30,16,11,7,3,2,0
24,6,2,966,877,0,74,55,33,22,15,8,4,3,2,0,0,73,72,49,33,20,9,5,3,1,0
24,6,0,888,802,0,80,59,38,21,11,6,4,2,1,0,0,79,71,47,25,16,10,4,2,2,0
24,6,1,888,777,0,80,59,38,21,11,6,4,2,1,0,0,71,72,44,27,16,8,5,3,0,0
24,6,2,888,793,0,80,59,38,21,11,6,4,2,1,0,0,72,79,51,31,13,6,4,2,1,1
24,6,0,1064,998,0,80,53,35,25,15,8,5,3,2,1,0,73,74,48,31,22,11,8,5,2,1
24,6,1,1064,1033,0,80,53,35,25,15,8,5,3,2,1,0,74,81,49,31,18,11,6,3,3,2
24,6,2,1064,1009,0,80,53,35,25,15,8,5,3,2,1,0,81,73,51,33,20,13,6,4,2,1
24,6,0,955,835,0,73,56,37,24,15,8,4,2,1,0,0,77,70,51,32,17,9,4,1,1,1
24,6,1,955,841,0,73,56,37,24,15,8,4,2,1,0,0,70,73,45,30,21,12,4,2,1,0
24,6,2,955,880,0,73,56,37,24,15,8,4,2,1,0,0,73,77,51,29,16,9,7,4,1,0
24,6,0,1016,939,0,80,60,38,19,13,10,6,3,1,1,0,75,76,52,30,19,9,6,5,2,0
24,6,1,1016,946,0,80,60,38,19,13,10,6,3,1,1,0,76,80,48,28,14,11,8,4,2,1
24,6,2,1016,985,0,80,60,38,19,13,10,6,3,1,1,0,80,75,51,33,20,14,7,2,1,1
24,6,0,908,812,0,76,56,38,22,13,7,3,2,1,0,0,75,72,49,28,15,7,4,2,2,1
24,6,1,908,787,0,76,56,38,22,13,7,3,2,1,0,0,72,71,46,30,16,10,4,1,1,0
24,6,2,908,805,0,76,56,38,22,13,7,3,2,1,0,0,71,75,47,28,17,9,5,3,0,0
24,6,0,862,804,0,75,49,35,21,12,9,5,1,0,0,0,70,69,43,29,19,10,4,2,1,0
24,6,1,862,775,0,75,49,35,21,12,9,5,1,0,0,0,69,68,45,26,13,8,7,3,0,0
24,6,2,862,741,0,75,49,35,21,12,9,5,1,0,0,0,68,70,44,28,16,9,4,1,0,0
24,6,0,878,810,0,71,56,32,23,15,6,3,2,1,0,0,71,72,49,25,15,10,4,2,1,1
24,6,1,878,795,0,71,56,32,23,15,6,3,2,1,0,0,72,66,44,27,18,10,5,2,1,0
24,6,2,878,756,0,71,56,32,23,15,6,3,2,1,0,0,66,71,45,30,17,7,3,2,1,0
24,6,0,1001,935,0,82,56,35,21,14,9,4,2,1,1,0,84,68,45,28,18,13,7,3,1,1
24,6,1,1001,930,0,82,56,35,21,14,9,4,2,1,1,0,68,74,45,34,20,8,5,4,3,1
24,6,2,1001,952,0,82,56,35,21,14,9,4,2,1,1,0,74,84,54,26,15,11,6,2,1,1
24,6,0,1000,941,0,76,55,36,21,11,7,6,4,2,1,0,73,74,53,31,17,10,7,3,2,1
24,6,1,1000,945,0,76,55,36,21,11,7,6,4,2,1,0,74,72,45,27,19,11,5,4,2,2
24,6,2,1000,945,0,76,55,36,21,11,7,6,4,2,1,0,72,73,45,30,16,10,8,6,3,0
24,6,0,916,968,0,72,57,36,22,13,8,4,2,2,1,0,70,76,55,35,17,8,4,3,2,2
24,6,1,916,896,0,72,57,36,22,13,8,4,2,2,1,0,76,71,49,27,19,12,6,3,2,0
24,6,2,916,845,0,72,57,36,22,13,8,4,2,2,1,0,71,70,41,26,16,10,7,3,1,1
24,6,0,929,838,0,71,58,37,21,13,6,3,3,1,1,0,74,74,48,30,15,10,6,2,1,0
24,6,1,929,830,0,71,58,37,21,13,6,3,3,1,1,0,74,66,48,29,18,8,5,3,1,1
24,6,2,929,861,0,71,58,37,21,13,6,3,3,1,1,0,66,74,47,26,15,9,3,3,3,1
24,6,0,836,793,0,76,52,33,19,12,7,5,2,1,0,0,68,73,44,30,13,7,6,4,1,0
24,6,1,836,805,0,76,52,33,19,12,7,5,2,1,0,0,73,66,49,28,17,10,4,1,1,1
24,6,2,836,757,0,76,52,33,19,12,7,5,2,1,0,0,66,68,38,21,16,10,5,3,1,0
24,6,0,858,742,0,73,54,32,23,13,8,4,1,0,0,0,71,66,47,30,17,8,3,1,0,0
24,6,1,858,792,0,73,54,32,23,13,8,4,1,0,0,0,66,71,48,27,16,8,4,3,1,0
24,6,2,858,719,0,73,54,32,23,13,8,4,1,0,0,0,71,71,40,24,16,10,6,1,0,0
24,7,0,1519,1832,0,102,104,74,45,29,18,11,7,4,1,135,131,104,71,38,24,14,6,4,2,1
24,7,1,1519,1810,0,102,104,74,45,29,18,11,7,4,1,131,131,97,59,43,24,13,9,4,3,1
24,7,2,1519,1850,0,102,104,74,45,29,18,11,7,4,1,131,135,94,61,36,24,16,10,6,2,1
24,7,0,1411,1730,0,104,106,65,42,26,17,12,6,3,2,134,134,99,59,33,21,13,8,6,2,1
24,7,1,1411,1659,0,104,106,65,42,26,17,12,6,3,2,134,116,91,56,39,26,13,6,3,2,1
24,7,2,1411,1721,0,104,106,65,42,26,17,12,6,3,2,116,134,90,59,37,20,15,10,3,2,1
24,7,0,1477,1715,0,106,102,72,49,28,15,8,6,4,3,135,133,101,62,35,20,14,9,5,2,0
24,7,1,1477,1760,0,106,102,72,49,28,15,8,6,4,3,133,126,93,60,40,25,11,6,5,3,1
24,7,2,1477,1750,0,106,102,72,49,28,15,8,6,4,3,126,135,94,64,39,20,12,7,4,3,3
24,7,0,1518,1863,0,98,110,70,42,25,19,10,6,3,2,129,130,96,58,39,23,13,7,4,2,2
24,7,1,1518,1856,0,98,110,70,42,25,19,10,6,3,2,130,130,99,59,35,23,15,10,4,3,2
24,7,2,1518,1911,0,98,110,70,42,25,19,10,6,3,2,130,129,96,64,37,23,16,8,7,4,2
24,7,0,1480,1726,0,110,105,70,44,28,19,12,5,3,2,127,135,90,62,38,24,16,8,3,2,1
24,7,1,1480,1762,0,110,105,70,44,28,19,12,5,3,2,135,137,103,62,37,22,12,7,5,3,1
24,7,2,1480,1745,0,110,105,70,44,28,19,12,5,3,2,137,127,96,60,39,24,14,8,3,1,1
24,7,0,1513,1848,0,105,98,69,46,30,14,10,7,4,3,126,129,92,66,40,21,13,8,6,3,2
24,7,1,1513,1837,0,105,98,69,46,30,14,10,7,4,3,129,133,99,61,37,23,13,10,5,2,1
24,7,2,1513,1837,0,105,98,69,46,30,14,10,7,4,3,133,126,92,58,39,26,14,8,5,4,2
24,7,0,1542,1951,0,103,101,65,43,28,17,12,7,4,2,120,129,87,57,38,26,17,11,6,2,1
24,7,1,1542,1854,0,103,101,65,43,28,17,12,7,4,2,129,136,95,61,37,23,16,8,4,3,2
24,7,2,1542,1894,0,103,101,65,43,28,17,12,7,4,2,136,120,100,63,41,24,12,9,6,4,2
24,7,0,1482,1844,0,101,107,72,47,28,16,9,5,4,2,134,131,95,67,40,21,14,9,4,3,2
24,7,1,1482,1822,0,101,107,72,47,28,16,9,5,4,2,131,129,107,63,37,20,12,7,6,3,1
24,7,2,1482,1766,0,101,107,72,47,28,16,9,5,4,2,129,134,91,56,37,26,13,7,4,3,2
24,7,0,1543,1843,0,99,107,75,47,30,18,11,6,2,1,137,128,99,63,38,25,15,7,4,3,2
24,7,1,1543,1842,0,99,107,75,47,30,18,11,6,2,1,128,134,99,68,42,22,11,7,5,1,1
24,7,2,1543,1865,0,99,107,75,47,30,18,11,6,2,1,134,137,102,62,38,24,15,9,3,2,1
24,7,0,1509,1837,0,107,104,70,43,28,17,10,7,5,3,126,138,92,54,37,23,16,10,4,3,2
24,7,1,1509,1827,0,107,104,70,43,28,17,10,7,5,3,138,131,101,64,32,22,16,9,6,3,1
24,7,2,1509,1844,0,107,104,70,43,28,17,10,7,5,3,131,126,95,66,45,26,11,7,6,3,1
24,7,0,1478,1742,0,104,99,68,47,29,19,11,6,3,1,121,131,90,67,41,22,14,8,3,2,1
24,7,1,1478,1801,0,104,99,68,47,29,19,11,6,3,1,131,137,105,61,36,20,13,8,6,3,1
24,7,2,1478,1807,0,104,99,68,47,29,19,11,6,3,1,137,121,90,58,41,29,15,7,3,1,1
24,7,0,1468,1747,0,98,101,66,43,28,16,12,6,3,2,127,123,96,61,38,22,13,8,5,2,1
24,7,1,1468,1767,0,98,101,66,43,28,16,12,6,3,2,123,127,93,60,38,23,14,8,2,2,2
24,7,2,1468,1774,0,98,101,66,43,28,16,12,6,3,2,127,127,90,57,36,24,14,9,6,3,1
24,7,0,1420,1693,0,101,108,72,46,25,16,9,5,4,2,126,133,96,56,37,23,14,8,3,1,1
24,7,1,1420,1672,0,101,108,72,46,25,16,9,5,4,2,133,130,94,59,33,19,15,6,4,3,1
24,7,2,1420,1687,0,101,108,72,46,25,16,9,5,4,2,130,126,98,65,38,20,8,7,5,3,1
24,7,0,1427,1650,0,108,98,69,44,29,19,10,7,3,1,133,127,94,65,38,24,14,4,2,2,1
24,7,1,1427,1647,0,108,98,69,44,29,19,10,7,3,1,127,128,96,60,39,21,11,9,4,1,0
24,7,2,1427,1690,0,108,98,69,44,29,19,10,7,3,1,128,133,90,57,36,24,15,8,5,1,0
24,7,0,1294,1455,0,103,94,61,40,28,19,9,4,3,1,121,124,92,57,32,19,10,5,3,1,0
24,7,1,1294,1520,0,103,94,61,40,28,19,9,4,3,1,124,117,87,52,36,25,13,6,2,1,0
24,7,2,1294,1544,0,103,94,61,40,28,19,9,4,3,1,117,121,80,56,36,20,13,6,3,2,1
24,7,0,1297,1545,0,94,102,65,44,28,15,10,5,1,1,123,123,95,54,34,21,11,6,3,1,1
24,7,1,1297,1482,0,94,102,65,44,28,15,10,5,1,1,123,120,87,54,34,21,12,5,3,1,0
24,7,2,1297,1573,0,94,102,65,44,28,15,10,5,1,1,120,123,90,62,37,19,10,7,2,1,1
24,7,0,1362,1605,0,102,103,73,43,26,16,10,6,3,1,135,123,99,61,36,21,12,5,3,2,0
24,7,1,1362,1578,0,102,103,73,43,26,16,10,6,3,1,123,125,90,55,37,21,12,7,3,1,1
24,7,2,1362,1606,0,102,103,73,43,26,16,10,6,3,1,125,135,92,62,32,20,12,8,4,1,0
24,7,0,1388,1623,0,99,107,72,46,27,14,8,7,3,1,129,133,95,58,33,17,11,7,5,2,1
24,7,1,1388,1599,0,99,107,72,46,27,14,8,7,3,1,133,123,95,61,36,23,10,5,4,2,0
24,7,2,1388,1674,0,99,107,72,46,27,14,8,7,3,1,123,129,96,60,38,21,13,8,3,1,1
24,7,0,1369,1577,0,107,110,73,43,25,17,10,6,3,0,131,129,96,64,33,19,12,7,3,1,0
24,7,1,1369,1580,0,107,110,73,43,25,17,10,6,3,0,129,134,94,57,39,22,12,6,2,1,0
24,7,2,1369,1571,0,107,110,73,43,25,17,10,6,3,0,134,131,97,56,32,20,12,6,4,1,0
24,7,0,1349,1568,0,110,99,66,45,29,17,10,3,2,2,127,127,87,53,36,23,12,7,3,1,0
24,7,1,1349,1584,0,110,99,66,45,29,17,10,3,2,2,127,129,87,61,36,21,14,4,2,2,1
24,7,2,1349,1541,0,110,99,66,45,29,17,10,3,2,2,129,127,99,60,36,19,8,6,2,1,1
24,7,0,1366,1582,0,102,100,66,44,30,18,10,5,2,1,120,131,89,66,39,23,9,4,2,1,1
24,7,1,1366,1579,0,102,100,66,44,30,18,10,5,2,1,131,127,97,53,35,20,13,8,3,1,0
24,7,2,1366,1548,0,102,100,66,44,30,18,10,5,2,1,127,120,90,57,36,23,14,6,3,1,0
24,7,0,1425,1651,0,100,111,72,48,29,16,9,5,3,1,133,130,96,69,36,20,10,4,4,2,1
24,7,1,1425,1658,0,100,111,72,48,29,16,9,5,3,1,130,132,98,62,43,25,10,6,2,1,1
24,7,2,1425,1644,0,100,111,72,48,29,16,9,5,3,1,132,133,101,53,33,19,15,9,4,2,0
24,7,0,1404,1609,0,111,102,75,47,28,18,10,5,2,1,136,135,97,61,29,20,14,8,4,0,0
24,7,1,1404,1613,0,111,102,75,47,28,18,10,5,2,1,135,128,92,65,46,25,10,3,2,2,0
24,7,2,1404,1613,0,111,102,75,47,28,18,10,5,2,1,128,136,99,60,36,19,12,7,2,1,1
24,7,0,1391,1614,0,106,102,67,44,29,20,10,6,1,1,137,128,97,64,38,22,11,6,2,1,0
24,7,1,1391,1716,0,106,102,67,44,29,20,10,6,1,1,128,122,96,60,39,21,14,8,4,1,1
24,7,2,1391,1585,0,106,102,67,44,29,20,10,6,1,1,122,137,88,55,35,25,14,5,3,1,1
24,7,0,1469,1733,0,102,107,69,45,29,16,12,6,4,2,125,137,97,59,37,24,12,7,4,3,1
24,7,1,1469,1735,0,102,107,69,45,29,16,12,6,4,2,137,130,95,60,37,25,15,8,4,1,1
24,7,2,1469,1716,0,102,107,69,45,29,16,12,6,4,2,130,125,98,64,40,20,13,9,4,2,0
24,7,0,1427,1653,0,107,106,79,47,28,16,8,4,3,1,129,139,91,66,35,19,12,5,3,2,1
24,7,1,1427,1688,0,107,106,79,47,28,16,8,4,3,1,139,133,106,65,39,21,7,5,3,2,1
24,7,2,1427,1699,0,107,106,79,47,28,16,8,4,3,1,133,129,97,57,35,22,15,8,4,2,1
24,7,0,1321,1521,0,102,108,75,43,26,14,9,4,2,2,133,125,95,57,32,19,9,6,3,2,1
24,7,1,1321,1582,0,102,108,75,43,26,14,9,4,2,2,125,127,92,61,38,21,10,5,3,1,1
24,7,2,1321,1484,0,102,108,75,43,26,14,9,4,2,2,127,133,96,57,30,17,12,6,2,1,0
24,7,0,1328,1538,0,108,100,69,43,24,15,8,6,3,1,123,127,88,50,32,19,12,8,5,2,0
24,7,1,1328,1601,0,108,100,69,43,24,15,8,6,3,1,127,128,89,59,32,21,13,4,3,2,1
24,7,2,1328,1515,0,108,100,69,43,24,15,8,6,3,1,128,123,93,61,37,18,9,7,3,1,1
24,7,0,1358,1608,0,100,102,66,45,29,18,11,6,2,0,126,123,92,58,41,23,13,8,2,0,0
24,7,1,1358,1541,0,100,102,66,45,29,18,11,6,2,0,123,130,96,58,33,19,13,6,3,1,0
24,7,2,1358,1564,0,100,102,66,45,29,18,11,6,2,0,130,126,91,61,37,24,11,5,3,1,0
24,7,0,1354,1552,0,102,102,68,44,30,17,9,4,3,2,123,135,94,55,31,19,14,8,2,1,0
24,7,1,1354,1602,0,102,102,68,44,30,17,9,4,3,2,135,123,94,60,35,24,11,5,3,3,1
24,7,2,1354,1635,0,102,102,68,44,30,17,9,4,3,2,123,123,91,62,43,22,10,5,4,1,1
24,7,0,1384,1659,0,102,105,71,46,26,16,11,6,2,1,129,129,98,62,39,18,11,7,5,2,0
24,7,1,1384,1605,0,102,105,71,46,26,16,11,6,2,1,129,129,97,54,34,20,12,7,3,1,1
24,7,2,1384,1641,0,102,105,71,46,26,16,11,6,2,1,129,129,90,64,36,25,14,7,2,1,1
24,7,0,1339,1528,0,105,102,69,43,27,16,9,5,3,1,130,122,94,59,37,22,10,6,3,0,0
24,7,1,1339,1526,0,105,102,69,43,27,16,9,5,3,1,122,128,88,52,35,22,14,7,2,1,0
24,7,2,1339,1558,0,105,102,69,43,27,16,9,5,3,1,128,130,93,62,32,17,10,5,4,3,1
24,7,0,1416,1689,0,101,101,67,43,30,19,9,7,4,1,127,133,90,55,37,26,17,6,4,2,0
24,7,1,1416,1629,0,101,101,67,43,30,19,9,7,4,1,133,122,98,65,37,19,12,7,4,1,0
24,7,2,1416,1693,0,101,101,67,43,30,19,9,7,4,1,122,127,93,60,39,25,11,8,4,2,1
24,7,0,1450,1695,0,101,112,72,45,28,21,14,5,2,0,132,133,104,67,39,22,13,6,2,2,0
24,7,1,1450,1642,0,101,112,72,45,28,21,14,5,2,0,133,135,103,58,36,23,13,8,4,0,0
24,7,2,1450,1666,0,101,112,72,45,28,21,14,5,2,0,135,132,92,62,40,25,16,7,1,0,0
24,7,0,1371,1639,0,112,101,71,48,29,16,10,6,2,1,127,139,93,60,38,20,13,7,3,1,1
24,7,1,1371,1542,0,112,101,71,48,29,16,10,6,2,1,139,130,97,59,34,20,10,6,3,1,0
24,7,2,1371,1638,0,112,101,71,48,29,16,10,6,2,1,130,127,94,64,40,24,12,6,3,1,0
24,7,0,1381,1695,0,99,99,63,45,29,20,10,4,2,2,125,132,98,60,36,21,12,8,4,2,1
24,7,1,1381,1628,0,99,99,63,45,29,20,10,4,2,2,132,117,92,56,37,24,15,5,3,1,1
24,7,2,1381,1617,0,99,99,63,45,29,20,10,4,2,2,117,125,85,60,40,23,12,6,2,2,1
24,7,0,1385,1562,0,99,102,66,44,29,16,11,7,3,0,128,130,99,61,36,22,11,5,3,0,0
24,7,1,1385,1612,0,99,102,66,44,29,16,11,7,3,0,130,119,92,55,38,24,14,8,2,1,0
24,7,2,1385,1640,0,99,102,66,44,29,16,11,7,3,0,119,128,87,60,36,20,12,8,5,2,0
24,7,0,1367,1597,0,102,99,70,41,24,17,11,6,4,1,124,127,92,61,35,24,12,5,3,1,1
24,7,1,1367,1574,0,102,99,70,41,24,17,11,6,4,1,127,124,88,53,39,21,12,8,3,2,0
24,7,2,1367,1624,0,102,99,70,41,24,17,11,6,4,1,124,124,93,60,30,18,15,9,5,2,0
24,7,0,1360,1584,0,100,104,70,40,25,16,10,8,4,1,125,119,89,59,36,19,13,9,3,1,0
24,7,1,1360,1691,0,100,104,70,40,25,16,10,8,4,1,119,134,92,59,32,20,13,9,7,2,0
24,7,2,1360,1653,0,100,104,70,40,25,16,10,8,4,1,134,125,97,56,36,25,13,5,3,2,1
24,7,0,1425,1729,0,104,97,66,42,28,18,10,5,3,3,123,127,85,54,38,24,11,6,5,4,3
24,7,1,1425,1737,0,104,97,66,42,28,18,10,5,3,3,127,128,94,63,34,22,16,10,4,1,1
24,7,2,1425,1808,0,104,97,66,42,28,18,10,5,3,3,128,123,95,60,39,23,14,7,4,3,1
24,7,0,1395,1636,0,97,100,63,43,29,17,9,5,3,2,121,123,89,62,37,21,12,6,3,2,1
24,7,1,1395,1745,0,97,100,63,43,29,17,9,5,3,2,123,126,98,59,38,23,11,6,4,3,2
24,7,2,1395,1688,0,97,100,63,43,29,17,9,5,3,2,126,121,86,52,35,23,15,9,5,2,1
24,7,0,1334,1542,0,97,101,67,46,28,13,7,3,2,2,119,126,90,59,32,17,10,6,3,3,2
24,7,1,1334,1521,0,97,101,67,46,28,13,7,3,2,2,126,123,90,58,36,20,9,5,3,1,1
24,7,2,1334,1583,0,97,101,67,46,28,13,7,3,2,2,123,119,91,53,35,20,10,5,3,2,1
24,7,0,1312,1491,0,101,98,74,41,27,14,7,6,3,1,123,127,90,60,29,18,10,7,4,1,0
24,7,1,1312,1641,0,101,98,74,41,27,14,7,6,3,1,127,123,90,58,37,22,12,4,3,3,1
24,7,2,1312,1531,0,101,98,74,41,27,14,7,6,3,1,123,123,92,56,34,19,10,7,4,1,1
24,7,0,1266,1480,0,98,97,64,41,21,15,11,5,3,1,122,117,88,54,30,20,12,6,4,1,0
24,7,1,1266,1471,0,98,97,64,41,21,15,11,5,3,1,117,117,83,51,36,20,12,6,1,1,1
24,7,2,1266,1500,0,98,97,64,41,21,15,11,5,3,1,117,122,87,56,31,16,11,8,4,2,0
24,7,0,1494,1770,0,98,105,68,44,31,19,11,4,4,2,127,131,95,59,38,26,15,7,4,3,1
24,7,1,1494,1812,0,98,105,68,44,31,19,11,4,4,2,131,130,97,63,38,22,14,8,4,3,2
24,7,2,1494,1830,0,98,105,68,44,31,19,11,4,4,2,130,127,98,63,41,25,13,8,4,2,1
24,7,0,1479,1802,0,105,104,72,45,28,16,10,6,2,1,128,133,93,64,38,20,13,8,3,1,1
24,7,1,1479,1775,0,105,104,72,45,28,16,10,6,2,1,133,131,101,61,36,21,11,8,5,2,1
24,7,2,1479,1769,0,105,104,72,45,28,16,10,6,2,1,131,128,93,58,37,25,14,6,4,3,2
24,7,0,1488,1865,0,104,98,73,47,26,17,10,7,4,3,126,132,94,65,39,21,15,9,6,4,2
24,7,1,1488,1755,0,104,98,73,47,26,17,10,7,4,3,132,132,97,61,37,23,13,8,6,2,1
24,7,2,1488,1772,0,104,98,73,47,26,17,10,7,4,3,132,126,95,62,39,24,14,8,3,2,1
24,7,0,1367,1577,0,106,103,71,45,27,17,7,5,4,1,131,129,97,60,34,20,9,5,4,2,1
24,7,1,1367,1588,0,106,103,71,45,27,17,7,5,4,1,129,126,91,58,37,21,14,6,3,1,0
24,7,2,1367,1561,0,106,103,71,45,27,17,7,5,4,1,126,131,92,59,35,20,11,6,3,2,0
24,7,0,1463,1757,0,103,102,70,44,29,19,13,6,1,1,131,136,97,65,36,24,14,6,2,1,1
24,7,1,1463,1752,0,103,102,70,44,29,19,13,6,1,1,136,123,98,59,41,27,14,8,3,2,1
24,7,2,1463,1735,0,103,102,70,44,29,19,13,6,1,1,123,131,92,61,38,20,14,9,5,1,1
24,7,0,1401,1668,0,102,106,71,45,25,13,9,6,4,2,127,130,94,60,37,19,12,7,4,3,1
24,7,1,1401,1636,0,102,106,71,45,25,13,9,6,4,2,130,127,94,56,35,22,10,6,5,3,1
24,7,2,1401,1649,0,102,106,71,45,25,13,9,6,4,2,127,127,94,60,33,19,13,9,4,1,1
24,7,0,1369,1611,0,104,99,67,42,24,14,8,8,4,2,123,123,90,60,30,17,12,7,5,3,1
24,7,1,1369,1693,0,104,99,67,42,24,14,8,8,4,2,123,127,88,55,38,24,10,7,5,3,2
24,7,2,1369,1614,0,104,99,67,42,24,14,8,8,4,2,127,123,91,55,35,20,15,9,5,1,0
24,7,0,1448,1710,0,99,99,65,43,28,21,12,6,4,2,129,127,93,57,35,23,17,10,4,1,0
24,7,1,1448,1769,0,99,99,65,43,28,21,12,6,4,2,127,123,92,62,38,25,16,7,4,3,1
24,7,2,1448,1719,0,99,99,65,43,28,21,12,6,4,2,123,129,95,62,43,25,12,7,4,2,1
24,7,0,1415,1657,0,99,104,63,42,30,16,10,4,3,3,127,126,94,62,39,23,9,7,4,2,1
24,7,1,1415,1758,0,99,104,63,42,30,16,10,4,3,3,126,123,95,53,37,23,15,10,5,3,1
24,7,2,1415,1702,0,99,104,63,42,30,16,10,4,3,3,123,127,88,58,34,22,14,5,3,3,3
24,7,0,1301,1526,0,106,93,64,41,25,19,10,6,2,1,120,122,86,58,33,21,13,6,3,1,0
24,7,1,1301,1616,0,106,93,64,41,25,19,10,6,2,1,122,125,87,56,36,23,13,6,3,2,1
24,7,2,1301,1445,0,106,93,64,41,25,19,10,6,2,1,125,120,88,54,35,19,12,7,3,0,0
24,7,0,1311,1508,0,93,96,63,45,31,17,9,2,2,2,115,122,83,53,38,22,12,6,3,1,0
24,7,1,1311,1558,0,93,96,63,45,31,17,9,2,2,2,122,124,90,60,35,19,11,5,2,2,1
24,7,2,1311,1585,0,93,96,63,45,31,17,9,2,2,2,124,115,95,59,36,23,10,5,2,2,2
24,7,0,1248,1433,0,96,106,69,39,24,13,7,4,2,1,124,114,89,56,32,17,8,5,3,1,1
24,7,1,1248,1411,0,96,106,69,39,24,13,7,4,2,1,114,124,90,52,29,18,10,6,3,1,0
24,7,2,1248,1441,0,96,106,69,39,24,13,7,4,2,1,124,124,87,52,30,17,10,4,2,2,1
24,7,0,1306,1520,0,104,99,72,45,27,14,7,4,2,1,134,124,93,58,30,17,10,6,3,2,1
24,7,1,1306,1496,0,104,99,72,45,27,14,7,4,2,1,124,118,88,63,39,19,8,4,4,1,0
24,7,2,1306,1497,0,104,99,72,45,27,14,7,4,2,1,118,134,91,52,32,20,11,5,1,1,1
24,7,0,1221,1458,0,99,100,64,36,26,15,7,4,3,2,120,125,92,51,28,18,7,7,4,2,1
24,7,1,1221,1490,0,99,100,64,36,26,15,7,4,3,2,125,111,84,49,32,24,15,5,3,1,0
24,7,2,1221,1380,0,99,100,64,36,26,15,7,4,3,2,111,120,81,57,33,15,9,4,2,2,1
24,7,0,1300,1563,0,100,104,66,45,23,15,9,4,2,1,120,129,88,53,36,19,13,6,3,2,1
24,7,1,1300,1481,0,100,104,66,45,23,15,9,4,2,1,129,122,94,53,32,18,9,4,3,2,1
24,7,2,1300,1630,0,100,104,66,45,23,15,9,4,2,1,122,120,89,61,33,19,11,8,3,1,1
24,7,0,1261,1411,0,101,106,74,45,22,10,10,6,2,1,122,127,89,56,30,16,10,5,2,2,0
24,7,1,1261,1543,0,101,106,74,45,22,10,10,6,2,1,127,128,92,57,34,20,9,7,3,1,1
24,7,2,1261,1447,0,101,106,74,45,22,10,10,6,2,1,128,122,95,57,32,15,10,7,4,0,0
24,7,0,1252,1451,0,106,91,65,42,25,16,6,4,4,1,120,118,82,52,33,20,12,5,2,1,1
24,7,1,1252,1414,0,106,91,65,42,25,16,6,4,4,1,118,122,86,54,34,16,9,5,3,2,0
24,7,2,1252,1476,0,106,91,65,42,25,16,6,4,4,1,122,120,86,57,31,20,10,5,4,2,0
24,7,0,1243,1454,0,91,101,61,40,28,17,10,5,1,0,122,114,90,56,37,20,11,5,2,0,0
24,7,1,1243,1421,0,91,101,61,40,28,17,10,5,1,0,114,118,89,49,30,20,12,6,2,1,0
24,7,2,1243,1428,0,91,101,61,40,28,17,10,5,1,0,118,122,84,57,34,21,10,5,2,0,0
24,7,0,1304,1534,0,103,98,73,41,28,17,8,4,1,1,123,127,93,58,35,20,10,6,2,1,1
24,7,1,1304,1504,0,103,98,73,41,28,17,8,4,1,1,127,125,92,55,29,20,13,5,3,1,1
24,7,2,1304,1450,0,103,98,73,41,28,17,8,4,1,1,125,123,87,61,37,20,9,4,2,1,0
24,7,0,1282,1445,0,98,103,68,44,25,14,10,4,2,1,121,128,89,58,32,18,11,4,2,1,1
24,7,1,1282,1442,0,98,103,68,44,25,14,10,4,2,1,128,120,96,58,32,17,8,6,2,1,0
24,7,2,1282,1520,0,98,103,68,44,25,14,10,4,2,1,120,121,86,52,36,21,12,7,3,1,0
24,7,0,1350,1565,0,103,103,70,50,29,14,6,3,2,1,126,129,98,62,36,17,7,5,2,1,1
24,7,1,1350,1542,0,103,103,70,50,29,14,6,3,2,1,129,128,92,55,35,21,10,5,3,2,1
24,7,2,1350,1583,0,103,103,70,50,29,14,6,3,2,1,128,126,90,60,36,19,11,4,3,2,1
24,7,0,1350,1616,0,106,100,68,41,24,19,12,7,2,0,128,125,92,58,37,22,14,8,3,0,0
24,7,1,1350,1541,0,106,100,68,41,24,19,12,7,2,0,125,126,94,57,33,19,13,7,3,1,0
24,7,2,1350,1556,0,106,100,68,41,24,19,12,7,2,0,126,128,87,58,35,23,13,6,3,1,0
24,7,0,1335,1531,0,100,102,66,44,28,15,9,4,3,2,119,128,89,56,35,21,10,5,3,2,1
24,7,1,1335,1560,0,100,102,66,44,28,15,9,4,3,2,128,126,94,58,32,20,13,7,2,1,1
24,7,2,1335,1540,0,100,102,66,44,28,15,9,4,3,2,126,119,90,57,38,20,10,6,4,2,0
24,7,0,1301,1494,0,102,106,72,42,25,15,6,4,3,1,122,127,90,59,32,19,10,4,2,1,1
24,7,1,1301,1525,0,102,106,72,42,25,15,6,4,3,1,127,128,95,59,33,17,9,5,3,2,1
24,7,2,1301,1475,0,102,106,72,42,25,15,6,4,3,1,128,122,90,51,32,19,11,6,4,2,0
24,7,0,1368,1583,0,102,104,69,42,25,18,11,5,2,1,124,124,93,62,37,20,13,8,2,1,1
24,7,1,1368,1555,0,102,104,69,42,25,18,11,5,2,1,124,132,95,56,33,20,12,7,4,1,0
24,7,2,1368,1626,0,102,104,69,42,25,18,11,5,2,1,132,124,90,56,35,23,13,5,3,2,1
24,7,0,1327,1565,0,104,103,67,42,27,14,9,5,3,2,126,126,92,56,35,18,10,6,4,3,1
24,7,1,1327,1527,0,104,103,67,42,27,14,9,5,3,2,126,124,89,57,33,20,11,6,3,1,1
24,7,2,1327,1546,0,104,103,67,42,27,14,9,5,3,2,124,126,91,56,34,22,12,7,3,1,0
24,7,0,1380,1585,0,103,102,66,43,26,15,10,8,4,1,131,125,97,58,31,20,13,8,4,1,0
24,7,1,1380,1627,0,103,102,66,43,26,15,10,8,4,1,125,122,89,60,38,24,13,7,3,2,1
24,7,2,1380,1650,0,103,102,66,43,26,15,10,8,4,1,122,131,89,55,38,20,12,8,6,2,0
24,7,0,1359,1562,0,107,99,66,44,27,17,10,5,3,1,131,124,92,52,33,23,13,7,4,1,0
24,7,1,1359,1652,0,107,99,66,44,27,17,10,5,3,1,124,125,89,63,35,21,14,6,2,2,1
24,7,2,1359,1649,0,107,99,66,44,27,17,10,5,3,1,125,131,92,59,40,20,10,7,4,2,1
24,7,0,1317,1485,0,99,98,66,49,31,19,7,2,2,1,121,126,92,62,37,21,7,4,2,1,0
24,7,1,1317,1502,0,99,98,66,49,31,19,7,2,2,1,126,127,93,57,37,21,11,4,1,1,1
24,7,2,1317,1501,0,99,98,66,49,31,19,7,2,2,1,127,121,90,58,37,20,13,4,2,1,0
24,7,0,1393,1617,0,98,107,72,42,29,16,10,5,1,1,123,132,90,59,35,21,13,6,3,1,1
24,7,1,1393,1665,0,98,107,72,42,29,16,10,5,1,1,132,128,98,62,34,22,12,5,2,1,1
24,7,2,1393,1648,0,98,107,72,42,29,16,10,5,1,1,128,123,97,57,37,21,10,8,4,2,1
24,7,0,1399,1671,0,101,105,70,42,29,17,10,6,3,1,129,127,100,59,34,19,11,7,5,2,1
24,7,1,1399,1612,0,101,105,70,42,29,17,10,6,3,1,127,129,90,57,36,25,13,7,2,1,1
24,7,2,1399,1712,0,101,105,70,42,29,17,10,6,3,1,129,129,94,63,39,23,14,7,4,2,0
24,7,0,1350,1571,0,105,100,69,42,23,14,10,7,4,1,130,122,93,57,31,20,13,9,4,0,0
24,7,1,1350,1572,0,105,100,69,42,23,14,10,7,4,1,122,123,85,56,36,21,13,5,4,3,0
24,7,2,1350,1601,0,105,100,69,42,23,14,10,7,4,1,123,130,92,57,34,18,10,8,4,2,1
24,7,0,1415,1670,0,100,101,70,48,29,19,10,6,3,1,131,129,95,64,38,24,11,6,4,2,0
24,7,1,1415,1717,0,100,101,70,48,29,19,10,6,3,1,129,127,93,62,42,25,15,7,3,1,0
24,7,2,1415,1631,0,100,101,70,48,29,19,10,6,3,1,127,131,99,60,36,19,13,7,3,1,1
24,7,0,1433,1825,0,103,105,70,42,24,15,12,5,4,3,126,127,99,64,36,21,13,7,5,3,2
24,7,1,1433,1716,0,103,105,70,42,24,15,12,5,4,3,127,132,92,54,35,22,13,8,4,3,2
24,7,2,1433,1810,0,103,105,70,42,24,15,12,5,4,3,132,126,91,59,36,22,15,11,5,3,1
24,7,0,1396,1685,0,105,96,68,47,28,16,7,4,3,1,132,126,95,61,33,20,13,6,4,2,2
24,7,1,1396,1678,0,105,96,68,47,28,16,7,4,3,1,126,120,86,59,42,21,9,5,3,2,1
24,7,2,1396,1699,0,105,96,68,47,28,16,7,4,3,1,120,132,92,57,34,21,12,7,4,3,1
24,7,0,1383,1654,0,96,103,68,41,27,15,10,8,2,2,132,123,99,58,31,20,12,9,4,1,1
24,7,1,1383,1726,0,96,103,68,41,27,15,10,8,2,2,123,118,85,58,39,25,14,8,6,2,1
24,7,2,1383,1584,0,96,103,68,41,27,15,10,8,2,2,118,132,93,58,36,20,12,6,3,2,1
24,7,0,1874,2409,0,112,118,78,54,34,22,15,10,5,3,151,154,111,81,52,34,20,11,6,4,2
24,7,1,1874,2378,0,112,118,78,54,34,22,15,10,5,3,154,150,124,73,50,28,19,13,8,5,2
24,7,2,1874,2327,0,112,118,78,54,34,22,15,10,5,3,150,151,108,71,45,31,20,13,8,3,3
24,7,0,1836,2246,0,118,112,82,56,36,24,15,9,5,2,147,149,112,81,51,31,18,10,6,4,1
24,7,1,1836,2215,0,118,112,82,56,36,24,15,9,5,2,149,164,109,74,51,33,19,10,6,2,1
24,7,2,1836,2171,0,118,112,82,56,36,24,15,9,5,2,164,147,121,75,46,28,19,12,5,2,1
24,7,0,1848,2341,0,112,112,79,49,37,24,15,10,6,4,160,149,113,72,44,34,25,13,7,4,1
24,7,1,1848,2329,0,112,112,79,49,37,24,15,10,6,4,149,140,112,82,54,31,17,10,8,4,2
24,7,2,1848,2236,0,112,112,79,49,37,24,15,10,6,4,140,160,112,71,48,32,18,13,6,3,2
24,7,0,1961,2431,0,112,118,78,51,36,24,15,11,7,3,165,149,122,76,45,34,22,14,7,2,1
24,7,1,1961,2470,0,112,118,78,51,36,24,15,11,7,3,149,144,112,77,54,35,22,13,8,6,1
24,7,2,1961,2462,0,112,118,78,51,36,24,15,11,7,3,144,165,112,75,51,30,19,12,9,5,4
24,7,0,1925,2364,0,118,120,82,54,31,21,17,9,6,4,152,159,117,72,52,31,19,14,7,5,2
24,7,1,1925,2386,0,118,120,82,54,31,21,17,9,6,4,159,154,112,70,47,29,21,14,10,5,2
24,7,2,1925,2382,0,118,120,82,54,31,21,17,9,6,4,154,152,118,85,46,31,20,11,5,3,3
24,7,0,1922,2388,0,120,112,81,52,37,23,13,9,6,5,155,150,107,75,52,33,19,11,8,5,3
24,7,1,1922,2510,0,120,112,81,52,37,23,13,9,6,5,150,157,118,80,48,32,21,15,7,4,2
24,7,2,1922,2439,0,120,112,81,52,37,23,13,9,6,5,157,155,117,75,49,32,20,11,9,6,4
24,7,0,1883,2392,0,115,117,78,53,36,23,16,9,4,3,149,151,112,73,49,31,22,12,6,3,2
24,7,1,1883,2284,0,115,117,78,53,36,23,16,9,4,3,151,157,114,77,47,28,17,12,7,4,2
24,7,2,1883,2323,0,115,117,78,53,36,23,16,9,4,3,157,149,116,75,51,35,19,11,6,3,2
24,7,0,1951,2381,0,117,111,82,58,36,24,14,9,6,4,157,152,118,79,51,30,19,13,7,4,3
24,7,1,1951,2475,0,117,111,82,58,36,24,14,9,6,4,152,155,115,81,50,31,21,14,9,4,1
24,7,2,1951,2408,0,117,111,82,58,36,24,14,9,6,4,155,157,114,76,53,35,20,9,6,5,3
24,7,0,1932,2402,0,117,117,84,55,33,22,12,9,7,4,164,151,115,78,47,31,19,12,7,4,4
24,7,1,1932,2482,0,117,117,84,55,33,22,12,9,7,4,151,149,116,81,54,30,20,13,8,4,1
24,7,2,1932,2460,0,117,117,84,55,33,22,12,9,7,4,149,164,116,71,45,30,19,11,9,7,3
24,7,0,1857,2271,0,117,113,80,56,36,23,13,9,5,2,154,151,119,75,48,31,18,9,6,4,2
24,7,1,1857,2291,0,117,113,80,56,36,23,13,9,5,2,151,152,107,72,50,32,18,11,7,4,2
24,7,2,1857,2241,0,117,113,80,56,36,23,13,9,5,2,152,154,114,80,49,28,19,12,6,2,1
24,7,0,1974,2416,0,119,112,83,56,39,28,15,7,5,4,154,157,115,80,55,34,19,11,6,3,3
24,7,1,1974,2432,0,119,112,83,56,39,28,15,7,5,4,157,160,115,81,51,34,22,11,6,4,2
24,7,2,1974,2407,0,119,112,83,56,39,28,15,7,5,4,160,154,122,79,51,33,21,12,7,5,2
24,7,0,1986,2479,0,112,115,77,53,39,25,17,9,5,4,153,154,112,75,51,37,23,12,7,4,3
24,7,1,1986,2494,0,112,115,77,53,39,25,17,9,5,4,154,153,118,82,53,33,21,13,7,5,3
24,7,2,1986,2472,0,112,115,77,53,39,25,17,9,5,4,153,153,118,76,52,33,20,14,8,4,2
24,7,0,1937,2421,0,115,119,82,54,32,20,15,12,7,3,150,152,114,77,51,30,20,13,7,3,2
24,7,1,1937,2403,0,115,119,82,54,32,20,15,12,7,3,152,160,116,75,47,29,19,14,9,5,1
24,7,2,1937,2480,0,115,119,82,54,32,20,15,12,7,3,160,150,117,76,48,33,21,13,9,5,3
24,7,0,1768,2094,0,117,120,76,51,33,25,16,9,4,2,154,148,114,72,48,28,15,10,6,3,1
24,7,1,1768,2165,0,117,120,76,51,33,25,16,9,4,2,148,152,109,71,44,33,22,12,4,2,1
24,7,2,1768,2182,0,117,120,76,51,33,25,16,9,4,2,152,154,114,74,49,29,20,10,6,2,1
24,7,0,1750,2097,0,120,116,85,58,36,18,14,7,4,1,157,150,114,75,45,30,16,10,4,1,1
24,7,1,1750,2007,0,120,116,85,58,36,18,14,7,4,1,150,154,110,78,51,26,14,8,4,3,1
24,7,2,1750,2115,0,120,116,85,58,36,18,14,7,4,1,154,157,117,72,44,26,16,10,6,3,1
24,7,0,1690,2026,0,116,117,82,49,33,22,10,6,3,2,146,153,107,71,40,24,14,8,7,3,2
24,7,1,1690,2097,0,116,117,82,49,33,22,10,6,3,2,153,144,111,70,44,30,16,6,4,2,1
24,7,2,1690,2031,0,116,117,82,49,33,22,10,6,3,2,144,146,109,69,44,25,16,10,3,3,2
24,7,0,1730,2072,0,117,116,78,53,36,22,14,8,3,2,148,156,115,71,44,29,15,10,6,2,1
24,7,1,1730,2043,0,117,116,78,53,36,22,14,8,3,2,156,146,108,70,47,31,19,8,3,1,1
24,7,2,1730,2075,0,117,116,78,53,36,22,14,8,3,2,146,148,110,76,48,26,16,10,5,3,1
24,7,0,1718,2001,0,116,121,87,57,35,19,10,6,4,3,157,150,117,77,43,27,14,6,4,2,1
24,7,1,1718,2049,0,116,121,87,57,35,19,10,6,4,3,150,152,111,73,49,28,15,8,3,3,2
24,7,2,1718,2020,0,116,121,87,57,35,19,10,6,4,3,152,157,115,72,43,23,14,10,7,3,1
24,7,0,1721,2081,0,121,117,80,54,34,22,12,7,4,1,153,149,111,71,48,31,17,8,4,2,1
24,7,1,1721,2044,0,121,117,80,54,34,22,12,7,4,1,149,152,104,70,47,26,17,8,4,3,1
24,7,2,1721,1991,0,121,117,80,54,34,22,12,7,4,1,152,153,118,75,41,25,14,10,6,2,1
24,7,0,1653,1951,0,123,111,80,51,30,21,11,7,3,2,144,143,113,78,44,21,13,7,5,2,1
24,7,1,1653,1963,0,123,111,80,51,30,21,11,7,3,2,143,154,104,61,42,29,14,8,4,3,2
24,7,2,1653,1960,0,123,111,80,51,30,21,11,7,3,2,154,144,101,68,41,26,19,10,5,2,1
24,7,0,1733,2082,0,111,111,77,55,37,20,13,8,6,2,148,153,108,67,42,31,19,11,7,2,0
24,7,1,1733,2037,0,111,111,77,55,37,20,13,8,6,2,153,139,108,77,50,28,17,7,4,3,1
24,7,2,1733,2074,0,111,111,77,55,37,20,13,8,6,2,139,148,113,74,49,27,13,11,5,3,1
24,7,0,1670,2022,0,111,123,80,48,30,20,13,6,4,3,155,141,119,76,43,24,14,10,5,2,1
24,7,1,1670,2074,0,111,123,80,48,30,20,13,6,4,3,141,144,107,64,44,28,17,10,6,3,1
24,7,2,1670,2003,0,111,123,80,48,30,20,13,6,4,3,144,155,103,66,39,26,17,8,4,4,3
24,7,0,1872,2298,0,116,122,83,52,38,24,13,7,5,3,158,158,119,79,50,30,15,8,6,4,3
24,7,1,1872,2295,0,116,122,83,52,38,24,13,7,5,3,158,150,121,74,47,31,20,13,5,2,2
24,7,2,1872,2247,0,116,122,83,52,38,24,13,7,5,3,150,158,110,75,48,32,20,10,7,5,1
24,7,0,1870,2339,0,122,119,81,57,35,22,15,9,4,2,157,160,121,78,47,31,20,11,5,3,2
24,7,1,1870,2269,0,122,119,81,57,35,22,15,9,4,2,160,152,116,75,50,30,17,9,7,4,2
24,7,2,1870,2285,0,122,119,81,57,35,22,15,9,4,2,152,157,110,75,50,29,18,13,6,2,1
24,7,0,1907,2300,0,119,116,87,59,36,23,14,8,5,4,155,165,120,80,50,26,17,10,7,4,2
24,7,1,1907,2280,0,119,116,87,59,36,23,14,8,5,4,165,153,119,78,50,34,16,11,6,3,2
24,7,2,1907,2358,0,119,116,87,59,36,23,14,8,5,4,153,155,115,80,51,32,23,12,6,4,2
24,7,0,1879,2285,0,120,119,81,55,33,20,15,9,7,3,157,151,116,73,48,31,18,13,7,5,1
24,7,1,1879,2323,0,120,119,81,55,33,20,15,9,7,3,151,156,109,73,48,32,21,12,7,4,2
24,7,2,1879,2282,0,120,119,81,55,33,20,15,9,7,3,156,157,119,79,48,26,17,11,7,3,2
24,7,0,1955,2381,0,119,118,83,55,36,25,13,8,5,4,160,152,114,75,51,35,20,11,8,5,2
24,7,1,1955,2522,0,119,118,83,55,36,25,13,8,5,4,152,159,115,81,51,30,20,11,6,5,4
24,7,2,1955,2484,0,119,118,83,55,36,25,13,8,5,4,159,160,123,78,49,31,20,13,8,4,3
24,7,0,1934,2389,0,118,120,81,51,35,23,15,11,6,4,154,153,112,76,50,34,20,12,9,4,1
24,7,1,1934,2480,0,118,120,81,51,35,23,15,11,6,4,153,160,117,78,48,33,22,13,6,4,4
24,7,2,1934,2391,0,118,120,81,51,35,23,15,11,6,4,160,154,120,75,50,30,20,14,9,5,2
24,7,0,1778,2187,0,116,118,80,56,34,21,14,8,5,3,152,151,117,77,49,27,16,12,6,2,2
24,7,1,1778,2095,0,116,118,80,56,34,21,14,8,5,3,151,153,112,70,47,30,18,10,6,3,0
24,7,2,1778,2192,0,116,118,80,56,34,21,14,8,5,3,153,152,111,75,46,29,18,9,5,4,2
24,7,0,1863,2282,0,118,121,85,55,36,24,15,10,6,2,163,153,122,77,48,33,18,11,7,3,1
24,7,1,1863,2216,0,118,121,85,55,36,24,15,10,6,2,153,156,111,77,53,32,21,11,5,2,0
24,7,2,1863,2207,0,118,121,85,55,36,24,15,10,6,2,156,163,121,79,47,28,18,11,6,3,1
24,7,0,1821,2262,0,121,116,79,50,37,24,15,9,5,3,161,151,117,73,48,34,20,11,6,3,1
24,7,1,1821,2215,0,121,116,79,50,37,24,15,9,5,3,151,148,108,75,52,30,20,10,5,4,2
24,7,2,1821,2156,0,121,116,79,50,37,24,15,9,5,3,148,161,114,75,44,30,17,12,7,2,1
24,7,0,1869,2334,0,119,118,85,49,33,23,15,8,4,3,152,156,115,71,44,30,20,11,5,3,2
24,7,1,1869,2374,0,119,118,85,49,33,23,15,8,4,3,156,153,110,76,46,32,18,11,7,5,3
24,7,2,1869,2285,0,119,118,85,49,33,23,15,8,4,3,153,152,117,77,49,28,19,12,7,3,2
24,7,0,1837,2263,0,118,113,75,52,35,22,14,9,5,3,145,150,104,73,50,30,19,11,7,4,2
24,7,1,1837,2297,0,118,113,75,52,35,22,14,9,5,3,150,154,112,73,47,29,18,12,6,4,2
24,7,2,1837,2265,0,118,113,75,52,35,22,14,9,5,3,154,145,115,72,46,32,19,11,7,3,2
24,7,0,1979,2430,0,120,117,85,54,37,24,15,11,7,3,158,153,122,83,52,29,20,13,7,4,1
24,7,1,1979,2462,0,120,117,85,54,37,24,15,11,7,3,153,164,116,77,50,33,20,14,9,5,2
24,7,2,1979,2448,0,120,117,85,54,37,24,15,11,7,3,164,158,117,78,51,37,22,11,7,3,2
24,7,0,1976,2413,0,117,124,85,58,37,26,17,9,5,3,161,164,121,78,49,33,22,14,7,3,2
24,7,1,1976,2395,0,117,124,85,58,37,26,17,9,5,3,164,158,120,83,53,32,21,12,7,3,1
24,7,2,1976,2438,0,117,124,85,58,37,26,17,9,5,3,158,161,125,81,55,34,19,10,5,4,2
24,7,0,1920,2317,0,124,120,88,60,39,24,16,10,5,2,167,164,125,88,52,29,16,11,7,4,0
24,7,1,1920,2418,0,124,120,88,60,39,24,16,10,5,2,164,158,124,79,55,35,20,12,7,2,1
24,7,2,1920,2306,0,124,120,88,60,39,24,16,10,5,2,158,167,116,78,50,33,22,11,4,2,2
24,7,0,1958,2451,0,120,119,80,54,39,25,13,9,6,3,155,154,118,79,50,32,19,11,7,4,2
24,7,1,1958,2419,0,120,119,80,54,39,25,13,9,6,3,154,162,115,78,50,34,19,12,7,3,2
24,7,2,1958,2398,0,120,119,80,54,39,25,13,9,6,3,162,155,118,75,52,32,21,11,7,5,2
24,7,0,1873,2246,0,119,119,82,54,35,24,16,11,5,2,154,161,114,77,45,28,22,12,7,3,1
24,7,1,1873,2259,0,119,119,82,54,35,24,16,11,5,2,161,153,118,80,52,32,16,10,7,3,1
24,7,2,1873,2298,0,119,119,82,54,35,24,16,11,5,2,153,154,117,73,51,34,21,13,5,2,1
24,7,0,1855,2330,0,119,120,87,59,36,22,16,8,4,3,160,160,123,82,47,28,17,12,6,4,2
24,7,1,1855,2390,0,119,120,87,59,36,22,16,8,4,3,160,156,119,76,51,34,20,12,6,2,2
24,7,2,1855,2201,0,119,120,87,59,36,22,16,8,4,3,156,160,115,79,52,29,18,9,5,3,1
24,7,0,1840,2323,0,118,123,81,52,35,23,14,10,6,3,159,156,117,74,45,33,22,13,7,3,1
24,7,1,1840,2253,0,118,123,81,52,35,23,14,10,6,3,156,151,117,75,50,31,19,9,6,4,2
24,7,2,1840,2215,0,118,123,81,52,35,23,14,10,6,3,151,159,114,76,49,28,16,12,7,3,1
24,7,0,1911,2338,0,123,121,83,57,36,23,15,9,5,3,154,163,115,79,53,29,20,13,6,3,2
24,7,1,1911,2336,0,123,121,83,57,36,23,15,9,5,3,163,160,122,76,47,29,18,11,8,3,1
24,7,2,1911,2281,0,123,121,83,57,36,23,15,9,5,3,160,154,117,78,50,35,19,10,5,4,2
24,7,0,1956,2400,0,121,118,86,58,37,25,15,7,4,3,160,157,119,78,54,32,18,10,5,3,3
24,7,1,1956,2388,0,121,118,86,58,37,25,15,7,4,3,157,161,120,79,47,32,22,14,6,4,2
24,7,2,1956,2391,0,121,118,86,58,37,25,15,7,4,3,161,160,118,82,52,31,18,9,7,4,2
24,7,0,1958,2425,0,123,122,85,56,37,23,15,9,4,3,163,154,112,79,56,36,22,10,7,3,2
24,7,1,1958,2424,0,123,122,85,56,37,23,15,9,4,3,154,164,121,80,51,29,18,10,5,4,2
24,7,2,1958,2460,0,123,122,85,56,37,23,15,9,4,3,164,163,125,77,44,30,18,15,8,4,3
24,7,0,1906,2384,0,122,112,84,58,39,23,13,11,7,3,160,152,115,80,55,37,22,11,6,3,1
24,7,1,1906,2360,0,122,112,84,58,39,23,13,11,7,3,152,161,117,81,52,29,19,13,8,4,2
24,7,2,1906,2286,0,122,112,84,58,39,23,13,11,7,3,161,160,119,78,48,31,17,11,8,4,1
24,7,0,1948,2370,0,112,123,81,55,37,25,18,9,6,2,155,162,117,74,53,34,23,11,5,4,2
24,7,1,1948,2359,0,112,123,81,55,37,25,18,9,6,2,162,153,125,83,47,28,19,14,8,3,1
24,7,2,1948,2406,0,112,123,81,55,37,25,18,9,6,2,153,155,116,78,54,37,20,12,6,3,1
24,7,0,2002,2502,0,118,123,85,61,43,25,16,9,5,2,163,159,120,82,61,39,18,11,7,4,2
24,7,1,2002,2512,0,118,123,85,61,43,25,16,9,5,2,159,168,121,77,54,34,23,13,7,3,1
24,7,2,2002,2396,0,118,123,85,61,43,25,16,9,5,2,168,163,131,90,49,30,19,11,5,3,2
24,7,0,1985,2406,0,123,126,91,59,37,23,15,11,6,3,167,160,113,77,56,36,23,12,5,3,1
24,7,1,1985,2415,0,123,126,91,59,37,23,15,11,6,3,160,168,130,90,51,26,18,13,8,4,1
24,7,2,1985,2383,0,123,126,91,59,37,23,15,11,6,3,168,167,129,79,48,34,18,11,8,3,2
24,7,0,2057,2547,0,126,118,84,58,38,29,16,9,7,5,160,158,121,81,59,33,23,13,7,6,2
24,7,1,2057,2546,0,126,118,84,58,38,29,16,9,7,5,158,173,124,82,48,33,21,13,9,5,3
24,7,2,2057,2505,0,126,118,84,58,38,29,16,9,7,5,173,160,120,84,56,39,23,12,6,2,1
24,7,0,1624,1936,0,120,111,80,50,31,19,10,6,3,1,139,150,98,66,41,24,15,9,5,2,1
24,7,1,1624,1927,0,120,111,80,50,31,19,10,6,3,1,150,145,109,71,41,22,14,7,4,2,2
24,7,2,1624,2008,0,120,111,80,50,31,19,10,6,3,1,145,139,107,66,41,27,13,7,4,3,1
24,7,0,1651,1971,0,111,111,75,53,35,20,10,7,4,3,148,140,112,75,45,25,13,8,5,3,1
24,7,1,1651,2007,0,111,111,75,53,35,20,10,7,4,3,140,142,108,65,44,30,17,8,5,2,1
24,7,2,1651,1969,0,111,111,75,53,35,20,10,7,4,3,142,148,99,68,44,25,15,9,5,3,2
24,7,0,1710,2101,0,111,120,80,52,31,18,14,7,5,2,143,155,109,70,41,29,17,9,4,3,2
24,7,1,1710,2034,0,111,120,80,52,31,18,14,7,5,2,155,144,111,70,47,26,15,9,5,3,1
24,7,2,1710,2079,0,111,120,80,52,31,18,14,7,5,2,144,143,111,71,43,24,16,12,7,3,1
24,7,0,1691,2010,0,111,117,79,53,32,19,12,7,3,2,148,149,110,69,41,26,15,8,5,3,2
24,7,1,1691,2046,0,111,117,79,53,32,19,12,7,3,2,149,141,109,70,44,28,16,9,4,3,2
24,7,2,1691,2064,0,111,117,79,53,32,19,12,7,3,2,141,148,108,71,46,24,15,10,6,2,1
24,7,0,1647,1954,0,117,108,78,47,32,20,13,9,5,1,143,141,105,69,45,29,17,10,5,1,0
24,7,1,1647,1983,0,117,108,78,47,32,20,13,9,5,1,141,147,102,65,42,24,16,9,5,4,1
24,7,2,1647,2020,0,117,108,78,47,32,20,13,9,5,1,147,143,107,72,41,28,16,10,6,2,1
24,7,0,1568,1820,0,108,111,72,49,31,21,13,6,4,3,141,136,99,65,44,27,14,9,4,1,0
24,7,1,1568,1941,0,108,111,72,49,31,21,13,6,4,3,136,141,103,68,41,25,18,10,4,3,1
24,7,2,1568,1948,0,108,111,72,49,31,21,13,6,4,3,141,141,108,66,42,26,15,7,5,3,2
24,7,0,1592,1896,0,114,114,78,51,31,17,12,7,4,2,143,145,100,66,43,26,14,8,5,2,1
24,7,1,1592,1821,0,114,114,78,51,31,17,12,7,4,2,145,142,112,72,40,21,14,8,3,2,1
24,7,2,1592,1877,0,114,114,78,51,31,17,12,7,4,2,142,143,104,64,41,26,14,9,5,2,0
24,7,0,1615,1909,0,114,114,80,49,31,20,10,4,3,2,141,141,109,73,40,23,12,6,5,2,2
24,7,1,1615,1906,0,114,114,80,49,31,20,10,4,3,2,141,148,105,65,41,27,14,7,2,2,2
24,7,2,1615,1936,0,114,114,80,49,31,20,10,4,3,2,148,141,102,64,41,23,16,9,5,4,1
24,7,0,1599,1949,0,114,114,72,47,31,21,12,8,3,2,139,150,102,62,37,27,18,10,5,1,1
24,7,1,1599,1927,0,114,114,72,47,31,21,12,8,3,2,150,136,105,71,44,26,16,6,4,3,1
24,7,2,1599,1895,0,114,114,72,47,31,21,12,8,3,2,136,139,104,64,44,25,13,10,5,2,1
24,7,0,1562,1837,0,113,110,75,50,28,18,11,7,4,2,146,137,107,64,42,22,12,6,3,3,2
24,7,1,1562,1866,0,113,110,75,50,28,18,11,7,4,2,137,136,98,65,40,23,14,11,6,2,1
24,7,2,1562,1871,0,113,110,75,50,28,18,11,7,4,2,136,146,101,67,39,26,17,8,5,2,0
24,7,0,1564,1781,0,110,112,73,50,33,22,11,7,4,2,144,137,108,64,39,25,14,7,4,2,1
24,7,1,1564,1929,0,110,112,73,50,33,22,11,7,4,2,137,143,97,68,44,30,15,8,4,3,1
24,7,2,1564,1932,0,110,112,73,50,33,22,11,7,4,2,143,144,109,70,46,24,17,9,5,1,0
24,7,0,1612,1875,0,112,113,76,48,31,17,13,8,4,2,143,144,102,67,40,25,15,11,6,1,0
24,7,1,1612,1986,0,112,113,76,48,31,17,13,8,4,2,144,138,106,66,45,26,14,8,5,4,1
24,7,2,1612,1907,0,112,113,76,48,31,17,13,8,4,2,138,143,105,67,39,25,16,9,4,2,2
24,7,0,1544,1823,0,105,111,74,49,30,19,10,6,4,1,137,137,108,65,37,23,14,8,2,1,1
24,7,1,1544,1909,0,105,111,74,49,30,19,10,6,4,1,137,137,102,66,39,24,15,9,5,4,1
24,7,2,1544,1851,0,105,111,74,49,30,19,10,6,4,1,137,137,96,64,45,25,13,6,6,2,1
24,7,0,1504,1809,0,111,106,75,46,29,18,13,8,3,1,131,142,101,66,38,22,16,8,5,2,1
24,7,1,1504,1753,0,111,106,75,46,29,18,13,8,3,1,142,138,98,63,39,22,12,8,5,2,0
24,7,2,1504,1899,0,111,106,75,46,29,18,13,8,3,1,138,131,101,65,42,29,16,10,3,1,1
24,7,0,1528,1793,0,106,105,71,47,31,19,11,6,4,3,140,134,102,69,38,22,12,9,4,2,1
24,7,1,1528,1821,0,106,105,71,47,31,19,11,6,4,3,134,129,98,62,42,29,16,9,5,2,0
24,7,2,1528,1799,0,106,105,71,47,31,19,11,6,4,3,129,140,97,61,41,23,15,6,4,3,2
24,7,0,1613,1869,0,111,113,75,46,29,19,14,8,4,2,137,147,102,66,39,27,18,9,4,1,1
24,7,1,1613,1937,0,111,113,75,46,29,19,14,8,4,2,147,138,108,68,41,25,16,9,5,3,0
24,7,2,1613,1990,0,111,113,75,46,29,19,14,8,4,2,138,137,101,64,43,25,14,11,6,3,2
24,7,0,1597,1909,0,113,113,78,47,31,19,11,7,4,2,142,139,109,71,42,25,14,7,4,4,1
24,7,1,1597,1875,0,113,113,78,47,31,19,11,7,4,2,139,145,101,62,41,25,15,9,6,2,1
24,7,2,1597,1860,0,113,113,78,47,31,19,11,7,4,2,145,142,103,67,39,25,15,9,4,1,1
24,7,0,1574,1903,0,113,111,75,47,29,20,12,7,5,2,143,142,102,65,40,27,18,8,4,3,1
24,7,1,1574,1884,0,113,111,75,47,29,20,12,7,5,2,142,136,100,67,43,24,14,9,5,2,1
24,7,2,1574,1841,0,113,111,75,47,29,20,12,7,5,2,136,143,106,65,39,24,14,9,5,2,0
24,7,0,1551,1843,0,117,109,78,47,28,18,10,5,4,2,143,141,98,61,36,24,16,8,6,3,1
24,7,1,1551,1822,0,117,109,78,47,28,18,10,5,4,2,141,136,98,69,41,22,13,6,4,2,1
24,7,2,1551,1835,0,117,109,78,47,28,18,10,5,4,2,136,143,107,64,39,23,12,9,3,3,2
24,7,0,1422,1736,0,109,107,68,47,34,19,9,5,2,1,138,130,100,60,40,23,11,8,2,2,1
24,7,1,1422,1767,0,109,107,68,47,34,19,9,5,2,1,130,134,96,64,38,24,15,7,5,1,1
24,7,2,1422,1600,0,109,107,68,47,34,19,9,5,2,1,134,138,97,62,40,24,11,3,2,1,0
24,7,0,1468,1697,0,107,117,77,48,27,16,12,7,2,1,130,144,97,61,41,22,12,7,3,1,1
24,7,1,1468,1670,0,107,117,77,48,27,16,12,7,2,1,144,140,106,61,34,20,13,8,3,1,0
24,7,2,1468,1720,0,107,117,77,48,27,16,12,7,2,1,140,130,104,68,38,23,13,7,4,1,0
24,7,0,1424,1607,0,103,117,74,48,33,17,7,4,2,1,131,142,99,59,35,20,11,6,4,2,0
24,7,1,1424,1658,0,103,117,74,48,33,17,7,4,2,1,142,134,100,65,38,24,11,3,2,1,1
24,7,2,1424,1631,0,103,117,74,48,33,17,7,4,2,1,134,131,105,63,40,21,10,6,2,1,1
24,7,0,1421,1652,0,117,111,78,45,23,15,11,8,3,0,136,138,96,59,36,22,15,8,3,0,0
24,7,1,1421,1595,0,117,111,78,45,23,15,11,8,3,0,138,137,102,61,33,17,13,8,3,1,0
24,7,2,1421,1645,0,117,111,78,45,23,15,11,8,3,0,137,136,96,63,36,21,9,6,5,2,0
24,7,0,1441,1724,0,111,103,73,53,32,19,9,3,3,2,130,133,95,68,46,24,11,3,3,2,1
24,7,1,1441,1645,0,111,103,73,53,32,19,9,3,3,2,133,145,100,60,37,19,12,7,2,1,1
24,7,2,1441,1735,0,111,103,73,53,32,19,9,3,3,2,145,130,102,66,38,25,13,7,3,2,0
24,7,0,1469,1689,0,112,111,75,43,25,19,13,6,3,1,136,128,96,65,44,23,12,5,3,2,0
24,7,1,1469,1707,0,112,111,75,43,25,19,13,6,3,1,128,144,97,57,36,21,14,11,4,1,0
24,7,2,1469,1703,0,112,111,75,43,25,19,13,6,3,1,144,136,103,63,30,23,16,7,3,1,1
24,7,0,1431,1663,0,111,106,74,52,32,18,10,3,1,1,141,130,95,57,41,26,14,6,1,1,1
24,7,1,1431,1588,0,111,106,74,52,32,18,10,3,1,1,130,138,97,69,38,19,11,5,3,1,0
24,7,2,1431,1659,0,111,106,74,52,32,18,10,3,1,1,138,141,106,66,39,21,9,5,2,1,1
24,7,0,1437,1678,0,106,112,75,45,30,16,8,7,3,1,135,132,98,63,39,19,12,6,4,3,0
24,7,1,1437,1650,0,106,112,75,45,30,16,8,7,3,1,132,136,103,65,35,20,8,6,5,1,1
24,7,2,1437,1651,0,106,112,75,45,30,16,8,7,3,1,136,135,96,57,36,26,15,7,2,0,0
24,7,0,1782,2201,0,105,122,78,51,32,21,11,8,5,3,146,151,112,67,41,26,18,13,6,4,3
24,7,1,1782,2284,0,105,122,78,51,32,21,11,8,5,3,151,143,109,74,46,29,17,10,9,4,1
24,7,2,1782,2241,0,105,122,78,51,32,21,11,8,5,3,143,146,114,72,48,29,17,8,5,4,3
24,7,0,1720,2137,0,122,111,78,45,30,22,15,8,4,2,152,142,112,70,44,28,16,9,6,4,2
24,7,1,1720,2106,0,122,111,78,45,30,22,15,8,4,2,142,146,102,64,43,28,21,13,4,2,2
24,7,2,1720,2147,0,122,111,78,45,30,22,15,8,4,2,146,152,104,73,42,28,17,10,7,3,1
24,7,0,1698,2080,0,112,110,72,44,30,19,13,9,5,3,143,141,99,68,42,29,19,10,6,3,2
24,7,1,1698,2094,0,112,110,72,44,30,19,13,9,5,3,141,136,107,70,45,26,16,10,7,4,2
24,7,2,1698,2130,0,112,110,72,44,30,19,13,9,5,3,136,143,102,60,39,27,17,13,7,4,2
24,7,0,1643,2053,0,110,119,74,49,29,18,12,6,4,2,142,139,110,65,42,26,15,8,4,3,2
24,7,1,1643,1965,0,110,119,74,49,29,18,12,6,4,2,139,145,100,64,41,25,16,10,5,3,1
24,7,2,1643,1967,0,110,119,74,49,29,18,12,6,4,2,145,142,106,68,40,23,14,9,6,3,2
24,7,0,1685,2014,0,119,112,84,51,30,19,10,7,4,3,147,152,105,66,41,26,18,8,3,3,2
24,7,1,1685,2087,0,119,112,84,51,30,19,10,7,4,3,152,143,110,74,42,23,13,11,7,5,2
24,7,2,1685,2079,0,119,112,84,51,30,19,10,7,4,3,143,147,108,71,44,27,15,8,7,2,2
24,7,0,1732,2131,0,115,121,83,52,35,21,13,8,4,1,154,150,112,71,45,29,15,10,7,2,1
24,7,1,1732,2044,0,115,121,83,52,35,21,13,8,4,1,150,151,111,72,44,29,18,9,4,2,1
24,7,2,1732,2082,0,115,121,83,52,35,21,13,8,4,1,151,154,117,76,47,26,16,9,4,3,1
24,7,0,1778,2158,0,121,119,84,53,31,20,12,7,4,3,153,150,108,76,44,27,16,11,6,3,2
24,7,1,1778,2196,0,121,119,84,53,31,20,12,7,4,3,150,154,114,74,48,26,15,9,6,3,1
24,7,2,1778,2175,0,121,119,84,53,31,20,12,7,4,3,154,153,114,67,41,27,18,9,5,4,3
24,7,0,1747,2157,0,119,115,79,57,36,23,14,8,4,2,151,156,111,73,48,30,15,11,6,3,1
24,7,1,1747,2189,0,119,115,79,57,36,23,14,8,4,2,156,151,115,74,49,32,21,9,5,2,1
24,7,2,1747,2026,0,119,115,79,57,36,23,14,8,4,2,151,151,113,77,48,26,16,9,4,2,1
24,7,0,1788,2202,0,123,114,81,52,34,22,14,7,5,3,152,155,111,74,46,29,17,10,7,4,1
24,7,1,1788,2189,0,123,114,81,52,34,22,14,7,5,3,155,150,111,73,48,32,18,8,4,3,3
24,7,2,1788,2130,0,123,114,81,52,34,22,14,7,5,3,150,152,112,73,45,26,18,13,6,3,1
24,7,0,1780,2157,0,114,116,77,54,35,20,13,9,5,2,144,152,105,72,45,30,21,10,6,2,1
24,7,1,1780,2177,0,114,116,77,54,35,20,13,9,5,2,152,151,114,74,49,28,16,9,4,3,2
24,7,2,1780,2126,0,114,116,77,54,35,20,13,9,5,2,151,144,114,71,46,28,14,12,8,4,1
24,7,0,1772,2160,0,116,123,85,51,31,21,13,9,5,3,151,148,111,73,49,27,18,10,5,2,2
24,7,1,1772,2114,0,116,123,85,51,31,21,13,9,5,3,148,159,114,73,41,26,17,11,7,3,1
24,7,2,1772,2158,0,116,123,85,51,31,21,13,9,5,3,159,151,117,73,44,30,17,10,6,4,1
24,7,0,1765,2088,0,113,119,79,55,38,20,13,8,6,2,153,149,116,78,47,29,17,10,5,2,0
24,7,1,1765,2111,0,113,119,79,55,38,20,13,8,6,2,149,151,111,69,49,30,15,9,6,4,1
24,7,2,1765,2097,0,113,119,79,55,38,20,13,8,6,2,151,153,113,74,46,28,17,10,5,2,1
24,7,0,1746,2132,0,119,120,84,52,33,22,12,6,4,3,157,154,113,72,47,29,15,8,5,3,2
24,7,1,1746,2141,0,119,120,84,52,33,22,12,6,4,3,154,146,112,72,45,27,19,11,4,2,1
24,7,2,1746,2072,0,119,120,84,52,33,22,12,6,4,3,146,157,113,74,42,26,15,8,6,4,2
24,7,0,1819,2237,0,120,113,80,56,37,23,13,9,4,3,156,151,115,75,51,33,19,10,4,3,2
24,7,1,1819,2239,0,120,113,80,56,37,23,13,9,4,3,151,153,112,75,50,29,17,11,8,4,2
24,7,2,1819,2178,0,120,113,80,56,37,23,13,9,4,3,153,156,113,77,46,29,18,10,6,2,1
24,7,0,1738,2083,0,116,116,76,51,32,20,15,8,4,4,146,148,105,71,46,31,19,9,5,2,1
24,7,1,1738,2077,0,116,116,76,51,32,20,15,8,4,4,148,149,111,69,47,25,16,11,6,4,1
24,7,2,1738,2167,0,116,116,76,51,32,20,15,8,4,4,149,146,111,71,42,28,17,12,6,3,3
24,7,0,1835,2259,0,116,118,83,56,34,22,11,8,6,3,157,148,115,77,50,29,14,10,6,5,3
24,7,1,1835,2278,0,116,118,83,56,34,22,11,8,6,3,148,155,114,74,48,32,19,12,8,3,1
24,7,2,1835,2227,0,116,118,83,56,34,22,11,8,6,3,155,157,115,75,45,26,20,9,6,4,2
24,7,0,1829,2264,0,118,116,82,50,34,22,15,9,5,1,152,150,111,69,45,31,22,11,5,4,1
24,7,1,1829,2232,0,118,116,82,50,34,22,15,9,5,1,150,153,110,79,46,28,16,10,7,4,2
24,7,2,1829,2266,0,118,116,82,50,34,22,15,9,5,1,153,152,116,73,48,30,17,12,6,1,1
24,7,0,1892,2325,0,121,114,81,56,36,26,14,7,5,3,145,163,109,76,51,30,18,10,6,5,3
24,7,1,1892,2367,0,121,114,81,56,36,26,14,7,5,3,163,158,122,77,45,30,21,14,7,2,1
24,7,2,1892,2289,0,121,114,81,56,36,26,14,7,5,3,158,145,114,78,54,34,19,8,5,4,2
24,7,0,1894,2385,0,123,121,83,53,33,21,14,9,5,3,155,156,118,77,46,27,16,11,10,6,2
24,7,1,1894,2325,0,123,121,83,53,33,21,14,9,5,3,156,158,113,74,48,32,18,11,6,3,3
24,7,2,1894,2400,0,123,121,83,53,33,21,14,9,5,3,158,155,115,74,48,30,22,13,5,3,2
24,7,0,1660,2026,0,113,118,79,52,33,19,11,8,4,2,148,151,112,70,44,24,15,10,8,2,0
24,7,1,1660,1964,0,113,118,79,52,33,19,11,8,4,2,151,141,110,67,42,27,16,7,4,3,1
24,7,2,1660,1955,0,113,118,79,52,33,19,11,8,4,2,141,148,105,72,44,27,14,9,3,2,2
24,7,0,1714,2102,0,118,115,80,54,35,24,12,6,3,2,151,154,113,73,44,30,19,11,4,2,1
24,7,1,1714,2037,0,118,115,80,54,35,24,12,6,3,2,154,146,114,73,46,26,17,8,5,2,1
24,7,2,1714,2040,0,118,115,80,54,35,24,12,6,3,2,146,151,106,72,48,28,13,6,4,3,2
24,7,0,1687,1972,0,115,113,80,53,35,21,13,6,4,2,142,151,109,74,47,26,11,7,5,4,1
24,7,1,1687,2054,0,115,113,80,53,35,21,13,6,4,2,151,150,110,68,44,29,17,10,5,1,1
24,7,2,1687,1971,0,115,113,80,53,35,21,13,6,4,2,150,142,109,73,44,27,19,9,3,2,1
24,7,0,1745,2162,0,111,110,75,52,32,21,14,7,4,3,153,137,112,74,44,28,16,10,6,4,2
24,7,1,1745,2110,0,111,110,75,52,32,21,14,7,4,3,137,142,98,67,52,31,18,9,6,3,2
24,7,2,1745,2133,0,111,110,75,52,32,21,14,7,4,3,142,153,111,70,40,25,18,12,5,3,2
24,7,0,1721,2052,0,110,108,79,54,37,17,10,9,6,3,150,148,106,64,42,31,17,9,7,4,1
24,7,1,1721,2128,0,110,108,79,54,37,17,10,9,6,3,148,136,106,75,48,30,16,9,5,3,2
24,7,2,1721,2072,0,110,108,79,54,37,17,10,9,6,3,136,150,112,77,47,22,13,11,7,3,1
24,7,0,1695,2024,0,108,111,76,45,29,22,13,9,6,3,139,138,102,68,51,28,18,11,5,2,0
24,7,1,1695,2094,0,108,111,76,45,29,22,13,9,6,3,138,146,109,65,38,25,18,11,7,5,2
24,7,2,1695,2050,0,108,111,76,45,29,22,13,9,6,3,146,139,104,71,39,30,18,10,7,3,2
24,7,0,1637,2041,0,111,112,75,54,36,18,12,8,5,2,144,144,107,71,44,30,17,10,5,2,1
24,7,1,1637,1990,0,111,112,75,54,36,18,12,8,5,2,144,145,106,69,50,26,13,8,5,3,1
24,7,2,1637,1907,0,111,112,75,54,36,18,12,8,5,2,145,144,109,70,41,25,15,9,5,2,0
24,7,0,1783,2198,0,112,113,84,51,31,20,12,7,5,4,148,151,108,73,45,25,18,11,7,3,2
24,7,1,1783,2172,0,112,113,84,51,31,20,12,7,5,4,151,143,114,71,42,27,17,11,6,4,2
24,7,2,1783,2158,0,112,113,84,51,31,20,12,7,5,4,143,148,108,73,46,30,16,9,6,5,3
24,7,0,1750,2191,0,113,111,73,49,32,24,14,8,5,3,146,142,109,70,48,32,18,11,5,3,2
24,7,1,1750,2135,0,113,111,73,49,32,24,14,8,5,3,142,146,107,67,43,27,21,13,7,4,1
24,7,2,1750,2114,0,113,111,73,49,32,24,14,8,5,3,146,146,105,73,46,29,17,8,6,3,2
24,7,0,1746,2115,0,119,109,78,53,30,19,12,7,5,4,150,143,99,71,47,28,17,10,7,3,2
24,7,1,1746,2171,0,119,109,78,53,30,19,12,7,5,4,143,146,114,73,45,26,17,9,5,3,2
24,7,2,1746,2171,0,119,109,78,53,30,19,12,7,5,4,146,150,107,67,41,26,16,12,7,6,3
24,7,0,1755,2294,0,109,110,74,52,35,23,13,8,5,2,139,141,105,73,54,33,19,9,5,4,2
24,7,1,1755,2125,0,109,110,74,52,35,23,13,8,5,2,141,154,109,66,44,28,19,11,6,3,2
24,7,2,1755,2113,0,109,110,74,52,35,23,13,8,5,2,154,139,111,76,43,28,16,11,7,3,1
24,7,0,1766,2166,0,110,119,75,46,32,21,15,9,4,2,149,147,104,67,46,31,22,9,4,3,3
24,7,1,1766,2179,0,110,119,75,46,32,21,15,9,4,2,147,140,118,75,44,23,15,11,6,3,1
24,7,2,1766,2210,0,110,119,75,46,32,21,15,9,4,2,140,149,104,65,42,32,17,13,8,3,1
24,7,0,1548,1857,0,109,113,73,48,28,17,12,8,4,2,136,141,100,59,37,23,16,10,6,2,1
24,7,1,1548,1797,0,109,113,73,48,28,17,12,8,4,2,141,137,104,70,39,24,14,7,3,1,1
24,7,2,1548,1847,0,109,113,73,48,28,17,12,8,4,2,137,136,101,63,43,24,13,9,5,3,0
24,7,0,1597,1882,0,113,109,79,47,29,21,13,7,4,2,136,149,105,70,37,23,17,11,4,2,1
24,7,1,1597,1989,0,113,109,79,47,29,21,13,7,4,2,149,140,112,69,39,26,16,8,6,3,1
24,7,2,1597,1871,0,113,109,79,47,29,21,13,7,4,2,140,136,95,64,48,28,15,8,4,2,1
24,7,0,1536,1810,0,109,109,69,48,35,18,10,6,3,2,129,143,103,66,42,24,10,6,4,2,2
24,7,1,1536,1777,0,109,109,69,48,35,18,10,6,3,2,143,138,102,59,37,25,16,10,3,1,1
24,7,2,1536,1826,0,109,109,69,48,35,18,10,6,3,2,138,129,96,67,44,26,14,6,5,3,0
24,7,0,1714,2145,0,117,104,75,50,32,22,12,7,3,3,142,143,107,67,43,26,17,12,7,3,2
24,7,1,1714,2067,0,117,104,75,50,32,22,12,7,3,3,143,144,101,68,42,30,18,8,6,4,2
24,7,2,1714,2219,0,117,104,75,50,32,22,12,7,3,3,144,142,104,73,48,27,16,9,4,3,3
24,7,0,1720,2127,0,104,112,75,52,35,20,12,7,5,4,145,141,109,68,46,28,17,11,6,4,2
24,7,1,1720,2071,0,104,112,75,52,35,20,12,7,5,4,141,142,107,72,45,27,16,10,6,3,1
24,7,2,1720,2198,0,104,112,75,52,35,20,12,7,5,4,142,145,108,72,46,30,17,9,6,4,3
24,7,0,1742,2135,0,112,117,81,50,30,19,12,7,5,2,147,144,111,72,44,27,14,10,6,4,2
24,7,1,1742,2129,0,112,117,81,50,30,19,12,7,5,2,144,148,107,67,43,28,19,10,6,4,2
24,7,2,1742,2118,0,112,117,81,50,30,19,12,7,5,2,148,147,109,71,42,24,16,10,6,3,2
24,7,0,1667,2039,0,109,115,74,48,29,22,13,8,4,2,142,144,112,68,43,25,14,9,6,4,2
24,7,1,1667,1985,0,109,115,74,48,29,22,13,8,4,2,144,140,103,65,42,28,17,10,6,2,1
24,7,2,1667,2069,0,109,115,74,48,29,22,13,8,4,2,140,142,102,69,43,27,20,10,4,2,1
24,7,0,1650,1952,0,115,112,77,46,29,18,14,9,5,3,146,142,109,67,38,26,15,10,7,2,1
24,7,1,1650,2038,0,115,112,77,46,29,18,14,9,5,3,142,141,99,67,44,30,18,10,4,3,1
24,7,2,1650,2069,0,115,112,77,46,29,18,14,9,5,3,141,146,106,68,43,23,17,12,7,4,2
24,7,0,1598,1897,0,112,109,76,49,31,18,11,7,5,2,145,137,106,66,39,26,15,10,5,2,1
24,7,1,1598,1905,0,112,109,76,49,31,18,11,7,5,2,137,139,96,66,45,26,14,7,5,4,1
24,7,2,1598,1931,0,112,109,76,49,31,18,11,7,5,2,139,145,107,68,40,23,15,9,5,2,1
24,7,0,1732,2106,0,103,116,74,45,32,23,12,9,5,2,148,138,106,67,42,29,20,10,6,3,2
24,7,1,1732,2170,0,103,116,74,45,32,23,12,9,5,2,138,138,104,73,48,28,17,10,6,3,1
24,7,2,1732,2186,0,103,116,74,45,32,23,12,9,5,2,138,148,111,65,41,29,17,11,7,4,2
24,7,0,1721,2099,0,116,109,75,47,32,21,15,8,4,2,150,138,112,68,45,30,17,10,5,3,2
24,7,1,1721,2171,0,116,109,75,47,32,21,15,8,4,2,138,144,97,67,45,29,20,12,6,4,2
24,7,2,1721,2087,0,116,109,75,47,32,21,15,8,4,2,144,150,107,72,42,26,16,10,6,2,1
24,7,0,1733,2102,0,116,110,78,51,32,19,13,8,5,4,142,150,106,74,44,24,16,10,5,3,2
24,7,1,1733,2195,0,116,110,78,51,32,19,13,8,5,4,150,146,111,70,45,30,16,13,7,4,2
24,7,2,1733,2134,0,116,110,78,51,32,19,13,8,5,4,146,142,105,68,45,29,19,9,7,4,2
24,7,0,1631,1914,0,110,108,74,51,36,20,10,7,5,2,139,140,104,67,42,25,16,9,4,3,2
24,7,1,1631,1998,0,110,108,74,51,36,20,10,7,5,2,140,145,102,71,46,28,13,9,7,3,0
24,7,2,1631,1967,0,110,108,74,51,36,20,10,7,5,2,145,139,108,68,44,28,16,7,4,2,1
24,7,0,1724,2087,0,108,116,80,50,31,21,14,8,4,2,150,143,113,71,42,25,15,10,6,3,1
24,7,1,1724,2083,0,108,116,80,50,31,21,14,8,4,2,143,143,107,69,46,29,19,11,5,3,1
24,7,2,1724,2057,0,108,116,80,50,31,21,14,8,4,2,143,150,108,72,44,28,17,9,5,2,2
24,7,0,1654,1980,0,105,120,75,50,34,20,12,7,4,2,143,147,108,65,43,29,16,9,4,2,1
24,7,1,1654,1959,0,105,120,75,50,34,20,12,7,4,2,147,140,106,70,42,25,18,9,5,2,1
24,7,2,1654,1956,0,105,120,75,50,34,20,12,7,4,2,140,143,111,70,45,26,12,8,5,3,1
24,7,0,1709,2013,0,120,112,83,52,29,20,13,9,5,2,145,152,104,74,42,23,18,9,5,5,1
24,7,1,1709,2137,0,120,112,83,52,29,20,13,9,5,2,152,150,114,75,45,27,12,10,8,3,2
24,7,2,1709,2133,0,120,112,83,52,29,20,13,9,5,2,150,145,109,66,45,30,21,12,5,1,1
24,7,0,1815,2284,0,112,105,75,52,35,24,15,7,4,3,139,146,105,73,49,29,17,12,6,3,2
24,7,1,1815,2197,0,112,105,75,52,35,24,15,7,4,3,146,150,108,69,46,32,20,11,5,3,2
24,7,2,1815,2189,0,112,105,75,52,35,24,15,7,4,3,150,139,110,76,48,30,19,9,6,4,2
24,7,0,1210,1456,0,86,90,58,36,24,17,10,4,2,1,108,113,84,54,30,19,12,6,4,1,1
24,7,1,1210,1357,0,86,90,58,36,24,17,10,4,2,1,113,108,84,51,32,20,11,5,2,1,0
24,7,2,1210,1470,0,86,90,58,36,24,17,10,4,2,1,108,108,75,48,33,20,12,7,2,2,1
24,7,0,1172,1319,0,90,93,60,37,25,14,8,4,2,1,110,118,86,51,27,16,10,5,2,1,0
24,7,1,1172,1324,0,90,93,60,37,25,14,8,4,2,1,118,106,82,49,31,19,9,5,2,1,0
24,7,2,1172,1384,0,90,93,60,37,25,14,8,4,2,1,106,110,76,51,33,19,10,5,3,1,1
24,7,0,1202,1454,0,93,86,63,37,22,13,8,6,2,1,115,111,88,52,30,16,11,7,4,2,1
24,7,1,1202,1433,0,93,86,63,37,22,13,8,6,2,1,111,107,76,47,29,20,11,5,4,2,1
24,7,2,1202,1491,0,93,86,63,37,22,13,8,6,2,1,107,115,76,55,32,18,10,7,3,1,1
24,7,0,1171,1322,0,91,99,62,39,21,15,8,5,2,0,117,110,86,48,29,17,11,4,2,1,0
24,7,1,1171,1302,0,91,99,62,39,21,15,8,5,2,0,110,115,80,53,31,17,8,4,3,1,0
24,7,2,1171,1356,0,91,99,62,39,21,15,8,5,2,0,115,117,85,51,30,17,11,7,2,0,0
24,7,0,1162,1310,0,99,87,64,40,24,12,8,4,2,2,113,118,81,48,28,16,9,5,2,1,1
24,7,1,1162,1378,0,99,87,64,40,24,12,8,4,2,2,118,111,83,53,28,19,10,6,3,1,0
24,7,2,1162,1441,0,99,87,64,40,24,12,8,4,2,2,111,113,79,55,36,17,9,5,3,2,1
24,7,0,1176,1339,0,87,91,59,38,25,13,6,4,3,1,107,109,81,52,31,17,10,5,2,1,1
24,7,1,1176,1363,0,87,91,59,38,25,13,6,4,3,1,109,112,83,47,28,16,8,6,4,3,0
24,7,2,1176,1385,0,87,91,59,38,25,13,6,4,3,1,112,107,77,51,32,20,10,4,3,1,1
24,7,0,1137,1284,0,89,86,55,41,22,14,9,4,2,1,102,111,75,44,28,16,12,8,2,1,0
24,7,1,1137,1445,0,89,86,55,41,22,14,9,4,2,1,111,111,82,55,28,16,10,5,4,2,1
24,7,2,1137,1385,0,89,86,55,41,22,14,9,4,2,1,111,102,78,50,38,21,9,4,2,1,1
24,7,0,1166,1312,0,86,94,63,39,27,14,6,3,2,1,105,113,82,53,34,16,7,4,2,1,1
24,7,1,1166,1307,0,86,94,63,39,27,14,6,3,2,1,113,117,88,49,24,16,11,6,2,0,0
24,7,2,1166,1335,0,86,94,63,39,27,14,6,3,2,1,117,105,79,53,34,21,8,2,2,2,0
24,7,0,1156,1403,0,94,89,59,34,21,15,10,5,2,1,108,111,78,55,31,19,11,5,2,1,1
24,7,1,1156,1329,0,94,89,59,34,21,15,10,5,2,1,111,111,82,47,31,16,10,6,3,1,0
24,7,2,1156,1329,0,94,89,59,34,21,15,10,5,2,1,111,108,76,45,26,19,12,7,3,1,0
24,7,0,1515,1866,0,100,96,65,44,25,17,13,7,6,3,122,127,93,64,37,23,16,10,6,3,1
24,7,1,1515,1835,0,100,96,65,44,25,17,13,7,6,3,127,128,93,57,39,25,15,10,6,3,1
24,7,2,1515,1850,0,100,96,65,44,25,17,13,7,6,3,128,122,91,60,40,24,16,10,5,4,2
24,7,0,1438,1738,0,96,94,65,46,32,18,9,5,4,2,123,126,89,60,39,23,14,8,3,3,2
24,7,1,1438,1715,0,96,94,65,46,32,18,9,5,4,2,126,123,93,62,39,23,13,7,6,2,0
24,7,2,1438,1706,0,96,94,65,46,32,18,9,5,4,2,123,123,94,60,39,25,12,6,3,2,1
24,7,0,1479,1839,0,94,100,67,37,25,18,13,9,3,2,126,119,94,61,36,23,14,9,5,3,2
24,7,1,1479,1825,0,94,100,67,37,25,18,13,9,3,2,119,125,90,58,38,25,16,11,6,2,1
24,7,2,1479,1779,0,94,100,67,37,25,18,13,9,3,2,125,126,92,57,35,24,17,9,5,2,1
24,7,0,1409,1673,0,93,100,66,43,30,15,10,6,3,2,123,123,87,55,37,26,14,8,3,1,1
24,7,1,1409,1655,0,93,100,66,43,30,15,10,6,3,2,123,123,89,62,38,20,14,6,4,3,1
24,7,2,1409,1653,0,93,100,66,43,30,15,10,6,3,2,123,123,100,59,35,21,9,8,5,2,1
24,7,0,1433,1730,0,100,95,71,42,23,16,10,7,4,2,127,120,89,61,39,22,14,7,4,4,1
24,7,1,1433,1782,0,100,95,71,42,23,16,10,7,4,2,120,125,92,59,35,20,13,9,6,3,2
24,7,2,1433,1729,0,100,95,71,42,23,16,10,7,4,2,125,127,91,57,32,22,14,9,5,1,1
24,7,0,1512,1908,0,95,93,59,44,31,23,13,6,2,1,116,126,84,58,43,28,18,8,3,1,1
24,7,1,1512,1865,0,95,93,59,44,31,23,13,6,2,1,126,128,94,63,40,24,15,9,4,2,1
24,7,2,1512,1881,0,95,93,59,44,31,23,13,6,2,1,128,116,97,61,40,27,15,8,5,3,2
24,7,0,1474,1789,0,99,93,64,43,27,17,11,5,4,3,125,125,93,61,36,22,13,8,5,3,2
24,7,1,1474,1863,0,99,93,64,43,27,17,11,5,4,3,125,119,89,57,39,25,15,10,5,4,2
24,7,2,1474,1842,0,99,93,64,43,27,17,11,5,4,3,119,125,88,59,38,23,15,8,5,3,2
24,7,0,1472,1871,0,94,99,67,39,25,18,11,7,3,2,126,119,89,58,36,24,15,8,5,3,1
24,7,1,1472,1835,0,94,99,67,39,25,18,11,7,3,2,119,123,90,59,38,24,14,8,5,3,2
24,7,2,1472,1771,0,94,99,67,39,25,18,11,7,3,2,123,126,95,58,34,21,15,10,5,2,2
24,7,0,1468,1784,0,99,96,65,45,26,18,10,8,5,2,125,123,91,66,41,22,11,7,6,4,1
24,7,1,1468,1800,0,99,96,65,45,26,18,10,8,5,2,123,127,96,57,39,24,16,10,5,1,1
24,7,2,1468,1785,0,99,96,65,45,26,18,10,8,5,2,127,125,89,57,35,24,17,9,5,3,1
24,7,0,1468,1878,0,96,99,64,43,29,17,12,6,4,2,126,128,94,60,35,25,17,9,5,3,1
24,7,1,1468,1753,0,96,99,64,43,29,17,12,6,4,2,128,120,94,60,42,26,12,6,4,3,2
24,7,2,1468,1764,0,96,99,64,43,29,17,12,6,4,2,120,126,90,59,38,21,14,11,5,2,1
24,7,0,1489,1810,0,99,99,69,43,26,17,10,6,2,2,126,130,96,61,35,18,14,9,6,3,2
24,7,1,1489,1844,0,99,99,69,43,26,17,10,6,2,2,130,121,95,60,37,25,12,6,4,2,2
24,7,2,1489,1834,0,99,99,69,43,26,17,10,6,2,2,121,126,87,58,38,24,15,9,4,3,2
24,7,0,1388,1716,0,94,98,66,41,23,13,11,7,5,3,121,124,91,57,32,24,13,9,6,3,1
24,7,1,1388,1754,0,94,98,66,41,23,13,11,7,5,3,124,117,88,54,39,22,15,8,4,3,2
24,7,2,1388,1667,0,94,98,66,41,23,13,11,7,5,3,117,121,89,59,33,17,12,10,6,3,1
24,7,0,1428,1685,0,98,91,66,42,27,19,8,6,5,3,124,123,89,60,40,22,14,7,5,2,0
24,7,1,1428,1736,0,98,91,66,42,27,19,8,6,5,3,123,119,91,56,36,24,13,7,4,4,2
24,7,2,1428,1775,0,98,91,66,42,27,19,8,6,5,3,119,124,88,61,35,23,15,9,6,3,2
24,7,0,1438,1827,0,91,94,60,39,29,18,14,8,3,1,120,117,88,59,40,29,16,9,5,2,1
24,7,1,1438,1792,0,91,94,60,39,29,18,14,8,3,1,117,122,89,55,39,24,16,10,4,1,1
24,7,2,1438,1716,0,91,94,60,39,29,18,14,8,3,1,122,120,91,60,35,22,14,9,5,3,1
24,7,0,1379,1607,0,99,95,68,46,29,18,10,4,2,2,128,121,90,60,39,21,10,6,3,1,1
24,7,1,1379,1659,0,99,95,68,46,29,18,10,4,2,2,121,125,93,60,36,22,13,8,3,2,1
24,7,2,1379,1649,0,99,95,68,46,29,18,10,4,2,2,125,128,92,60,37,23,14,5,3,2,1
24,7,0,1369,1671,0,95,102,68,43,27,14,10,8,4,1,122,122,90,58,36,24,13,9,5,2,0
24,7,1,1369,1620,0,95,102,68,43,27,14,10,8,4,1,122,128,92,58,36,20,13,7,5,2,0
24,7,2,1369,1584,0,95,102,68,43,27,14,10,8,4,1,128,122,95,59,35,20,11,7,3,1,1
24,7,0,1332,1525,0,102,99,66,41,26,18,10,5,3,1,125,124,88,55,36,19,10,8,3,2,0
24,7,1,1332,1575,0,102,99,66,41,26,18,10,5,3,1,124,122,93,60,33,22,13,6,4,1,0
24,7,2,1332,1530,0,102,99,66,41,26,18,10,5,3,1,122,125,88,55,35,22,14,5,2,1,1
24,7,0,1315,1506,0,96,102,69,43,29,15,7,5,2,1,124,119,91,57,35,20,10,5,3,2,0
24,7,1,1315,1573,0,96,102,69,43,29,15,7,5,2,1,119,127,93,59,35,20,10,6,3,1,1
24,7,2,1315,1518,0,96,102,69,43,29,15,7,5,2,1,127,124,90,56,33,20,11,5,3,1,1
24,7,0,1282,1551,0,102,98,70,42,20,15,12,7,3,0,121,121,90,52,34,19,14,8,4,1,0
24,7,1,1282,1457,0,102,98,70,42,20,15,12,7,3,0,121,127,86,57,30,17,12,6,3,1,0
24,7,2,1282,1571,0,102,98,70,42,20,15,12,7,3,0,127,121,91,60,35,21,11,8,3,1,0
24,7,0,1324,1556,0,98,96,63,47,33,19,8,2,2,2,126,125,92,62,37,21,11,5,2,2,1
24,7,1,1324,1548,0,98,96,63,47,33,19,8,2,2,2,125,119,95,59,37,22,11,4,2,1,1
24,7,2,1324,1509,0,98,96,63,47,33,19,8,2,2,2,119,126,85,55,39,23,11,5,2,1,0
24,7,0,1359,1574,0,100,97,63,38,24,19,13,7,3,1,125,121,93,52,35,20,13,9,3,2,0
24,7,1,1359,1634,0,100,97,63,38,24,19,13,7,3,1,121,119,87,56,32,24,16,9,5,1,0
24,7,2,1359,1630,0,100,97,63,38,24,19,13,7,3,1,119,125,85,60,38,23,14,6,3,1,1
24,7,0,1377,1571,0,97,100,64,49,29,18,10,4,2,1,121,125,92,57,40,23,11,6,2,1,1
24,7,1,1377,1610,0,97,100,64,49,29,18,10,4,2,1,125,129,92,57,36,20,13,7,3,2,0
24,7,2,1377,1636,0,97,100,64,49,29,18,10,4,2,1,129,121,94,64,38,22,12,5,3,1,1
24,7,0,1345,1568,0,100,100,71,39,28,15,9,7,3,1,127,123,90,63,37,21,11,5,4,2,0
24,7,1,1345,1559,0,100,100,71,39,28,15,9,7,3,1,123,123,95,54,35,21,10,7,3,1,1
24,7,2,1345,1563,0,100,100,71,39,28,15,9,7,3,1,123,127,88,56,30,21,14,8,4,1,0
24,7,0,1351,1618,0,99,96,65,41,32,19,8,5,2,1,116,126,93,54,36,22,13,6,3,1,1
24,7,1,1351,1559,0,99,96,65,41,32,19,8,5,2,1,126,127,88,55,32,22,13,7,3,1,1
24,7,2,1351,1597,0,99,96,65,41,32,19,8,5,2,1,127,116,89,65,41,24,10,4,3,2,0
24,7,0,1355,1552,0,96,100,68,39,24,14,12,7,3,2,121,122,87,59,36,21,12,7,3,1,1
24,7,1,1355,1598,0,96,100,68,39,24,14,12,7,3,2,122,122,94,54,32,17,12,10,5,2,0
24,7,2,1355,1613,0,96,100,68,39,24,14,12,7,3,2,122,121,88,56,33,24,14,7,4,2,1
24,7,0,1369,1692,0,100,99,67,47,25,15,8,4,4,2,129,116,95,62,38,19,9,6,4,3,2
24,7,1,1369,1621,0,100,99,67,47,25,15,8,4,4,2,116,128,85,55,35,22,12,8,4,2,1
24,7,2,1369,1666,0,100,99,67,47,25,15,8,4,4,2,128,129,93,57,34,19,14,6,4,3,1
24,7,0,1330,1612,0,99,96,65,39,26,17,9,5,3,2,119,117,89,58,37,21,11,6,4,2,2
24,7,1,1330,1527,0,99,96,65,39,26,17,9,5,3,2,117,126,84,53,34,22,13,6,4,2,0
24,7,2,1330,1615,0,99,96,65,39,26,17,9,5,3,2,126,119,90,56,31,20,13,8,3,2,1
24,7,0,1355,1586,0,96,104,62,41,26,17,10,6,3,1,126,124,89,54,31,23,13,5,4,2,1
24,7,1,1355,1615,0,96,104,62,41,26,17,10,6,3,1,124,117,91,60,41,23,12,7,2,1,1
24,7,2,1355,1597,0,96,104,62,41,26,17,10,6,3,1,117,126,91,53,33,18,13,9,5,2,0
24,7,0,1378,1607,0,104,99,72,43,25,13,9,7,4,2,128,122,97,56,33,21,13,9,4,1,0
24,7,1,1378,1616,0,104,99,72,43,25,13,9,7,4,2,122,128,86,58,34,20,12,5,5,4,1
24,7,2,1378,1615,0,104,99,72,43,25,13,9,7,4,2,128,128,91,61,36,19,10,8,4,1,1
24,7,0,1414,1607,0,100,100,70,43,24,16,10,7,4,2,121,130,93,61,37,20,13,7,3,2,1
24,7,1,1414,1733,0,100,100,70,43,24,16,10,7,4,2,130,126,94,56,35,20,11,9,6,3,1
24,7,2,1414,1737,0,100,100,70,43,24,16,10,7,4,2,126,121,90,60,35,24,16,8,5,2,1
24,7,0,1405,1686,0,100,101,66,44,26,16,11,4,3,2,122,129,88,55,37,20,11,7,4,2,2
24,7,1,1405,1675,0,100,101,66,44,26,16,11,4,3,2,129,124,96,59,33,23,14,8,3,2,1
24,7,2,1405,1723,0,100,101,66,44,26,16,11,4,3,2,124,122,91,60,38,21,13,7,4,3,1
24,7,0,1411,1688,0,101,100,70,46,28,13,6,5,3,2,125,118,93,62,36,21,12,7,4,2,2
24,7,1,1411,1723,0,101,100,70,46,28,13,6,5,3,2,118,134,90,57,38,18,8,6,5,3,1
24,7,2,1411,1712,0,101,100,70,46,28,13,6,5,3,2,134,125,93,57,32,21,12,6,4,3,2
24,7,0,1339,1505,0,95,99,63,40,25,18,11,6,3,1,121,118,87,59,36,24,12,5,3,1,0
24,7,1,1339,1679,0,95,99,63,40,25,18,11,6,3,1,118,123,89,57,37,19,15,10,2,2,1
24,7,2,1339,1623,0,95,99,63,40,25,18,11,6,3,1,123,121,91,52,32,22,13,7,6,2,1
24,7,0,1315,1553,0,99,98,66,44,28,18,10,4,2,1,127,123,93,57,35,24,12,5,3,1,0
24,7,1,1315,1509,0,99,98,66,44,28,18,10,4,2,1,123,120,88,57,37,20,12,4,2,1,1
24,7,2,1315,1537,0,99,98,66,44,28,18,10,4,2,1,120,127,90,59,35,19,11,8,2,1,0
24,7,0,1364,1612,0,98,95,65,41,28,18,11,5,2,1,121,125,88,57,33,20,14,6,3,2,1
24,7,1,1364,1664,0,98,95,65,41,28,18,11,5,2,1,125,120,91,60,37,24,10,7,3,1,1
24,7,2,1364,1692,0,98,95,65,41,28,18,11,5,2,1,120,121,89,56,38,23,15,8,4,2,1
24,7,0,1238,1475,0,90,97,58,38,27,15,11,5,2,1,118,117,82,50,31,23,11,6,3,1,1
24,7,1,1238,1469,0,90,97,58,38,27,15,11,5,2,1,117,109,86,57,36,21,13,6,2,0,0
24,7,2,1238,1424,0,90,97,58,38,27,15,11,5,2,1,109,118,86,50,32,17,10,7,3,2,0
24,7,0,1214,1378,0,97,107,68,39,20,11,8,5,3,1,122,118,93,54,28,14,11,5,2,2,0
24,7,1,1214,1405,0,97,107,68,39,20,11,8,5,3,1,118,119,86,51,31,17,6,5,4,2,1
24,7,2,1214,1357,0,97,107,68,39,20,11,8,5,3,1,119,122,83,50,28,17,11,7,3,0,0
24,7,0,1245,1438,0,107,90,68,40,21,15,8,5,3,1,113,128,81,49,31,17,11,7,3,1,1
24,7,1,1245,1418,0,107,90,68,40,21,15,8,5,3,1,128,117,85,54,27,18,12,6,3,1,0
24,7,2,1245,1404,0,107,90,68,40,21,15,8,5,3,1,117,113,85,58,35,18,9,4,3,2,0
24,7,0,1239,1417,0,97,102,62,36,26,18,8,5,2,1,117,128,86,52,27,18,11,7,3,1,0
24,7,1,1239,1517,0,97,102,62,36,26,18,8,5,2,1,128,112,90,53,33,23,12,4,3,2,1
24,7,2,1239,1392,0,97,102,62,36,26,18,8,5,2,1,112,117,84,53,36,19,11,5,2,0,0
24,7,0,1300,1467,0,102,97,64,44,26,14,10,4,2,2,119,121,88,58,36,18,10,6,3,1,0
24,7,1,1300,1562,0,102,97,64,44,26,14,10,4,2,2,121,126,88,52,33,21,12,7,2,2,1
24,7,2,1300,1585,0,102,97,64,44,26,14,10,4,2,2,126,119,88,57,34,20,11,6,4,2,2
24,7,0,1236,1443,0,97,97,70,43,25,12,6,4,2,1,120,117,84,55,34,19,8,5,3,1,1
24,7,1,1236,1405,0,97,97,70,43,25,12,6,4,2,1,117,121,86,53,32,18,10,4,3,1,0
24,7,2,1236,1412,0,97,97,70,43,25,12,6,4,2,1,121,120,91,56,28,14,8,5,2,2,1
24,7,0,1238,1503,0,108,97,67,43,23,12,7,5,3,1,133,116,92,56,31,16,10,6,4,2,1
24,7,1,1238,1394,0,108,97,67,43,23,12,7,5,3,1,116,118,81,54,34,18,9,5,4,1,0
24,7,2,1238,1490,0,108,97,67,43,23,12,7,5,3,1,118,133,86,52,30,18,10,6,2,2,1
24,7,0,1292,1486,0,97,95,65,43,27,16,7,4,3,2,122,122,90,53,31,22,9,5,3,2,1
24,7,1,1292,1494,0,97,95,65,43,27,16,7,4,3,2,122,115,82,55,37,21,14,6,3,1,0
24,7,2,1292,1476,0,97,95,65,43,27,16,7,4,3,2,115,122,90,59,34,16,9,5,3,2,1
24,7,0,1325,1528,0,95,108,70,42,24,13,8,5,3,1,124,127,89,55,34,19,10,6,3,2,1
24,7,1,1325,1571,0,95,108,70,42,24,13,8,5,3,1,127,120,96,56,33,18,10,6,4,3,1
24,7,2,1325,1613,0,95,108,70,42,24,13,8,5,3,1,120,124,91,57,31,19,12,7,4,1,1
24,7,0,1637,2033,0,99,96,68,46,28,19,12,7,6,4,126,127,93,66,45,25,14,11,7,5,3
24,7,1,1637,2092,0,99,96,68,46,28,19,12,7,6,4,127,135,98,63,38,26,19,14,8,3,1
24,7,2,1637,2024,0,99,96,68,46,28,19,12,7,6,4,135,126,98,64,42,28,18,7,5,5,3
24,7,0,1604,2021,0,98,99,64,43,28,19,12,8,4,3,120,131,95,67,38,22,14,11,8,5,2
24,7,1,1604,2029,0,98,99,64,43,28,19,12,8,4,3,131,131,100,60,42,30,16,9,5,3,3
24,7,2,1604,2049,0,98,99,64,43,28,19,12,8,4,3,131,120,89,58,41,26,20,11,6,3,2
24,7,0,1394,1759,0,98,93,68,42,26,16,9,6,5,3,118,132,89,60,32,19,16,10,6,3,1
24,7,1,1394,1745,0,98,93,68,42,26,16,9,6,5,3,132,117,95,62,38,23,12,6,5,3,1
24,7,2,1394,1658,0,98,93,68,42,26,16,9,6,5,3,117,118,85,54,38,24,12,8,4,3,2
24,7,0,1411,1682,0,93,96,61,39,29,20,10,6,3,1,117,125,94,60,36,22,13,8,4,2,1
24,7,1,1411,1694,0,93,96,61,39,29,20,10,6,3,1,125,118,90,51,35,25,16,8,4,2,1
24,7,2,1411,1716,0,93,96,61,39,29,20,10,6,3,1,118,117,83,60,39,24,13,6,4,2,1
24,7,0,1366,1664,0,96,98,62,40,25,16,13,7,3,2,124,120,92,57,38,24,13,6,5,2,1
24,7,1,1366,1615,0,96,98,62,40,25,16,13,7,3,2,120,119,86,52,36,22,14,9,3,1,1
24,7,2,1366,1729,0,96,98,62,40,25,16,13,7,3,2,119,124,89,60,33,21,15,11,5,3,1
24,7,0,1580,1935,0,92,96,67,48,31,18,9,7,5,3,131,119,97,63,45,25,13,8,6,4,3
24,7,1,1580,1926,0,92,96,67,48,31,18,9,7,5,3,119,129,91,61,40,28,16,12,6,2,1
24,7,2,1580,1942,0,92,96,67,48,31,18,9,7,5,3,129,131,99,67,39,23,16,7,6,5,2
24,7,0,1623,2027,0,96,100,68,39,27,19,14,10,5,2,131,120,93,59,41,31,19,11,5,4,2
24,7,1,1623,2025,0,96,100,68,39,27,19,14,10,5,2,120,132,90,65,42,23,17,12,8,4,2
24,7,2,1623,2024,0,96,100,68,39,27,19,14,10,5,2,132,131,104,63,36,26,17,11,7,2,1
24,7,0,1541,1913,0,100,92,65,45,28,18,12,6,5,4,132,121,93,57,40,25,13,9,7,5,2
24,7,1,1541,1952,0,100,92,65,45,28,18,12,6,5,4,121,124,91,65,38,26,17,10,5,3,3
24,7,2,1541,1884,0,100,92,65,45,28,18,12,6,5,4,124,132,93,63,42,24,17,10,5,3,1
24,7,0,1568,1949,0,102,96,68,42,30,19,11,7,4,3,138,117,98,65,42,27,13,7,6,5,2
24,7,1,1568,1938,0,102,96,68,42,30,19,11,7,4,3,117,130,90,59,41,25,15,12,6,3,3
24,7,2,1568,1921,0,102,96,68,42,30,19,11,7,4,3,130,138,95,63,36,25,19,9,5,2,1
24,7,0,1519,1910,0,95,102,68,43,25,18,10,6,4,3,124,123,89,60,36,22,15,9,7,4,1
24,7,1,1519,1983,0,95,102,68,43,25,18,10,6,4,3,123,131,100,67,38,22,13,8,6,4,3
24,7,2,1519,1866,0,95,102,68,43,25,18,10,6,4,3,131,124,94,54,39,26,17,10,4,3,3
24,7,0,1446,1834,0,91,98,63,41,27,15,9,6,5,2,114,118,88,61,39,21,13,8,5,3,2
24,7,1,1446,1777,0,91,98,63,41,27,15,9,6,5,2,118,128,93,56,35,21,13,9,5,3,1
24,7,2,1446,1747,0,91,98,63,41,27,15,9,6,5,2,128,114,88,54,34,25,14,8,6,4,2
24,7,0,1402,1805,0,98,99,66,39,24,17,10,5,3,3,120,128,88,56,33,22,17,9,4,3,2
24,7,1,1402,1725,0,98,99,66,39,24,17,10,5,3,3,128,119,94,61,35,20,13,7,5,4,2
24,7,2,1402,1692,0,98,99,66,39,24,17,10,5,3,3,119,120,87,53,36,23,11,8,5,2,2
24,7,0,1487,1853,0,99,91,62,44,27,15,10,8,4,3,122,124,96,63,36,20,14,9,6,4,2
24,7,1,1487,1857,0,99,91,62,44,27,15,10,8,4,3,124,120,89,57,39,24,13,10,6,3,2
24,7,2,1487,1839,0,99,91,62,44,27,15,10,8,4,3,120,122,82,56,39,26,16,9,6,3,2
24,7,0,1336,1567,0,97,100,65,44,26,13,9,6,4,2,122,124,90,50,31,23,12,8,5,1,0
24,7,1,1336,1597,0,97,100,65,44,26,13,9,6,4,2,124,120,81,56,38,22,13,5,3,3,1
24,7,2,1336,1578,0,97,100,65,44,26,13,9,6,4,2,120,122,98,63,35,15,9,8,4,2,1
24,7,0,1383,1640,0,100,94,67,42,28,18,8,4,3,2,129,121,87,57,37,24,11,6,4,2,1
24,7,1,1383,1696,0,100,94,67,42,28,18,8,4,3,2,121,118,94,58,36,21,14,7,3,2,1
24,7,2,1383,1628,0,100,94,67,42,28,18,8,4,3,2,118,129,87,59,34,20,12,6,4,3,2
24,7,0,1369,1680,0,94,97,63,40,26,15,10,6,3,2,111,114,82,54,41,26,13,8,3,2,2
24,7,1,1369,1646,0,94,97,63,40,26,15,10,6,3,2,114,133,86,53,31,18,15,9,5,3,1
24,7,2,1369,1605,0,94,97,63,40,26,15,10,6,3,2,133,111,96,60,32,20,10,6,5,2,1
24,7,0,1473,1768,0,102,96,72,48,26,17,8,5,4,2,127,130,92,60,36,21,13,8,5,3,2
24,7,1,1473,1848,0,102,96,72,48,26,17,8,5,4,2,130,126,94,64,40,22,12,6,5,3,1
24,7,2,1473,1811,0,102,96,72,48,26,17,8,5,4,2,126,127,95,61,37,22,14,8,4,3,2
24,7,0,1465,1807,0,96,96,65,43,29,19,12,8,3,2,127,125,96,62,39,25,14,9,5,2,1
24,7,1,1465,1762,0,96,96,65,43,29,19,12,8,3,2,125,122,94,57,39,27,17,8,4,2,1
24,7,2,1465,1735,0,96,96,65,43,29,19,12,8,3,2,122,127,88,63,39,22,14,9,5,2,1
24,7,0,1484,1756,0,96,102,66,43,28,16,12,6,4,2,122,128,91,60,40,25,15,9,4,2,1
24,7,1,1484,1784,0,96,102,66,43,28,16,12,6,4,2,128,127,95,59,37,21,14,8,5,4,1
24,7,2,1484,1835,0,96,102,66,43,28,16,12,6,4,2,127,122,95,60,36,24,13,9,5,2,2
24,7,0,1419,1715,0,94,97,65,40,27,13,11,8,3,2,124,119,87,56,35,25,16,7,4,2,1
24,7,1,1419,1737,0,94,97,65,40,27,13,11,8,3,2,119,119,90,58,39,20,11,8,4,3,2
24,7,2,1419,1706,0,94,97,65,40,27,13,11,8,3,2,119,124,91,57,32,21,12,11,7,2,1
24,7,0,1382,1751,0,97,102,66,40,22,18,10,7,5,2,127,119,94,57,40,22,16,8,4,2,1
24,7,1,1382,1675,0,97,102,66,40,22,18,10,7,5,2,119,124,89,52,31,20,14,9,6,3,1
24,7,2,1382,1708,0,97,102,66,40,22,18,10,7,5,2,124,127,90,62,34,23,13,8,5,3,1
24,7,0,1407,1654,0,102,94,63,42,28,19,11,5,3,2,124,124,86,55,38,26,15,7,2,2,2
24,7,1,1407,1671,0,102,94,63,42,28,19,11,5,3,2,124,122,92,61,35,19,13,10,6,2,0
24,7,2,1407,1671,0,102,94,63,42,28,19,11,5,3,2,122,124,90,58,38,24,13,5,3,2,1
24,7,0,1300,1524,0,90,93,62,41,25,15,9,4,3,2,109,124,83,51,32,18,11,6,5,3,2
24,7,1,1300,1558,0,90,93,62,41,25,15,9,4,3,2,124,113,88,56,31,21,12,7,3,1,1
24,7,2,1300,1648,0,90,93,62,41,25,15,9,4,3,2,113,109,85,56,38,21,12,7,3,3,1
24,7,0,1250,1417,0,93,98,63,43,24,13,7,5,3,1,118,116,89,60,31,17,9,5,3,1,0
24,7,1,1250,1515,0,93,98,63,43,24,13,7,5,3,1,116,117,89,50,35,20,10,5,3,2,1
24,7,2,1250,1426,0,93,98,63,43,24,13,7,5,3,1,117,118,80,50,31,17,11,7,4,2,1
24,7,0,1246,1527,0,98,90,64,36,25,16,9,5,3,2,116,117,86,52,31,21,11,6,5,2,1
24,7,1,1246,1455,0,98,90,64,36,25,16,9,5,3,2,117,115,78,50,34,22,12,5,2,1,1
24,7,2,1246,1483,0,98,90,64,36,25,16,9,5,3,2,115,116,86,58,31,17,12,8,3,2,0
24,7,0,1228,1369,0,87,99,59,36,27,17,9,6,2,0,116,111,85,51,31,21,12,6,2,0,0
24,7,1,1228,1446,0,87,99,59,36,27,17,9,6,2,0,111,115,82,54,33,20,12,5,3,2,0
24,7,2,1228,1422,0,87,99,59,36,27,17,9,6,2,0,115,116,88,51,33,20,10,6,3,0,0
24,7,0,1221,1370,0,99,99,68,38,19,12,10,5,3,1,122,116,88,51,28,18,9,5,3,1,1
24,7,1,1221,1376,0,99,99,68,38,19,12,10,5,3,1,116,116,82,52,31,16,11,8,2,1,0
24,7,2,1221,1426,0,99,99,68,38,19,12,10,5,3,1,116,122,85,53,29,16,11,6,4,2,0
24,7,0,1169,1282,0,99,87,62,42,25,16,7,3,2,1,114,117,81,51,32,17,9,5,1,0,0
24,7,1,1169,1380,0,99,87,62,42,25,16,7,3,2,1,117,113,82,53,30,19,10,4,3,2,0
24,7,2,1169,1378,0,99,87,62,42,25,16,7,3,2,1,113,114,82,54,34,18,10,4,2,1,1
24,7,0,1251,1476,0,98,91,59,38,24,15,8,5,3,2,116,115,84,51,33,18,11,6,3,2,2
24,7,1,1251,1460,0,98,91,59,38,24,15,8,5,3,2,115,113,84,52,32,18,10,7,4,2,0
24,7,2,1251,1554,0,98,91,59,38,24,15,8,5,3,2,113,116,78,52,31,22,13,6,4,2,1
24,7,0,1262,1441,0,91,99,60,41,28,14,7,4,3,1,116,116,90,54,31,18,9,4,3,2,1
24,7,1,1262,1427,0,91,99,60,41,28,14,7,4,3,1,116,117,84,51,33,22,11,6,2,1,1
24,7,2,1262,1487,0,91,99,60,41,28,14,7,4,3,1,117,116,84,54,35,18,10,6,4,2,0
24,7,0,1158,1385,0,99,98,71,39,18,10,8,6,2,1,119,121,86,53,26,17,11,6,3,1,0
24,7,1,1158,1362,0,99,98,71,39,18,10,8,6,2,1,121,112,85,51,31,14,8,4,3,2,1
24,7,2,1158,1297,0,99,98,71,39,18,10,8,6,2,1,112,119,82,51,27,14,8,7,3,0,0
24,7,0,1219,1472,0,94,94,62,41,25,13,7,4,3,1,116,116,84,54,32,20,9,4,3,2,1
24,7,1,1219,1390,0,94,94,62,41,25,13,7,4,3,1,116,113,82,49,34,18,10,6,2,1,1
24,7,2,1219,1398,0,94,94,62,41,25,13,7,4,3,1,113,116,85,54,29,16,10,6,4,2,0
24,7,0,1189,1348,0,94,94,59,37,23,14,9,6,2,1,113,112,77,49,28,18,12,7,3,1,0
24,7,1,1189,1461,0,94,94,59,37,23,14,9,6,2,1,112,114,82,55,33,19,9,4,4,2,1
24,7,2,1189,1360,0,94,94,59,37,23,14,9,6,2,1,114,113,86,47,31,18,11,7,2,0,0
24,7,0,1263,1475,0,94,94,65,41,25,14,7,3,3,3,115,114,84,52,32,19,9,7,4,2,1
24,7,1,1263,1530,0,94,94,65,41,25,14,7,3,3,3,114,121,84,54,32,19,13,6,3,2,1
24,7,2,1263,1482,0,94,94,65,41,25,14,7,3,3,3,121,115,88,56,33,18,9,4,3,3,2
24,7,0,1249,1518,0,90,102,65,36,21,14,9,5,2,1,117,114,88,50,29,17,11,8,4,1,1
24,7,1,1249,1439,0,90,102,65,36,21,14,9,5,2,1,114,116,82,54,29,19,12,5,3,2,1
24,7,2,1249,1482,0,90,102,65,36,21,14,9,5,2,1,116,117,87,51,32,18,10,6,3,2,1
24,7,0,1303,1523,0,102,95,67,44,23,16,9,5,2,1,123,126,90,57,31,18,12,7,3,1,1
24,7,1,1303,1491,0,102,95,67,44,23,16,9,5,2,1,126,116,89,58,36,19,11,6,3,1,0
24,7,2,1303,1518,0,102,95,67,44,23,16,9,5,2,1,116,123,84,53,34,20,11,5,3,2,1
24,7,0,1305,1509,0,95,90,63,41,30,14,8,5,4,2,114,122,88,56,34,20,9,6,3,2,1
24,7,1,1305,1552,0,95,90,63,41,30,14,8,5,4,2,122,116,85,52,34,23,13,7,4,2,0
24,7,2,1305,1545,0,95,90,63,41,30,14,8,5,4,2,116,114,84,59,36,20,11,6,4,2,1
24,7,0,1272,1467,0,98,92,59,38,27,19,10,6,2,0,114,123,83,52,33,22,13,5,3,0,0
24,7,1,1272,1469,0,98,92,59,38,27,19,10,6,2,0,123,114,84,55,35,23,12,5,2,1,0
24,7,2,1272,1479,0,98,92,59,38,27,19,10,6,2,0,114,114,86,54,34,19,12,8,3,1,0
24,7,0,1231,1385,0,92,99,65,41,24,11,10,5,2,1,121,116,90,54,29,17,11,5,2,1,0
24,7,1,1231,1418,0,92,99,65,41,24,11,10,5,2,1,116,113,87,54,34,18,8,6,3,1,0
24,7,2,1231,1435,0,92,99,65,41,24,11,10,5,2,1,113,121,81,51,31,18,10,7,3,1,1
24,7,0,1228,1440,0,99,98,66,40,21,14,6,4,3,2,114,120,87,50,32,17,10,6,2,2,2
24,7,1,1228,1422,0,99,98,66,40,21,14,6,4,3,2,120,120,81,48,27,18,11,6,5,2,0
24,7,2,1228,1470,0,99,98,66,40,21,14,6,4,3,2,120,114,87,59,32,16,9,4,3,2,1
24,7,0,1224,1377,0,94,95,65,40,26,15,8,5,2,0,118,117,87,52,30,19,11,5,2,1,0
24,7,1,1224,1373,0,94,95,65,40,26,15,8,5,2,0,117,115,84,52,33,19,10,5,2,1,0
24,7,2,1224,1394,0,94,95,65,40,26,15,8,5,2,0,115,118,85,57,33,18,9,5,3,0,0
24,7,0,1201,1378,0,95,101,60,37,25,16,11,4,1,0,120,115,87,53,34,18,9,6,2,0,0
24,7,1,1201,1370,0,95,101,60,37,25,16,11,4,1,0,115,115,85,48,30,19,11,5,2,1,0
24,7,2,1201,1342,0,95,101,60,37,25,16,11,4,1,0,115,120,83,53,30,20,12,5,1,0,0
24,7,0,1179,1308,0,101,94,69,45,25,13,6,3,1,1,119,120,84,55,31,18,7,4,2,0,0
24,7,1,1179,1361,0,101,94,69,45,25,13,6,3,1,1,120,119,86,54,32,18,10,4,1,1,0
24,7,2,1179,1320,0,101,94,69,45,25,13,6,3,1,1,119,119,87,54,31,13,7,3,2,1,1
24,7,0,1206,1399,0,92,96,59,37,22,15,7,5,3,1,114,113,83,49,31,15,11,6,4,2,0
24,7,1,1206,1394,0,92,96,59,37,22,15,7,5,3,1,113,111,85,50,27,18,9,5,3,2,1
24,7,2,1206,1469,0,92,96,59,37,22,15,7,5,3,1,111,114,78,51,33,21,12,6,3,1,1
24,7,0,1283,1545,0,96,100,62,43,25,19,10,4,2,1,120,121,92,58,35,20,13,7,3,0,0
24,7,1,1283,1473,0,96,100,62,43,25,19,10,4,2,1,121,121,89,52,33,20,12,6,2,1,0
24,7,2,1283,1505,0,96,100,62,43,25,19,10,4,2,1,121,120,85,56,36,21,11,4,2,2,1
24,7,0,1269,1541,0,100,92,69,41,27,13,9,5,3,1,121,123,88,56,34,19,9,6,4,2,1
24,7,1,1269,1450,0,100,92,69,41,27,13,9,5,3,1,123,116,87,57,33,18,11,6,3,0,0
24,7,2,1269,1479,0,100,92,69,41,27,13,9,5,3,1,116,121,85,55,32,21,11,6,2,2,0
24,7,0,1191,1455,0,94,96,60,33,21,16,10,6,3,0,107,114,82,53,35,20,10,6,3,2,0
24,7,1,1191,1350,0,94,96,60,33,21,16,10,6,3,0,114,118,84,41,26,19,14,7,3,0,0
24,7,2,1191,1353,0,94,96,60,33,21,16,10,6,3,0,118,107,79,55,28,17,11,6,3,1,0
24,7,0,1223,1442,0,96,90,61,43,22,14,11,6,2,0,116,115,78,53,35,20,14,6,2,1,0
24,7,1,1223,1388,0,96,90,61,43,22,14,11,6,2,0,115,114,88,57,33,15,8,5,3,1,0
24,7,2,1223,1405,0,96,90,61,43,22,14,11,6,2,0,114,116,83,49,30,20,11,8,3,0,0
24,7,0,1251,1480,0,90,94,66,40,29,15,8,4,2,2,117,112,91,58,33,18,10,6,3,2,1
24,7,1,1251,1494,0,90,94,66,40,29,15,8,4,2,2,112,121,83,56,34,22,10,5,3,1,1
24,7,2,1251,1421,0,90,94,66,40,29,15,8,4,2,2,121,117,86,52,33,20,11,5,2,1,0
24,7,0,1197,1388,0,95,89,61,42,23,13,8,5,3,1,108,111,77,50,35,19,11,5,1,1,1
24,7,1,1197,1386,0,95,89,61,42,23,13,8,5,3,1,111,121,81,51,29,14,10,7,4,2,0
24,7,2,1197,1412,0,95,89,61,42,23,13,8,5,3,1,121,108,87,55,31,20,9,5,4,1,0
24,7,0,1292,1610,0,89,92,62,38,24,16,8,4,3,3,115,111,79,57,35,20,11,5,3,3,2
24,7,1,1292,1635,0,89,92,62,38,24,16,8,4,3,3,111,115,89,53,33,20,11,9,5,3,2
24,7,2,1292,1516,0,89,92,62,38,24,16,8,4,3,3,115,115,84,50,30,20,14,6,4,2,1
24,7,0,1317,1594,0,92,95,60,38,26,16,10,6,4,1,118,114,87,54,34,21,13,8,4,2,1
24,7,1,1317,1544,0,92,95,60,38,26,16,10,6,4,1,114,117,85,55,34,21,11,7,5,2,0
24,7,2,1317,1615,0,92,95,60,38,26,16,10,6,4,1,117,118,85,53,34,22,14,7,3,2,1
24,7,0,1298,1484,0,102,97,69,39,23,14,9,6,3,2,120,122,86,55,30,18,11,7,5,2,0
24,7,1,1298,1508,0,102,97,69,39,23,14,9,6,3,2,122,122,85,55,34,20,11,6,3,2,1
24,7,2,1298,1520,0,102,97,69,39,23,14,9,6,3,2,122,120,91,55,32,19,12,7,3,1,1
24,7,0,1246,1510,0,97,89,57,39,25,16,9,6,4,1,117,114,81,51,32,20,12,9,4,2,0
24,7,1,1246,1540,0,97,89,57,39,25,16,9,6,4,1,114,112,83,54,33,22,14,6,4,1,1
24,7,2,1246,1426,0,97,89,57,39,25,16,9,6,4,1,112,117,82,52,35,19,10,5,3,2,0
24,7,0,1274,1468,0,89,102,61,39,25,16,11,5,1,1,113,118,85,55,34,21,11,5,3,1,0
24,7,1,1274,1539,0,89,102,61,39,25,16,11,5,1,1,118,120,89,51,34,20,12,7,2,1,1
24,7,2,1274,1466,0,89,102,61,39,25,16,11,5,1,1,120,113,88,54,31,19,12,7,3,1,1
24,7,0,1355,1659,0,89,95,65,44,29,12,7,4,3,2,117,122,84,59,35,19,10,5,4,2,2
24,7,1,1355,1636,0,89,95,65,44,29,12,7,4,3,2,122,114,94,57,36,21,10,7,3,2,1
24,7,2,1355,1659,0,89,95,65,44,29,12,7,4,3,2,114,117,86,53,33,20,11,7,5,4,2
24,7,0,1250,1580,0,95,97,66,35,20,13,7,5,3,3,118,111,89,54,28,17,14,6,4,3,2
24,7,1,1250,1491,0,95,97,66,35,20,13,7,5,3,3,111,117,80,49,32,18,8,6,5,3,2
24,7,2,1250,1501,0,95,97,66,35,20,13,7,5,3,3,117,118,82,51,28,18,11,8,4,2,1
24,7,0,1292,1510,0,97,89,60,43,23,15,9,5,3,1,118,121,85,50,33,18,11,6,4,2,1
24,7,1,1292,1598,0,97,89,60,43,23,15,9,5,3,1,121,108,83,54,33,20,12,8,3,2,1
24,7,2,1292,1554,0,97,89,60,43,23,15,9,5,3,1,108,118,82,57,35,20,12,6,4,2,1
24,7,0,1326,1524,0,102,99,70,40,24,16,11,6,2,1,133,123,84,54,32,25,13,6,4,0,0
24,7,1,1326,1535,0,102,99,70,40,24,16,11,6,2,1,123,115,89,62,40,18,12,6,2,1,0
24,7,2,1326,1535,0,102,99,70,40,24,16,11,6,2,1,115,133,96,54,28,17,11,8,3,2,1
24,7,0,1358,1569,0,99,101,64,44,30,20,8,4,3,1,133,115,99,59,38,22,10,5,3,2,0
24,7,1,1358,1561,0,99,101,64,44,30,20,8,4,3,1,115,126,85,56,39,25,13,5,3,1,0
24,7,2,1358,1546,0,99,101,64,44,30,20,8,4,3,1,126,133,91,59,33,19,13,6,2,1,1
24,7,0,1341,1527,0,101,102,72,44,28,16,9,6,2,0,122,137,87,48,34,24,14,7,2,1,0
24,7,1,1341,1519,0,101,102,72,44,28,16,9,6,2,0,137,121,97,61,33,18,11,5,3,1,0
24,7,2,1341,1492,0,101,102,72,44,28,16,9,6,2,0,121,122,95,68,38,19,8,5,3,0,0
24,7,0,1333,1547,0,107,100,75,48,25,16,7,4,3,1,130,135,90,62,33,17,10,4,2,2,1
24,7,1,1333,1602,0,107,100,75,48,25,16,7,4,3,1,135,122,102,63,37,21,10,6,3,2,1
24,7,2,1333,1522,0,107,100,75,48,25,16,7,4,3,1,122,130,88,55,35,19,12,6,4,1,0
24,7,0,1285,1482,0,100,100,63,37,27,13,10,7,2,1,112,120,87,50,32,20,13,8,3,1,0
24,7,1,1285,1504,0,100,100,63,37,27,13,10,7,2,1,120,128,85,52,30,19,10,6,4,2,1
24,7,2,1285,1481,0,100,100,63,37,27,13,10,7,2,1,128,112,88,58,35,21,10,6,3,0,0
24,7,0,1315,1522,0,100,107,68,41,20,13,10,6,4,2,125,124,89,55,35,16,11,8,5,1,0
24,7,1,1315,1499,0,100,107,68,41,20,13,10,6,4,2,124,122,95,54,28,17,12,8,4,2,0
24,7,2,1315,1598,0,100,107,68,41,20,13,10,6,4,2,122,125,87,55,33,22,12,6,3,3,2
24,7,0,1398,1722,0,89,106,69,41,28,14,11,7,3,2,125,122,94,61,37,24,15,8,5,2,0
24,7,1,1398,1681,0,89,106,69,41,28,14,11,7,3,2,122,124,96,57,37,21,12,7,3,2,2
24,7,2,1398,1649,0,89,106,69,41,28,14,11,7,3,2,124,125,92,58,33,21,11,9,5,2,1
24,7,0,1398,1658,0,106,102,68,44,25,18,10,4,3,1,126,125,91,55,38,22,13,6,4,2,1
24,7,1,1398,1636,0,106,102,68,44,25,18,10,4,3,1,125,132,89,58,34,20,13,7,3,1,1
24,7,2,1398,1681,0,106,102,68,44,25,18,10,4,3,1,132,126,97,62,35,21,12,7,3,3,1
24,7,0,1401,1763,0,102,89,60,46,34,21,10,4,2,2,131,120,92,60,41,27,14,5,3,2,2
24,7,1,1401,1612,0,102,89,60,46,34,21,10,4,2,2,120,120,91,60,39,23,13,7,3,1,1
24,7,2,1401,1660,0,102,89,60,46,34,21,10,4,2,2,120,131,86,60,40,24,13,7,3,2,0
24,7,0,1295,1560,0,98,94,61,42,29,17,9,3,2,2,122,122,90,55,33,20,13,6,3,2,1
24,7,1,1295,1482,0,98,94,61,42,29,17,9,3,2,2,122,114,87,56,34,20,10,5,3,1,1
24,7,2,1295,1550,0,98,94,61,42,29,17,9,3,2,2,114,122,83,55,38,23,11,6,2,2,1
24,7,0,1250,1410,0,94,97,69,42,25,12,7,6,3,1,116,123,89,60,32,14,7,5,3,1,1
24,7,1,1250,1466,0,94,97,69,42,25,12,7,6,3,1,123,117,88,53,32,21,10,7,3,1,0
24,7,2,1250,1455,0,94,97,69,42,25,12,7,6,3,1,117,116,85,52,32,19,12,5,4,2,0
24,7,0,1280,1461,0,97,98,69,40,20,14,9,6,4,1,118,122,86,53,29,19,12,6,4,1,1
24,7,1,1280,1502,0,97,98,69,40,20,14,9,6,4,1,122,118,85,55,35,19,11,6,3,2,0
24,7,2,1280,1466,0,97,98,69,40,20,14,9,6,4,1,118,118,90,55,30,16,11,8,4,2,0
24,7,0,1458,1763,0,103,101,69,41,28,20,11,6,3,1,128,131,96,62,37,22,14,8,4,2,1
24,7,1,1458,1786,0,103,101,69,41,28,20,11,6,3,1,131,126,96,59,35,24,16,9,4,1,1
24,7,2,1458,1733,0,103,101,69,41,28,20,11,6,3,1,126,128,90,60,40,25,13,6,4,3,1
24,7,0,1509,1892,0,101,95,64,43,28,18,14,6,3,2,124,129,93,63,40,26,16,8,3,3,2
24,7,1,1509,1888,0,101,95,64,43,28,18,14,6,3,2,129,124,93,58,40,23,15,11,6,3,2
24,7,2,1509,1884,0,101,95,64,43,28,18,14,6,3,2,124,124,90,60,37,25,15,9,5,2,1
24,7,0,1455,1726,0,95,103,67,46,29,17,8,5,4,3,127,126,95,61,37,21,11,5,5,4,2
24,7,1,1455,1762,0,95,103,67,46,29,17,8,5,4,3,126,126,93,61,39,25,12,8,4,2,2
24,7,2,1455,1801,0,95,103,67,46,29,17,8,5,4,3,126,127,96,59,38,22,16,9,5,3,1
24,7,0,1424,1699,0,102,96,70,47,25,16,10,5,3,2,122,126,90,60,35,19,12,9,6,3,1
24,7,1,1424,1712,0,102,96,70,47,25,16,10,5,3,2,126,130,88,59,38,24,13,6,4,2,1
24,7,2,1424,1731,0,102,96,70,47,25,16,10,5,3,2,130,122,98,61,37,20,13,7,2,2,2
24,7,0,1471,1753,0,96,96,66,45,33,21,9,4,2,2,135,120,96,62,36,24,13,8,5,3,1
24,7,1,1471,1857,0,96,96,66,45,33,21,9,4,2,2,120,122,91,66,45,27,15,5,3,2,2
24,7,2,1471,1757,0,96,96,66,45,33,21,9,4,2,2,122,135,94,57,38,23,13,7,3,2,2
24,7,0,1451,1747,0,96,102,67,41,28,15,11,8,4,2,124,127,96,56,35,26,12,9,7,2,0
24,7,1,1451,1734,0,96,102,67,41,28,15,11,8,4,2,127,124,88,57,39,25,17,7,3,2,2
24,7,2,1451,1723,0,96,102,67,41,28,15,11,8,4,2,124,124,95,64,36,18,12,10,5,3,1
24,7,0,1377,1603,0,102,98,68,44,22,15,10,7,3,1,127,121,94,60,31,17,10,8,6,3,1
24,7,1,1377,1681,0,102,98,68,44,22,15,10,7,3,1,121,124,86,57,39,25,13,7,4,1,1
24,7,2,1377,1682,0,102,98,68,44,22,15,10,7,3,1,124,127,90,55,34,18,15,8,3,2,1
24,7,0,1401,1671,0,98,99,68,44,27,12,9,6,4,3,127,126,94,52,34,21,11,8,6,3,1
24,7,1,1401,1689,0,98,99,68,44,27,12,9,6,4,3,126,118,87,58,37,23,14,6,3,2,2
24,7,2,1401,1669,0,98,99,68,44,27,12,9,6,4,3,118,127,92,64,35,18,10,9,5,3,1
24,7,0,1309,1543,0,99,102,68,39,25,14,7,5,4,2,123,120,89,57,32,22,11,6,4,2,0
24,7,1,1309,1620,0,99,102,68,39,25,14,7,5,4,2,120,123,90,53,35,20,12,5,3,3,2
24,7,2,1309,1517,0,99,102,68,39,25,14,7,5,4,2,123,123,88,55,30,16,10,8,5,2,1
24,7,0,1283,1475,0,98,95,67,42,25,15,8,4,3,2,116,129,88,55,29,18,9,5,3,2,2
24,7,1,1283,1481,0,98,95,67,42,25,15,8,4,3,2,129,114,89,55,35,20,10,6,3,1,0
24,7,2,1283,1510,0,98,95,67,42,25,15,8,4,3,2,114,116,84,56,35,19,13,6,3,2,0
24,7,0,1271,1453,0,95,100,63,40,26,15,6,4,3,2,117,117,88,57,31,17,9,6,3,1,1
24,7,1,1271,1495,0,95,100,63,40,26,15,6,4,3,2,117,121,85,50,34,22,11,5,3,3,1
24,7,2,1271,1485,0,95,100,63,40,26,15,6,4,3,2,121,117,87,53,32,18,11,5,4,2,1
24,7,0,1314,1541,0,100,98,62,40,25,15,11,6,3,1,123,117,86,54,33,22,12,8,4,1,0
24,7,1,1314,1530,0,100,98,62,40,25,15,11,6,3,1,117,121,82,53,37,21,13,6,3,2,0
24,7,2,1314,1526,0,100,98,62,40,25,15,11,6,3,1,121,123,93,56,31,18,11,7,3,1,1
24,7,0,1415,1650,0,99,99,68,44,28,17,10,5,3,2,125,125,97,62,38,21,10,6,4,2,1
24,7,1,1415,1685,0,99,99,68,44,28,17,10,5,3,2,125,126,88,55,37,24,15,8,3,1,1
24,7,2,1415,1667,0,99,99,68,44,28,17,10,5,3,2,126,125,92,61,35,21,13,7,4,3,1
24,7,0,1341,1697,0,99,100,66,40,26,15,9,6,3,1,132,121,95,56,32,25,13,6,3,2,1
24,7,1,1341,1594,0,99,100,66,40,26,15,9,6,3,1,121,114,85,55,38,20,12,7,4,2,1
24,7,2,1341,1620,0,99,100,66,40,26,15,9,6,3,1,114,132,88,57,32,17,11,8,5,2,1
24,7,0,1374,1703,0,100,99,66,41,25,18,10,5,2,1,126,125,93,59,36,20,13,6,4,3,2
24,7,1,1374,1667,0,100,99,66,41,25,18,10,5,2,1,125,119,87,53,37,22,11,6,4,1,1
24,7,2,1374,1734,0,100,99,66,41,25,18,10,5,2,1,119,126,90,59,32,22,15,9,3,2,1
24,7,0,1325,1548,0,96,101,66,38,22,16,12,7,3,1,122,127,90,52,29,18,15,8,4,2,0
24,7,1,1325,1569,0,96,101,66,38,22,16,12,7,3,1,127,113,88,60,34,23,11,7,4,1,1
24,7,2,1325,1541,0,96,101,66,38,22,16,12,7,3,1,113,122,88,53,36,20,13,8,3,1,0
24,7,0,1416,1658,0,101,93,64,44,27,19,11,5,3,2,124,126,96,57,35,19,15,9,3,2,1
24,7,1,1416,1715,0,101,93,64,44,27,19,11,5,3,2,126,120,89,59,36,23,12,8,5,2,1
24,7,2,1416,1645,0,101,93,64,44,27,19,11,5,3,2,120,124,84,60,41,26,14,5,3,2,1
24,7,0,1361,1579,0,93,96,63,45,33,17,10,6,3,1,116,124,91,56,40,22,9,6,4,1,1
24,7,1,1361,1630,0,93,96,63,45,33,17,10,6,3,1,124,127,88,56,33,24,15,9,3,1,0
24,7,2,1361,1681,0,93,96,63,45,33,17,10,6,3,1,127,116,95,66,42,24,13,5,3,2,0
24,7,0,1361,1616,0,99,93,63,43,26,18,10,4,2,2,115,127,82,55,35,20,13,8,5,2,1
24,7,1,1361,1634,0,99,93,63,43,26,18,10,4,2,2,127,120,94,60,34,21,12,6,3,2,1
24,7,2,1361,1644,0,99,93,63,43,26,18,10,4,2,2,120,115,87,55,38,23,13,6,2,2,2
24,7,0,1274,1447,0,93,95,66,46,30,14,7,5,3,1,117,116,90,57,34,17,10,6,3,1,0
24,7,1,1274,1523,0,93,95,66,46,30,14,7,5,3,1,116,127,89,59,34,21,10,6,3,1,0
24,7,2,1274,1538,0,93,95,66,46,30,14,7,5,3,1,127,117,88,56,38,22,10,4,3,2,1
24,7,0,1392,1655,0,95,99,70,38,25,17,9,6,3,2,120,124,91,57,32,21,12,7,5,3,2
24,7,1,1392,1657,0,95,99,70,38,25,17,9,6,3,2,124,122,90,57,35,22,14,7,4,2,1
24,7,2,1392,1716,0,95,99,70,38,25,17,9,6,3,2,122,120,90,58,35,21,13,8,4,2,1
24,7,0,1264,1463,0,92,98,63,37,24,14,10,6,4,1,121,114,89,54,28,16,12,7,4,2,0
24,7,1,1264,1523,0,92,98,63,37,24,14,10,6,4,1,114,114,86,60,34,22,10,6,5,2,0
24,7,2,1264,1486,0,92,98,63,37,24,14,10,6,4,1,114,121,82,45,34,21,13,8,2,1,1
24,7,0,1275,1491,0,98,97,67,41,20,11,8,4,3,3,113,127,91,49,27,15,10,7,4,3,2
24,7,1,1275,1513,0,98,97,67,41,20,11,8,4,3,3,127,114,83,51,29,20,11,7,4,2,1
24,7,2,1275,1614,0,98,97,67,41,20,11,8,4,3,3,114,113,82,59,36,16,10,6,4,3,2
24,7,0,1360,1586,0,97,92,62,41,27,16,7,6,4,2,119,122,88,58,36,19,12,7,4,2,1
24,7,1,1360,1640,0,97,92,62,41,27,16,7,6,4,2,122,115,90,53,35,21,11,7,5,4,1
24,7,2,1360,1672,0,97,92,62,41,27,16,7,6,4,2,115,119,81,56,34,24,14,7,5,2,2
24,7,0,1458,1792,0,99,103,68,42,25,15,10,7,4,2,128,127,94,58,38,24,15,8,4,2,2
24,7,1,1458,1798,0,99,103,68,42,25,15,10,7,4,2,127,123,90,55,36,20,14,9,5,3,1
24,7,2,1458,1892,0,99,103,68,42,25,15,10,7,4,2,123,128,95,63,34,22,12,9,7,4,2
24,7,0,1402,1775,0,103,92,66,40,26,16,9,5,4,3,128,119,88,61,37,25,13,6,4,4,2
24,7,1,1402,1825,0,103,92,66,40,26,16,9,5,4,3,119,120,88,55,38,21,13,10,6,4,3
24,7,2,1402,1689,0,103,92,66,40,26,16,9,5,4,3,120,128,88,56,31,20,14,8,5,2,1
24,7,0,1457,1801,0,99,100,66,46,26,15,12,6,4,3,117,127,89,61,42,22,14,10,5,2,1
24,7,1,1457,1739,0,99,100,66,46,26,15,12,6,4,3,127,134,95,56,33,22,15,9,5,3,1
24,7,2,1457,1727,0,99,100,66,46,26,15,12,6,4,3,134,117,95,62,38,23,12,7,4,3,2
24,7,0,1413,1682,0,100,98,68,44,28,15,8,6,5,2,128,122,89,61,37,21,12,8,4,3,2
24,7,1,1413,1662,0,100,98,68,44,28,15,8,6,5,2,122,125,95,63,37,20,12,8,6,2,0
24,7,2,1413,1672,0,100,98,68,44,28,15,8,6,5,2,125,128,91,53,35,24,13,6,4,3,1
24,7,0,1443,1690,0,98,99,68,42,29,19,11,6,2,1,127,124,99,60,35,22,12,6,4,2,1
24,7,1,1443,1725,0,98,99,68,42,29,19,11,6,2,1,124,126,88,60,38,26,15,8,3,2,1
24,7,2,1443,1707,0,98,99,68,42,29,19,11,6,2,1,126,127,92,60,39,22,14,8,4,1,1
24,7,0,1411,1713,0,99,103,64,42,28,17,11,4,3,3,129,125,89,58,36,24,14,7,3,2,2
24,7,1,1411,1667,0,99,103,64,42,28,17,11,4,3,3,125,121,95,60,38,22,14,6,3,2,1
24,7,2,1411,1680,0,99,103,64,42,28,17,11,4,3,3,121,129,92,55,35,21,11,9,5,3,1
24,7,0,1482,1818,0,103,100,70,45,26,16,8,6,4,3,127,129,95,63,38,22,15,6,4,4,2
24,7,1,1482,1863,0,103,100,70,45,26,16,8,6,4,3,129,128,95,58,37,23,12,8,6,4,3
24,7,2,1482,1804,0,103,100,70,45,26,16,8,6,4,3,128,127,91,60,36,21,13,10,6,2,1
24,7,0,1528,1882,0,100,99,67,42,27,20,12,8,3,1,125,131,92,56,40,27,17,8,4,1,1
24,7,1,1528,1895,0,100,99,67,42,27,20,12,8,3,1,131,126,96,64,38,22,15,10,5,3,1
24,7,2,1528,1896,0,100,99,67,42,27,20,12,8,3,1,126,125,94,63,38,25,15,9,6,3,2
24,7,0,1405,1688,0,99,96,62,40,28,16,10,7,4,2,125,119,93,56,37,25,11,7,5,3,1
24,7,1,1405,1675,0,99,96,62,40,28,16,10,7,4,2,119,121,85,56,37,23,15,9,4,1,1
24,7,2,1405,1663,0,99,96,62,40,28,16,10,7,4,2,121,125,88,58,34,20,14,8,5,3,1
24,7,0,1370,1572,0,96,99,65,43,24,17,11,7,4,1,122,129,90,54,35,23,14,7,3,1,0
24,7,1,1370,1658,0,96,99,65,43,24,17,11,7,4,1,129,116,94,59,35,21,14,7,3,3,1
24,7,2,1370,1618,0,96,99,65,43,24,17,11,7,4,1,116,122,87,59,37,20,12,9,6,1,0
24,7,0,1422,1681,0,99,99,68,43,26,16,12,6,2,2,119,123,91,60,37,21,14,7,4,2,1
24,7,1,1422,1733,0,99,99,68,43,26,16,12,6,2,2,123,133,92,59,34,21,12,8,3,2,2
24,7,2,1422,1727,0,99,99,68,43,26,16,12,6,2,2,133,119,93,58,38,24,14,9,5,2,1
24,7,0,1260,1441,0,96,97,67,42,26,16,9,3,1,1,117,121,87,53,33,17,10,5,2,1,1
24,7,1,1260,1444,0,96,97,67,42,26,16,9,3,1,1,121,121,89,56,31,19,9,5,2,1,1
24,7,2,1260,1458,0,96,97,67,42,26,16,9,3,1,1,121,117,87,57,35,21,12,5,2,1,0
24,7,0,1274,1446,0,97,95,64,43,28,16,9,4,2,1,116,121,85,55,34,20,11,7,2,0,0
24,7,1,1274,1481,0,97,95,64,43,28,16,9,4,2,1,121,122,91,57,31,19,12,5,2,2,0
24,7,2,1274,1489,0,97,95,64,43,28,16,9,4,2,1,122,116,86,55,38,21,9,4,3,1,1
24,7,0,1258,1391,0,95,96,66,43,28,15,7,4,2,1,116,119,87,59,33,19,9,4,3,1,0
24,7,1,1258,1415,0,95,96,66,43,28,15,7,4,2,1,119,122,89,54,34,18,10,5,2,1,0
24,7,2,1258,1423,0,95,96,66,43,28,15,7,4,2,1,122,116,86,53,33,20,10,5,2,1,1
24,7,0,1345,1582,0,98,98,67,43,25,17,10,4,2,1,123,118,83,56,36,23,13,5,2,1,1
24,7,1,1345,1583,0,98,98,67,43,25,17,10,4,2,1,118,126,91,63,34,17,11,7,3,2,1
24,7,2,1345,1626,0,98,98,67,43,25,17,10,4,2,1,126,123,95,52,34,21,12,7,4,2,1
24,7,0,1389,1693,0,98,100,66,43,27,17,9,5,2,1,130,118,98,61,35,20,12,6,4,3,2
24,7,1,1389,1665,0,98,100,66,43,27,17,9,5,2,1,118,123,87,57,38,22,10,6,4,1,1
24,7,2,1389,1714,0,98,100,66,43,27,17,9,5,2,1,123,130,88,55,34,22,15,8,3,2,1
24,7,0,1366,1628,0,100,98,66,39,26,16,9,6,4,2,121,132,90,49,29,19,15,9,4,2,1
24,7,1,1366,1629,0,100,98,66,39,26,16,9,6,4,2,132,114,89,61,33,22,12,6,5,3,1
24,7,2,1366,1663,0,100,98,66,39,26,16,9,6,4,2,114,121,88,59,41,23,11,7,4,2,1
24,7,0,1364,1578,0,100,103,68,42,26,15,11,5,3,1,122,125,93,55,35,18,13,8,4,2,0
24,7,1,1364,1608,0,100,103,68,42,26,15,11,5,3,1,125,128,91,58,32,19,11,6,4,2,1
24,7,2,1364,1617,0,100,103,68,42,26,15,11,5,3,1,128,122,91,59,37,25,12,7,2,1,1
24,7,0,1304,1536,0,103,96,67,41,25,16,8,5,3,2,120,122,87,55,33,20,12,7,3,1,1
24,7,1,1304,1500,0,103,96,67,41,25,16,8,5,3,2,122,124,88,56,29,18,13,7,4,1,0
24,7,2,1304,1552,0,103,96,67,41,25,16,8,5,3,2,124,120,88,56,38,21,9,4,3,3,1
24,7,0,1389,1638,0,96,100,63,44,28,18,11,7,3,1,123,124,91,64,38,22,12,6,3,2,1
24,7,1,1389,1664,0,96,100,63,44,28,18,11,7,3,1,124,124,93,57,39,21,12,9,5,1,0
24,7,2,1389,1629,0,96,100,63,44,28,18,11,7,3,1,124,123,91,54,35,25,16,7,3,1,0
24,7,0,1410,1694,0,97,106,66,44,28,17,12,5,4,2,120,132,91,62,38,23,14,9,3,2,0
24,7,1,1410,1706,0,97,106,66,44,28,17,12,5,4,2,132,129,101,58,36,22,14,6,4,3,1
24,7,2,1410,1644,0,97,106,66,44,28,17,12,5,4,2,129,120,92,58,38,23,12,8,4,1,1
24,7,0,1402,1688,0,106,98,75,46,28,16,8,4,3,1,123,129,89,65,38,21,13,6,4,2,1
24,7,1,1402,1646,0,106,98,75,46,28,16,8,4,3,1,129,135,96,61,36,20,11,5,3,2,1
24,7,2,1402,1671,0,106,98,75,46,28,16,8,4,3,1,135,123,96,57,34,21,10,7,3,2,1
24,7,0,1354,1586,0,98,97,65,41,29,19,10,7,1,1,126,121,91,60,35,24,14,6,2,1,0
24,7,1,1354,1703,0,98,97,65,41,29,19,10,7,1,1,121,122,89,60,40,22,13,8,4,1,1
24,7,2,1354,1524,0,98,97,65,41,29,19,10,7,1,1,122,126,91,54,34,22,12,6,4,1,1
24,7,0,1340,1551,0,104,96,63,43,26,16,9,4,4,3,130,121,93,56,33,21,10,7,3,1,1
24,7,1,1340,1593,0,104,96,63,43,26,16,9,4,4,3,121,117,81,54,37,23,13,7,4,3,0
24,7,2,1340,1646,0,104,96,63,43,26,16,9,4,4,3,117,130,90,58,35,18,13,6,4,3,2
24,7,0,1325,1531,0,96,104,71,43,26,13,7,6,3,1,126,122,90,57,33,19,9,6,4,2,1
24,7,1,1325,1552,0,96,104,71,43,26,13,7,6,3,1,122,123,87,56,36,21,11,6,4,2,0
24,7,2,1325,1552,0,96,104,71,43,26,13,7,6,3,1,123,126,98,58,31,17,11,6,3,1,1
24,7,0,1294,1460,0,104,104,69,41,22,15,10,7,3,0,124,122,82,53,33,21,12,7,3,1,0
24,7,1,1294,1564,0,104,104,69,41,22,15,10,7,3,0,122,129,90,59,35,18,13,7,3,1,0
24,7,2,1294,1494,0,104,104,69,41,22,15,10,7,3,0,129,124,99,55,30,18,10,6,4,1,0
24,7,0,1421,1677,0,102,99,70,44,24,15,9,5,3,2,132,125,93,58,36,23,12,5,3,3,2
24,7,1,1421,1694,0,102,99,70,44,24,15,9,5,3,2,125,119,91,59,37,18,12,9,4,3,2
24,7,2,1421,1740,0,102,99,70,44,24,15,9,5,3,2,119,132,90,58,32,20,13,8,6,2,1
24,7,0,1439,1828,0,95,102,67,41,26,17,10,5,3,2,121,126,86,55,34,22,16,10,5,2,1
24,7,1,1439,1773,0,95,102,67,41,26,17,10,5,3,2,126,124,94,62,36,22,12,6,4,3,2
24,7,2,1439,1733,0,95,102,67,41,26,17,10,5,3,2,124,121,96,57,37,22,12,7,4,3,2
24,7,0,1345,1586,0,93,106,66,42,28,14,8,5,3,2,119,123,91,55,35,20,10,7,4,2,2
24,7,1,1345,1568,0,93,106,66,42,28,14,8,5,3,2,123,126,92,54,31,20,13,7,4,2,0
24,7,2,1345,1609,0,93,106,66,42,28,14,8,5,3,2,126,119,92,60,37,21,10,5,3,2,1
24,7,0,1343,1628,0,106,98,71,41,21,13,8,6,4,1,123,120,85,61,33,20,9,6,5,2,1
24,7,1,1343,1563,0,106,98,71,41,21,13,8,6,4,1,120,128,89,54,34,18,12,8,3,2,1
24,7,2,1343,1592,0,106,98,71,41,21,13,8,6,4,1,128,123,91,52,29,17,13,7,5,3,1
24,7,0,1390,1675,0,98,93,61,42,28,19,11,5,3,2,127,119,90,58,35,23,13,8,5,2,1
24,7,1,1390,1612,0,98,93,61,42,28,19,11,5,3,2,119,117,86,58,39,26,14,5,3,2,1
24,7,2,1390,1686,0,98,93,61,42,28,19,11,5,3,2,117,127,89,56,37,20,14,9,3,2,1
24,7,0,1498,1829,0,99,99,65,42,28,16,12,7,4,3,127,125,89,57,37,25,16,9,6,4,2
24,7,1,1498,1802,0,99,99,65,42,28,16,12,7,4,3,125,125,91,64,40,23,13,7,5,3,2
24,7,2,1498,1886,0,99,99,65,42,28,16,12,7,4,3,125,127,98,58,37,24,15,12,5,2,1
24,7,0,1524,1944,0,99,101,69,46,27,16,10,6,4,2,129,129,95,62,38,23,14,9,5,2,2
24,7,1,1524,1907,0,99,101,69,46,27,16,10,6,4,2,129,126,98,62,39,24,15,9,4,3,2
24,7,2,1524,1870,0,99,101,69,46,27,16,10,6,4,2,126,129,92,60,38,22,13,8,7,5,2
24,7,0,1447,1722,0,101,99,69,42,26,18,11,7,3,2,119,131,89,58,39,24,16,8,3,2,1
24,7,1,1447,1725,0,101,99,69,42,26,18,11,7,3,2,131,129,96,59,34,20,13,8,6,3,1
24,7,2,1447,1721,0,101,99,69,42,26,18,11,7,3,2,129,119,93,62,37,24,13,8,4,1,1
24,7,0,1365,1614,0,99,102,67,43,27,16,8,4,2,2,125,122,94,59,35,17,10,6,3,2,1
24,7,1,1365,1616,0,99,102,67,43,27,16,8,4,2,2,122,125,93,57,33,21,9,6,4,3,2
24,7,2,1365,1607,0,99,102,67,43,27,16,8,4,2,2,125,125,86,55,36,23,15,6,3,1,1
24,7,0,1389,1703,0,102,96,67,41,26,19,10,5,2,2,118,130,89,56,32,20,15,10,6,2,1
24,7,1,1389,1626,0,102,96,67,41,26,19,10,5,2,2,130,124,91,59,34,23,12,5,3,2,1
24,7,2,1389,1677,0,102,96,67,41,26,19,10,5,2,2,124,118,90,59,41,23,13,6,2,2,2
24,7,0,1306,1511,0,96,99,64,44,29,15,9,5,3,1,122,122,91,61,34,17,9,8,3,1,0
24,7,1,1306,1590,0,96,99,64,44,29,15,9,5,3,1,122,121,92,57,36,22,12,7,4,1,0
24,7,2,1306,1488,0,96,99,64,44,29,15,9,5,3,1,121,122,86,52,36,23,12,3,2,2,1
24,7,0,1267,1496,0,99,93,67,39,26,14,7,5,3,1,118,118,85,56,30,20,11,6,4,1,1
24,7,1,1267,1450,0,99,93,67,39,26,14,7,5,3,1,118,119,89,57,32,18,9,6,3,1,0
24,7,2,1267,1509,0,99,93,67,39,26,14,7,5,3,1,119,118,82,50,34,19,11,5,3,3,1
24,7,0,1253,1453,0,93,102,63,42,22,15,9,5,3,1,118,120,93,56,30,13,10,7,4,2,0
24,7,1,1253,1410,0,93,102,63,42,22,15,9,5,3,1,120,117,85,52,31,22,9,5,4,1,0
24,7,2,1253,1499,0,93,102,63,42,22,15,9,5,3,1,117,118,84,52,36,20,14,6,1,1,1
24,7,0,1306,1504,0,102,99,71,46,26,12,6,3,2,2,126,129,94,55,28,15,9,6,3,3,2
24,7,1,1306,1526,0,102,99,71,46,26,12,6,3,2,2,129,116,88,58,34,22,10,5,3,1,1
24,7,2,1306,1535,0,102,99,71,46,26,12,6,3,2,2,116,126,87,57,37,16,8,4,3,2,1
24,7,0,1323,1526,0,97,99,64,39,23,18,12,5,3,1,126,118,92,55,29,17,14,8,4,2,0
24,7,1,1323,1537,0,97,99,64,39,23,18,12,5,3,1,118,117,89,58,34,24,11,6,3,1,1
24,7,2,1323,1524,0,97,99,64,39,23,18,12,5,3,1,117,126,83,52,38,21,14,7,2,1,0
24,7,0,1353,1623,0,99,97,65,43,27,18,10,4,2,2,117,127,92,56,34,20,12,9,3,2,1
24,7,1,1353,1623,0,99,97,65,43,27,18,10,4,2,2,127,124,87,56,34,22,14,6,4,1,1
24,7,2,1353,1555,0,99,97,65,43,27,18,10,4,2,2,124,117,90,60,39,22,11,4,2,2,1
24,7,0,1293,1459,0,97,97,66,43,28,14,9,7,3,0,123,123,89,57,35,19,9,5,3,1,0
24,7,1,1293,1531,0,97,97,66,43,28,14,9,7,3,0,123,118,91,58,33,21,12,8,3,1,0
24,7,2,1293,1537,0,97,97,66,43,28,14,9,7,3,0,118,123,87,55,36,21,12,6,4,1,0
24,7,0,1348,1576,0,92,109,70,40,27,16,10,5,1,1,119,129,92,54,33,19,12,7,3,1,1
24,7,1,1348,1614,0,92,109,70,40,27,16,10,5,1,1,129,125,97,60,31,22,12,6,2,1,1
24,7,2,1348,1611,0,92,109,70,40,27,16,10,5,1,1,125,119,92,58,38,21,11,6,4,2,1
24,7,0,1355,1582,0,109,103,69,42,22,14,9,6,3,2,120,126,88,56,33,18,14,8,3,1,1
24,7,1,1355,1574,0,109,103,69,42,22,14,9,6,3,2,126,134,92,57,31,16,10,7,5,3,1
24,7,2,1355,1580,0,109,103,69,42,22,14,9,6,3,2,134,120,91,55,35,23,11,6,4,2,1
24,7,0,1350,1562,0,103,92,68,48,29,16,8,4,4,1,127,122,93,62,38,20,8,5,3,2,1
24,7,1,1350,1562,0,103,92,68,48,29,16,8,4,4,1,122,124,89,56,36,20,14,8,3,1,0
24,7,2,1350,1524,0,103,92,68,48,29,16,8,4,4,1,124,127,88,60,36,22,11,4,3,2,0
24,7,0,1312,1563,0,102,102,63,40,25,18,11,5,3,1,123,120,92,56,39,21,12,6,3,1,0
24,7,1,1312,1522,0,102,102,63,40,25,18,11,5,3,1,120,127,89,52,30,19,14,8,3,1,0
24,7,2,1312,1590,0,102,102,63,40,25,18,11,5,3,1,127,123,87,58,34,23,12,6,3,2,1
24,7,0,1235,1448,0,102,97,65,42,27,12,7,3,2,2,116,123,81,51,31,19,11,4,2,2,2
24,7,1,1235,1387,0,102,97,65,42,27,12,7,3,2,2,123,121,89,58,31,15,7,5,3,1,0
24,7,2,1235,1518,0,102,97,65,42,27,12,7,3,2,2,121,116,88,52,34,20,9,6,3,2,1
24,7,0,1289,1506,0,97,102,67,40,22,14,6,6,3,2,121,118,91,58,32,14,10,5,3,3,1
24,7,1,1289,1516,0,97,102,67,40,22,14,6,6,3,2,118,121,89,52,31,19,8,7,5,2,2
24,7,2,1289,1478,0,97,102,67,40,22,14,6,6,3,2,121,121,83,51,31,21,14,6,4,1,0
24,7,0,1328,1570,0,97,102,62,40,27,14,9,5,3,2,119,118,89,50,34,23,13,7,2,1,1
24,7,1,1328,1568,0,97,102,62,40,27,14,9,5,3,2,118,125,85,56,31,18,13,7,4,3,1
24,7,2,1328,1553,0,97,102,62,40,27,14,9,5,3,2,125,119,91,57,36,20,8,6,5,2,1
24,7,0,1289,1493,0,102,102,71,42,24,13,7,3,3,2,120,129,85,56,32,17,10,4,3,3,1
24,7,1,1289,1587,0,102,102,71,42,24,13,7,3,3,2,129,122,97,58,31,16,8,6,4,3,2
24,7,2,1289,1576,0,102,102,71,42,24,13,7,3,3,2,122,120,87,53,33,21,12,7,3,1,1
24,7,0,1372,1706,0,102,97,69,44,25,16,8,5,2,1,119,124,90,62,35,19,12,7,3,1,1
24,7,1,1372,1676,0,102,97,69,44,25,16,8,5,2,1,124,129,92,55,33,21,12,7,4,2,1
24,7,2,1372,1639,0,102,97,69,44,25,16,8,5,2,1,129,119,88,56,36,20,11,5,4,3,2
24,7,0,1330,1576,0,101,97,67,46,29,19,10,5,2,0,124,125,87,64,39,22,14,7,1,0,0
24,7,1,1330,1571,0,101,97,67,46,29,19,10,5,2,0,125,127,97,58,38,19,11,5,3,2,0
24,7,2,1330,1497,0,101,97,67,46,29,19,10,5,2,0,127,124,91,56,34,24,11,5,3,0,0
24,7,0,1361,1590,0,97,100,69,45,30,17,11,6,2,0,127,121,94,62,40,23,9,6,4,1,0
24,7,1,1361,1586,0,97,100,69,45,30,17,11,6,2,0,121,129,90,58,37,23,15,7,2,0,0
24,7,2,1361,1529,0,97,100,69,45,30,17,11,6,2,0,129,127,96,60,34,20,12,6,2,1,0
24,7,0,1355,1606,0,100,101,65,38,26,19,11,6,3,1,129,124,91,53,32,26,16,7,3,1,0
24,7,1,1355,1544,0,100,101,65,38,26,19,11,6,3,1,124,117,90,61,39,20,13,6,3,1,0
24,7,2,1355,1583,0,100,101,65,38,26,19,11,6,3,1,117,129,89,55,33,20,11,8,4,2,1
24,7,0,1280,1511,0,98,98,69,43,25,14,10,7,3,0,127,123,89,61,33,21,10,5,3,2,0
24,7,1,1280,1560,0,98,98,69,43,25,14,10,7,3,0,123,117,92,58,38,22,12,8,3,0,0
24,7,2,1280,1475,0,98,98,69,43,25,14,10,7,3,0,117,127,88,52,31,16,12,7,4,1,0
24,7,0,1291,1571,0,98,106,69,43,23,15,10,5,2,2,123,129,93,57,33,20,11,6,3,2,1
24,7,1,1291,1543,0,98,106,69,43,23,15,10,5,2,2,129,121,92,55,38,21,11,5,3,1,1
24,7,2,1291,1486,0,98,106,69,43,23,15,10,5,2,2,121,123,90,57,29,16,12,8,3,1,0
24,7,0,1354,1572,0,106,98,68,41,28,16,8,6,3,1,126,126,91,52,34,21,14,6,4,2,0
24,7,1,1354,1584,0,106,98,68,41,28,16,8,6,3,1,126,124,90,58,33,21,11,5,3,2,1
24,7,2,1354,1609,0,106,98,68,41,28,16,8,6,3,1,124,126,89,62,37,21,10,8,4,1,1
24,7,0,1250,1456,0,100,95,68,43,28,14,7,4,2,1,122,123,86,55,31,20,8,4,3,2,1
24,7,1,1250,1436,0,100,95,68,43,28,14,7,4,2,1,123,117,85,55,36,21,10,5,2,0,0
24,7,2,1250,1410,0,100,95,68,43,28,14,7,4,2,1,117,122,91,57,32,15,10,5,2,1,0
24,7,0,1270,1468,0,95,99,62,42,26,16,8,4,3,2,120,118,84,51,34,20,12,7,2,1,0
24,7,1,1270,1533,0,95,99,62,42,26,16,8,4,3,2,118,119,89,57,33,19,11,5,3,3,1
24,7,2,1270,1489,0,95,99,62,42,26,16,8,4,3,2,119,120,89,55,34,20,10,5,4,1,1
24,7,0,1289,1530,0,99,100,68,43,24,14,10,4,2,1,118,119,86,54,37,20,10,6,4,2,0
24,7,1,1289,1491,0,99,100,68,43,24,14,10,4,2,1,119,129,90,53,29,17,12,6,2,1,1
24,7,2,1289,1499,0,99,100,68,43,24,14,10,4,2,1,129,118,91,60,33,19,10,6,2,1,1
24,7,0,1488,1765,0,105,100,69,49,31,17,9,5,4,3,131,130,89,61,38,25,14,8,6,3,0
24,7,1,1488,1831,0,105,100,69,49,31,17,9,5,4,3,130,132,98,67,42,23,12,6,4,3,2
24,7,2,1488,1752,0,105,100,69,49,31,17,9,5,4,3,132,131,101,60,39,22,13,8,3,2,2
24,7,0,1430,1704,0,100,99,72,46,30,19,9,6,3,1,129,124,95,61,43,23,12,8,5,2,0
24,7,1,1430,1674,0,100,99,72,46,30,19,9,6,3,1,124,133,95,59,35,23,14,6,3,1,1
24,7,2,1430,1711,0,100,99,72,46,30,19,9,6,3,1,133,129,96,67,37,23,13,6,3,2,1
24,7,0,1438,1764,0,99,105,67,43,28,19,13,7,3,1,127,128,90,58,41,25,15,10,4,1,1
24,7,1,1438,1648,0,99,105,67,43,28,19,13,7,3,1,128,130,100,64,34,21,15,7,3,1,0
24,7,2,1438,1685,0,99,105,67,43,28,19,13,7,3,1,130,127,96,59,39,25,13,7,4,2,0
24,7,0,1484,1809,0,102,102,73,44,30,16,10,8,5,2,134,130,99,62,38,22,14,10,6,3,0
24,7,1,1484,1789,0,102,102,73,44,30,16,10,8,5,2,130,128,97,62,39,24,13,7,6,3,1
24,7,2,1484,1716,0,102,102,73,44,30,16,10,8,5,2,128,134,94,64,38,25,14,8,3,1,1
24,7,0,1518,1812,0,102,105,72,43,24,20,13,9,5,1,128,138,96,61,41,24,14,10,6,2,0
24,7,1,1518,1774,0,102,105,72,43,24,20,13,9,5,1,138,128,103,59,34,25,19,10,4,1,0
24,7,2,1518,1827,0,102,105,72,43,24,20,13,9,5,1,128,128,93,67,40,23,15,8,5,3,1
24,7,0,1503,1829,0,105,102,67,47,30,19,13,6,3,2,129,132,95,68,43,26,15,8,4,2,1
24,7,1,1503,1742,0,105,102,67,47,30,19,13,6,3,2,132,134,103,59,40,24,13,7,4,2,1
24,7,2,1503,1824,0,105,102,67,47,30,19,13,6,3,2,134,129,92,61,38,24,16,10,4,2,1
24,7,0,1517,1841,0,107,97,69,48,28,18,12,6,3,2,130,129,91,62,42,23,17,8,4,3,1
24,7,1,1517,1829,0,107,97,69,48,28,18,12,6,3,2,129,133,98,62,39,22,11,8,5,2,2
24,7,2,1517,1822,0,107,97,69,48,28,18,12,6,3,2,133,130,96,64,38,26,15,9,4,2,1
24,7,0,1515,1900,0,97,104,67,46,33,19,12,7,3,2,130,125,96,65,46,28,13,8,5,2,2
24,7,1,1515,1786,0,97,104,67,46,33,19,12,7,3,2,125,136,98,57,38,25,17,10,4,1,1
24,7,2,1515,1795,0,97,104,67,46,33,19,12,7,3,2,136,130,100,68,39,24,14,7,4,3,0
24,7,0,1442,1693,0,104,107,72,43,27,17,11,7,4,1,137,126,94,59,38,25,14,7,3,1,1
24,7,1,1442,1674,0,104,107,72,43,27,17,11,7,4,1,126,130,98,66,36,19,12,8,4,2,0
24,7,2,1442,1715,0,104,107,72,43,27,17,11,7,4,1,130,137,97,57,36,23,14,8,5,2,0
24,7,0,1369,1606,0,104,102,74,44,23,15,10,7,3,1,124,131,94,60,35,18,11,7,4,2,1
24,7,1,1369,1571,0,104,102,74,44,23,15,10,7,3,1,131,128,96,60,32,19,12,8,4,0,0
24,7,2,1369,1583,0,104,102,74,44,23,15,10,7,3,1,128,124,89,57,36,22,13,6,3,2,0
24,7,0,1410,1617,0,102,101,66,45,29,19,11,6,3,1,127,131,98,61,35,20,12,7,3,1,1
24,7,1,1410,1682,0,102,101,66,45,29,19,11,6,3,1,131,125,94,61,38,26,13,7,3,2,0
24,7,2,1410,1667,0,102,101,66,45,29,19,11,6,3,1,125,127,89,58,41,23,15,7,4,1,0
24,7,0,1405,1668,0,101,104,67,43,31,17,9,5,3,2,128,129,100,59,34,20,12,6,5,2,1
24,7,1,1405,1637,0,101,104,67,43,31,17,9,5,3,2,129,126,89,58,38,25,11,6,2,2,2
24,7,2,1405,1714,0,101,104,67,43,31,17,9,5,3,2,126,128,93,61,39,23,14,8,4,2,0
24,7,0,1515,1792,0,104,102,70,48,33,17,9,6,2,1,131,135,98,60,38,24,14,7,4,2,1
24,7,1,1515,1806,0,104,102,70,48,33,17,9,6,2,1,135,129,98,65,38,23,13,8,4,2,2
24,7,2,1515,1819,0,104,102,70,48,33,17,9,6,2,1,129,131,95,64,43,24,11,6,4,2,1
24,7,0,1418,1647,0,102,103,72,42,26,16,10,6,3,2,126,133,96,60,37,20,13,7,3,2,1
24,7,1,1418,1675,0,102,103,72,42,26,16,10,6,3,2,133,124,99,58,33,19,11,8,5,2,1
24,7,2,1418,1683,0,102,103,72,42,26,16,10,6,3,2,124,126,86,60,36,25,14,7,4,2,1
24,7,0,1474,1790,0,103,104,69,45,26,17,11,5,4,2,124,130,96,61,37,21,11,7,5,3,2
24,7,1,1474,1734,0,103,104,69,45,26,17,11,5,4,2,130,134,94,58,35,25,14,9,4,2,1
24,7,2,1474,1800,0,103,104,69,45,26,17,11,5,4,2,134,124,95,62,40,21,16,8,4,3,1
24,7,0,1487,1759,0,98,105,71,44,30,20,11,7,2,1,130,128,94,61,40,24,13,8,5,2,1
24,7,1,1487,1823,0,98,105,71,44,30,20,11,7,2,1,128,133,98,66,39,23,14,8,4,2,1
24,7,2,1487,1800,0,98,105,71,44,30,20,11,7,2,1,133,130,101,61,38,26,16,7,3,1,1
24,7,0,1472,1717,0,105,104,70,44,28,19,12,6,4,1,134,124,99,60,36,23,14,9,5,2,0
24,7,1,1472,1780,0,105,104,70,44,28,19,12,6,4,1,124,136,91,64,39,25,15,7,3,2,1
24,7,2,1472,1768,0,105,104,70,44,28,19,12,6,4,1,136,134,99,61,40,23,14,8,4,2,1
24,7,0,1398,1603,0,104,98,69,51,32,18,9,4,2,1,130,134,95,60,36,22,10,7,3,1,0
24,7,1,1398,1627,0,104,98,69,51,32,18,9,4,2,1,134,124,96,63,40,23,12,4,2,1,1
24,7,2,1398,1602,0,104,98,69,51,32,18,9,4,2,1,124,130,93,63,41,21,12,5,2,1,0
24,7,0,1418,1667,0,107,105,71,46,30,20,9,5,3,1,139,126,95,61,37,25,14,5,3,2,0
24,7,1,1418,1667,0,107,105,71,46,30,20,9,5,3,1,126,132,95,66,42,21,12,7,3,1,1
24,7,2,1418,1610,0,107,105,71,46,30,20,9,5,3,1,132,139,100,58,35,22,12,6,3,1,0
24,7,0,1445,1689,0,105,104,69,44,29,17,13,8,3,0,129,133,95,58,38,24,14,9,3,1,0
24,7,1,1445,1718,0,105,104,69,44,29,17,13,8,3,0,133,130,96,63,36,22,15,8,5,1,0
24,7,2,1445,1647,0,105,104,69,44,29,17,13,8,3,0,130,129,96,62,40,24,12,7,3,1,0
24,7,0,1375,1564,0,104,107,75,45,25,17,11,5,2,1,124,137,91,60,35,20,13,5,2,2,0
24,7,1,1375,1621,0,104,107,75,45,25,17,11,5,2,1,137,131,104,62,33,18,10,8,3,1,1
24,7,2,1375,1586,0,104,107,75,45,25,17,11,5,2,1,131,124,93,59,38,23,13,6,3,0,0
24,7,0,1401,1652,0,105,104,75,45,26,15,11,6,2,1,128,135,97,63,37,19,11,6,2,2,1
24,7,1,1401,1629,0,105,104,75,45,26,15,11,6,2,1,135,128,97,55,36,23,13,8,3,1,1
24,7,2,1401,1623,0,105,104,75,45,26,15,11,6,2,1,128,128,92,64,34,20,12,7,5,1,0
24,7,0,1383,1642,0,104,103,65,44,29,18,9,5,3,2,126,126,89,59,37,23,16,6,4,2,0
24,7,1,1383,1630,0,104,103,65,44,29,18,9,5,3,2,126,130,93,59,39,21,9,4,3,3,2
24,7,2,1383,1568,0,104,103,65,44,29,18,9,5,3,2,130,126,96,57,34,22,12,9,3,0,0
24,7,0,1448,1663,0,103,105,70,47,30,17,9,5,3,2,135,124,98,61,40,22,12,7,5,1,0
24,7,1,1448,1709,0,103,105,70,47,30,17,9,5,3,2,124,133,92,61,38,23,14,7,2,2,1
24,7,2,1448,1726,0,103,105,70,47,30,17,9,5,3,2,133,135,99,62,36,22,11,6,4,3,2
24,7,0,1409,1687,0,98,108,72,47,31,18,8,3,2,1,132,126,95,58,39,26,12,5,2,1,1
24,7,1,1409,1632,0,98,108,72,47,31,18,8,3,2,1,126,132,91,61,37,20,13,6,3,2,1
24,7,2,1409,1659,0,98,108,72,47,31,18,8,3,2,1,132,132,106,65,36,19,9,5,3,2,1
24,7,0,1385,1602,0,108,98,72,46,27,17,10,5,2,1,137,125,92,63,35,20,11,5,3,2,1
24,7,1,1385,1616,0,108,98,72,46,27,17,10,5,2,1,125,125,95,64,41,21,9,7,4,1,0
24,7,2,1385,1639,0,108,98,72,46,27,17,10,5,2,1,125,137,92,54,33,22,16,7,2,1,1
24,7,0,1403,1673,0,98,98,66,45,29,17,10,5,4,2,119,130,91,55,37,22,12,9,4,2,1
24,7,1,1403,1637,0,98,98,66,45,29,17,10,5,4,2,130,125,92,58,35,24,15,7,4,2,0
24,7,2,1403,1613,0,98,98,66,45,29,17,10,5,4,2,125,119,93,65,40,21,11,5,3,2,1
24,7,0,1208,1393,0,91,82,60,36,23,15,9,6,2,1,113,104,80,51,29,19,13,7,3,1,0
24,7,1,1208,1485,0,91,82,60,36,23,15,9,6,2,1,104,109,73,53,34,19,12,6,3,2,1
24,7,2,1208,1394,0,91,82,60,36,23,15,9,6,2,1,109,113,82,49,30,19,9,6,4,1,1
24,7,0,1190,1356,0,82,90,57,38,25,16,10,4,2,1,109,111,80,47,32,21,11,5,2,1,0
24,7,1,1190,1421,0,82,90,57,38,25,16,10,4,2,1,111,105,80,52,32,18,12,7,2,1,1
24,7,2,1190,1378,0,82,90,57,38,25,16,10,4,2,1,105,109,83,54,32,19,10,5,3,1,0
24,7,0,1191,1443,0,90,91,62,35,22,14,8,4,2,1,110,109,79,50,34,19,10,5,3,2,1
24,7,1,1191,1396,0,90,91,62,35,22,14,8,4,2,1,109,112,83,48,26,16,10,6,3,1,1
24,7,2,1191,1421,0,90,91,62,35,22,14,8,4,2,1,112,110,79,52,28,18,11,6,3,2,1
24,7,0,1102,1288,0,85,86,58,40,24,14,6,5,2,0,104,106,78,55,33,17,8,4,3,1,0
24,7,1,1102,1285,0,85,86,58,40,24,14,6,5,2,0,106,110,77,46,34,17,9,5,2,0,0
24,7,2,1102,1227,0,85,86,58,40,24,14,6,5,2,0,110,104,80,48,24,17,10,4,2,1,0
24,7,0,1175,1375,0,86,91,59,34,21,14,9,5,3,2,113,106,79,47,27,19,11,6,4,2,0
24,7,1,1175,1462,0,86,91,59,34,21,14,9,5,3,2,106,105,76,51,34,20,12,6,3,2,1
24,7,2,1175,1344,0,86,91,59,34,21,14,9,5,3,2,105,113,83,49,27,15,10,7,3,1,1
24,7,0,1113,1292,0,91,85,58,39,23,11,7,3,2,1,115,102,83,46,27,18,8,5,3,2,0
24,7,1,1113,1291,0,91,85,58,39,23,11,7,3,2,1,102,104,72,46,31,17,9,4,2,1,1
24,7,2,1113,1262,0,91,85,58,39,23,11,7,3,2,1,104,115,75,53,29,13,8,5,2,1,1
24,7,0,1148,1329,0,85,82,59,34,20,15,10,5,2,1,105,105,72,50,27,17,10,5,3,2,1
24,7,1,1148,1412,0,85,82,59,34,20,15,10,5,2,1,105,104,79,52,33,21,10,6,3,1,1
24,7,2,1148,1354,0,85,82,59,34,20,15,10,5,2,1,104,105,78,45,28,16,14,8,3,1,0
24,7,0,1191,1417,0,82,84,50,36,25,15,8,5,4,2,98,108,72,46,29,18,14,9,4,2,0
24,7,1,1191,1417,0,82,84,50,36,25,15,8,5,4,2,108,105,81,49,32,20,10,4,4,3,1
24,7,2,1191,1398,0,82,84,50,36,25,15,8,5,4,2,105,98,76,50,34,21,10,6,3,1,1
24,7,0,1147,1396,0,84,85,58,38,23,13,8,5,3,1,105,107,78,52,33,16,10,7,4,1,0
24,7,1,1147,1316,0,84,85,58,38,23,13,8,5,3,1,107,106,85,45,27,16,11,6,3,1,0
24,7,2,1147,1345,0,84,85,58,38,23,13,8,5,3,1,106,105,71,52,31,21,9,4,2,2,1
24,7,0,1248,1519,0,89,85,58,35,22,17,11,4,3,2,111,114,80,53,29,19,13,8,4,2,1
24,7,1,1248,1449,0,89,85,58,35,22,17,11,4,3,2,114,102,85,53,32,20,11,6,3,2,1
24,7,2,1248,1506,0,89,85,58,35,22,17,11,4,3,2,102,111,73,47,34,21,14,7,3,2,1
24,7,0,1156,1378,0,85,85,56,37,25,11,7,4,3,2,99,113,79,53,28,14,10,7,5,2,0
24,7,1,1156,1373,0,85,85,56,37,25,11,7,4,3,2,113,104,80,46,29,20,9,4,3,2,1
24,7,2,1156,1380,0,85,85,56,37,25,11,7,4,3,2,104,99,72,47,33,19,9,6,2,2,2
24,7,0,1170,1367,0,85,89,61,37,21,13,6,5,3,1,106,110,80,47,27,16,10,6,4,2,1
24,7,1,1170,1408,0,85,89,61,37,21,13,6,5,3,1,110,107,78,51,29,18,11,6,3,1,1
24,7,2,1170,1492,0,85,89,61,37,21,13,6,5,3,1,107,106,80,51,32,17,9,5,4,3,1
24,7,0,1260,1524,0,82,91,54,36,25,16,10,5,3,2,104,104,72,52,37,24,15,6,3,2,1
24,7,1,1260,1459,0,82,91,54,36,25,16,10,5,3,2,104,117,86,51,30,17,11,8,4,2,1
24,7,2,1260,1509,0,82,91,54,36,25,16,10,5,3,2,117,104,85,49,31,21,11,7,4,2,1
24,7,0,1293,1610,0,91,90,61,38,24,14,9,6,3,2,116,109,82,56,34,20,12,6,4,3,2
24,7,1,1293,1605,0,91,90,61,38,24,14,9,6,3,2,109,115,86,57,34,17,10,9,5,1,1
24,7,2,1293,1547,0,91,90,61,38,24,14,9,6,3,2,115,116,81,46,30,23,14,7,4,3,1
24,7,0,1354,1679,0,90,82,59,39,23,16,10,7,4,2,110,119,86,51,29,19,13,9,5,3,2
24,7,1,1354,1773,0,90,82,59,39,23,16,10,7,4,2,119,106,83,58,33,24,14,9,6,4,2
24,7,2,1354,1756,0,90,82,59,39,23,16,10,7,4,2,106,110,76,54,42,22,15,8,5,2,1
24,7,0,1219,1523,0,90,85,59,36,20,12,7,5,3,2,108,108,75,46,32,16,10,9,5,3,2
24,7,1,1219,1461,0,90,85,59,36,20,12,7,5,3,2,108,106,78,52,27,16,11,6,5,2,1
24,7,2,1219,1474,0,90,85,59,36,20,12,7,5,3,2,106,108,79,49,29,20,11,5,3,3,2
24,7,0,1185,1481,0,76,90,56,35,22,13,7,4,2,2,96,107,76,48,29,17,10,6,4,3,2
24,7,1,1185,1401,0,76,90,56,35,22,13,7,4,2,2,107,107,81,47,28,17,10,5,3,2,2
24,7,2,1185,1548,0,76,90,56,35,22,13,7,4,2,2,107,96,77,49,31,19,11,7,4,2,1
24,7,0,1225,1444,0,86,88,61,37,23,13,6,5,4,3,109,109,82,44,29,19,13,7,3,2,1
24,7,1,1225,1498,0,86,88,61,37,23,13,6,5,4,3,109,109,76,52,30,18,10,6,5,4,2
24,7,2,1225,1499,0,86,88,61,37,23,13,6,5,4,3,109,109,83,57,33,18,9,6,5,2,1
24,7,0,1215,1441,0,88,82,57,37,23,15,10,4,3,1,105,108,74,49,33,19,13,6,3,2,1
24,7,1,1215,1475,0,88,82,57,37,23,15,10,4,3,1,108,109,83,52,28,16,11,8,4,2,1
24,7,2,1215,1529,0,88,82,57,37,23,15,10,4,3,1,109,105,77,51,34,23,11,6,3,2,1
24,7,0,1221,1491,0,82,86,56,39,24,15,8,4,1,1,101,104,76,54,36,19,9,5,2,1,1
24,7,1,1221,1492,0,82,86,56,39,24,15,8,4,1,1,104,114,81,47,28,17,12,8,4,2,1
24,7,2,1221,1460,0,82,86,56,39,24,15,8,4,1,1,114,101,80,50,31,20,11,4,3,2,2
24,7,0,1187,1433,0,86,80,55,36,22,10,8,7,4,2,103,98,73,50,32,18,12,8,4,1,1
24,7,1,1187,1424,0,86,80,55,36,22,10,8,7,4,2,98,110,73,48,30,16,10,7,5,3,1
24,7,2,1187,1444,0,86,80,55,36,22,10,8,7,4,2,110,103,79,47,28,20,10,7,5,3,1
24,7,0,1149,1425,0,80,83,56,36,21,16,8,5,4,1,112,99,81,49,27,19,11,6,4,3,1
24,7,1,1149,1352,0,80,83,56,36,21,16,8,5,4,1,99,99,73,51,33,19,12,6,4,1,0
24,7,2,1149,1309,0,80,83,56,36,21,16,8,5,4,1,99,112,76,47,31,17,11,6,2,1,0
24,7,0,1210,1476,0,83,86,57,34,23,16,11,5,1,1,108,113,83,49,30,19,12,8,1,1,1
24,7,1,1210,1466,0,83,86,57,34,23,16,11,5,1,1,113,98,79,49,31,20,13,7,4,2,1
24,7,2,1210,1434,0,83,86,57,34,23,16,11,5,1,1,98,108,74,52,32,20,11,5,4,1,1
24,7,0,1147,1365,0,82,87,56,35,23,14,6,3,2,2,103,109,78,46,26,19,10,5,2,2,2
24,7,1,1147,1333,0,82,87,56,35,23,14,6,3,2,2,109,100,77,48,30,18,11,5,3,2,1
24,7,2,1147,1357,0,82,87,56,35,23,14,6,3,2,2,100,103,75,49,31,15,8,5,4,2,1
24,7,0,1157,1338,0,87,84,56,34,20,13,10,7,3,1,102,109,75,52,30,15,11,5,3,2,0
24,7,1,1157,1396,0,87,84,56,34,20,13,10,7,3,1,109,104,80,45,30,19,9,7,4,2,1
24,7,2,1157,1404,0,87,84,56,34,20,13,10,7,3,1,104,102,73,47,28,20,14,9,4,0,0
24,7,0,1152,1340,0,84,82,54,37,24,13,8,4,3,2,103,101,75,48,30,20,12,5,3,1,0
24,7,1,1152,1347,0,84,82,54,37,24,13,8,4,3,2,101,107,73,47,31,18,10,6,2,2,1
24,7,2,1152,1356,0,84,82,54,37,24,13,8,4,3,2,107,103,79,50,30,16,8,6,4,2,1
24,7,0,930,1128,0,69,84,50,28,20,12,4,3,1,1,96,88,74,42,23,13,7,4,1,1,1
24,7,1,930,1118,0,69,84,50,28,20,12,4,3,1,1,88,89,65,38,25,15,7,4,3,1,1
24,7,2,930,1044,0,69,84,50,28,20,12,4,3,1,1,89,96,65,40,22,14,8,2,2,1,0
24,7,0,870,939,0,84,77,53,30,16,10,7,3,1,0,93,96,66,34,19,11,7,4,1,0,0
24,7,1,870,1034,0,84,77,53,30,16,10,7,3,1,0,96,92,62,43,22,13,7,4,2,1,0
24,7,2,870,1045,0,84,77,53,30,16,10,7,3,1,0,92,93,69,43,26,13,7,3,1,0,0
24,7,0,890,966,0,77,69,49,38,21,10,4,1,1,1,93,89,67,44,26,11,3,2,1,0,0
24,7,1,890,1050,0,77,69,49,38,21,10,4,1,1,1,89,89,66,38,25,15,7,4,1,1,0
24,7,2,890,1013,0,77,69,49,38,21,10,4,1,1,1,89,93,61,43,25,12,7,1,1,1,1
24,7,0,875,988,0,81,74,47,25,16,12,7,3,1,0,86,86,58,38,20,12,10,5,1,0,0
24,7,1,875,974,0,81,74,47,25,16,12,7,3,1,0,86,94,64,42,21,12,6,3,2,0,0
24,7,2,875,969,0,81,74,47,25,16,12,7,3,1,0,94,86,63,31,23,15,7,3,1,1,0
24,7,0,833,923,0,74,70,47,34,18,8,5,2,1,0,83,89,62,37,21,8,6,3,1,1,0
24,7,1,833,932,0,74,70,47,34,18,8,5,2,1,0,89,87,62,40,21,11,4,3,2,0,0
24,7,2,833,954,0,74,70,47,34,18,8,5,2,1,0,87,83,61,38,26,15,6,2,0,0,0
24,7,0,834,933,0,70,81,51,29,17,9,3,1,1,1,90,90,69,38,19,9,4,2,1,1,1
24,7,1,834,908,0,70,81,51,29,17,9,3,1,1,1,90,83,66,36,19,11,6,3,1,0,0
24,7,2,834,907,0,70,81,51,29,17,9,3,1,1,1,83,90,58,38,23,12,5,1,1,1,0
24,7,0,891,1004,0,75,75,48,28,21,11,8,2,0,0,89,94,66,39,21,16,8,2,1,0,0
24,7,1,891,976,0,75,75,48,28,21,11,8,2,0,0,94,85,63,40,26,15,7,2,0,0,0
24,7,2,891,981,0,75,75,48,28,21,11,8,2,0,0,85,89,64,39,23,11,6,6,1,0,0
24,7,0,871,963,0,75,77,52,31,17,8,4,3,1,1,86,95,62,39,22,11,6,2,1,1,0
24,7,1,871,1004,0,75,77,52,31,17,8,4,3,1,1,95,88,68,39,22,12,5,3,1,1,1
24,7,2,871,968,0,75,77,52,31,17,8,4,3,1,1,88,86,64,39,21,11,6,4,3,0,0
24,7,0,948,1147,0,77,75,50,33,18,12,6,4,3,0,91,88,66,42,27,16,12,4,2,0,0
24,7,1,948,1073,0,77,75,50,33,18,12,6,4,3,0,88,99,65,39,24,12,7,4,2,2,0
24,7,2,948,1156,0,77,75,50,33,18,12,6,4,3,0,99,91,70,45,25,15,6,5,3,1,0
24,7,0,872,1046,0,77,76,49,32,18,7,4,3,1,1,84,91,68,40,23,10,7,4,3,1,0
24,7,1,872,988,0,77,76,49,32,18,7,4,3,1,1,91,94,61,33,20,13,6,2,1,1,1
24,7,2,872,1030,0,77,76,49,32,18,7,4,3,1,1,94,84,63,43,24,12,4,4,2,1,1
24,7,0,898,1071,0,76,72,51,31,17,10,4,4,3,0,95,88,65,41,25,15,8,4,2,0,0
24,7,1,898,1023,0,76,72,51,31,17,10,4,4,3,0,88,85,63,40,23,10,8,4,2,1,0
24,7,2,898,1030,0,76,72,51,31,17,10,4,4,3,0,85,95,64,39,21,13,5,3,3,2,0
24,7,0,848,995,0,72,77,46,24,16,11,8,2,1,1,91,81,67,39,23,14,7,1,1,1,1
24,7,1,848,962,0,72,77,46,24,16,11,8,2,1,1,81,86,55,34,22,13,7,6,1,0,0
24,7,2,848,1006,0,72,77,46,24,16,11,8,2,1,1,86,91,64,36,18,12,9,5,2,1,0
24,7,0,860,987,0,73,74,50,32,20,9,5,2,1,0,87,87,60,38,26,13,5,2,2,1,0
24,7,1,860,937,0,73,74,50,32,20,9,5,2,1,0,87,92,63,39,22,11,5,3,1,0,0
24,7,2,860,978,0,73,74,50,32,20,9,5,2,1,0,92,87,70,42,21,13,7,3,0,0,0
24,7,0,860,969,0,74,81,52,27,14,9,6,3,1,1,93,85,62,39,21,13,6,4,2,0,0
24,7,1,860,1014,0,74,81,52,27,14,9,6,3,1,1,85,90,67,39,22,12,8,4,1,1,0
24,7,2,860,962,0,74,81,52,27,14,9,6,3,1,1,90,93,65,35,18,9,6,3,2,1,1
24,7,0,906,1034,0,81,73,47,31,17,11,5,3,2,1,85,90,59,36,22,14,8,4,2,2,0
24,7,1,906,1095,0,81,73,47,31,17,11,5,3,2,1,90,96,63,44,24,12,7,3,3,1,1
24,7,2,906,1010,0,81,73,47,31,17,11,5,3,2,1,96,85,68,37,24,13,7,4,1,0,0
24,7,0,844,957,0,79,73,47,30,15,10,5,3,1,0,84,93,60,37,18,9,7,4,2,1,0
24,7,1,844,933,0,79,73,47,30,15,10,5,3,1,0,93,86,64,39,21,13,5,2,2,0,0
24,7,2,844,931,0,79,73,47,30,15,10,5,3,1,0,86,84,60,35,25,12,7,3,0,0,0
24,7,0,854,969,0,73,71,45,28,19,12,7,2,0,0,81,89,60,40,22,10,8,5,1,0,0
24,7,1,854,917,0,73,71,45,28,19,12,7,2,0,0,89,87,64,37,22,14,6,2,1,0,0
24,7,2,854,941,0,73,71,45,28,19,12,7,2,0,0,87,81,60,36,24,16,7,2,0,0,0
24,7,0,780,855,0,71,79,48,26,15,7,4,3,1,0,84,82,61,34,19,8,4,3,2,0,0
24,7,1,780,875,0,71,79,48,26,15,7,4,3,1,0,82,88,58,35,18,11,6,3,1,0,0
24,7,2,780,875,0,71,79,48,26,15,7,4,3,1,0,88,84,64,35,19,11,5,2,1,1,0
24,7,0,922,1004,0,76,76,53,33,17,10,6,4,1,0,96,87,69,43,24,13,6,3,1,0,0
24,7,1,922,1083,0,76,76,53,33,17,10,6,4,1,0,87,93,64,40,24,13,8,5,2,1,0
24,7,2,922,1019,0,76,76,53,33,17,10,6,4,1,0,93,96,67,41,23,12,7,3,2,0,0
24,7,0,905,1034,0,76,85,52,30,18,12,7,2,1,0,98,92,71,40,24,17,7,2,2,0,0
24,7,1,905,1005,0,76,85,52,30,18,12,7,2,1,0,92,93,64,38,26,12,7,4,0,0,0
24,7,2,905,1048,0,76,85,52,30,18,12,7,2,1,0,93,98,72,44,20,11,8,4,1,1,0
24,7,0,895,993,0,85,76,49,30,20,10,4,2,1,1,97,93,63,39,22,13,6,3,2,0,0
24,7,1,895,998,0,85,76,49,30,20,10,4,2,1,1,93,88,66,41,25,13,6,2,1,1,0
24,7,2,895,981,0,85,76,49,30,20,10,4,2,1,1,88,97,64,37,21,12,6,3,1,1,1
24,7,0,915,1075,0,72,76,46,29,18,11,6,4,1,1,88,86,61,37,24,15,8,4,2,1,1
24,7,1,915,1038,0,72,76,46,29,18,11,6,4,1,1,86,90,65,42,24,12,8,4,2,0,0
24,7,2,915,1039,0,72,76,46,29,18,11,6,4,1,1,90,88,66,37,22,14,7,4,2,1,0
24,7,0,929,1071,0,76,79,51,31,16,9,5,2,2,1,90,91,66,41,22,10,6,3,2,2,1
24,7,1,929,1029,0,76,79,51,31,16,9,5,2,2,1,91,92,67,40,22,13,6,3,2,1,1
24,7,2,929,1066,0,76,79,51,31,16,9,5,2,2,1,92,90,64,37,23,13,8,5,2,1,0
24,7,0,816,956,0,79,72,50,30,18,9,4,2,1,0,87,94,63,38,20,12,6,4,1,0,0
24,7,1,816,931,0,79,72,50,30,18,9,4,2,1,0,94,84,65,37,21,12,6,1,1,1,0
24,7,2,816,870,0,79,72,50,30,18,9,4,2,1,0,84,87,58,39,23,10,4,2,1,0,0
24,7,0,1019,1160,0,80,72,53,28,20,14,7,4,2,1,93,96,69,47,25,15,8,5,2,1,0
24,7,1,1019,1278,0,80,72,53,28,20,14,7,4,2,1,96,93,69,39,26,19,11,5,2,2,1
24,7,2,1019,1224,0,80,72,53,28,20,14,7,4,2,1,93,93,64,44,26,15,10,5,4,1,1
24,7,0,956,1105,0,72,79,45,30,19,8,6,4,3,2,85,90,60,40,24,16,8,4,3,2,0
24,7,1,956,1157,0,72,79,45,30,19,8,6,4,3,2,90,93,65,38,27,14,7,5,2,2,2
24,7,2,956,1097,0,72,79,45,30,19,8,6,4,3,2,93,85,71,39,21,12,8,6,4,1,0
24,7,0,1010,1211,0,79,80,57,35,17,9,5,3,2,1,106,88,73,43,26,14,8,4,3,1,1
24,7,1,1010,1190,0,79,80,57,35,17,9,5,3,2,1,88,96,67,44,26,13,7,4,2,1,1
24,7,2,1010,1208,0,79,80,57,35,17,9,5,3,2,1,96,106,71,44,22,12,7,5,3,3,1
24,7,0,1053,1285,0,85,77,53,34,20,12,7,3,2,1,99,99,73,42,27,16,8,5,3,1,1
24,7,1,1053,1236,0,85,77,53,34,20,12,7,3,2,1,99,98,67,44,24,17,10,5,2,2,1
24,7,2,1053,1306,0,85,77,53,34,20,12,7,3,2,1,98,99,71,48,30,14,9,5,3,2,1
24,7,0,1081,1302,0,77,84,53,34,20,12,6,3,1,1,103,95,76,46,26,15,8,4,3,2,2
24,7,1,1081,1325,0,77,84,53,34,20,12,6,3,1,1,95,96,70,44,29,16,7,5,2,1,1
24,7,2,1081,1293,0,77,84,53,34,20,12,6,3,1,1,96,103,71,43,25,15,11,5,3,2,1
24,7,0,1076,1243,0,84,85,55,32,20,11,7,4,2,2,102,100,75,41,25,16,8,6,3,1,1
24,7,1,1076,1274,0,84,85,55,32,20,11,7,4,2,2,100,101,67,45,27,17,11,5,3,2,1
24,7,2,1076,1270,0,84,85,55,32,20,11,7,4,2,2,101,102,77,48,27,14,8,5,3,2,1
24,7,0,1013,1194,0,81,81,56,34,20,11,6,4,2,1,98,101,72,44,24,16,8,5,3,1,0
24,7,1,1013,1191,0,81,81,56,34,20,11,6,4,2,1,101,97,74,46,27,15,8,3,2,1,1
24,7,2,1013,1144,0,81,81,56,34,20,11,6,4,2,1,97,98,69,44,27,13,8,5,2,1,0
24,7,0,1111,1333,0,81,77,51,31,21,14,7,4,3,1,94,101,71,44,27,17,11,5,4,2,1
24,7,1,1111,1324,0,81,77,51,31,21,14,7,4,3,1,101,97,73,46,26,17,11,5,2,1,1
24,7,2,1111,1352,0,81,77,51,31,21,14,7,4,3,1,97,94,67,44,30,18,9,7,4,3,1
24,7,0,1054,1259,0,77,81,52,33,19,12,8,4,2,1,93,98,72,45,29,16,10,5,1,1,1
24,7,1,1054,1230,0,77,81,52,33,19,12,8,4,2,1,98,99,71,43,24,14,9,6,3,2,1
24,7,2,1054,1229,0,77,81,52,33,19,12,8,4,2,1,99,93,70,44,27,17,9,5,4,1,0
24,7,0,1038,1203,0,81,78,55,36,18,9,7,5,3,1,100,96,71,46,27,15,10,7,2,0,0
24,7,1,1038,1195,0,81,78,55,36,18,9,7,5,3,1,96,97,70,44,27,13,8,4,4,3,0
24,7,2,1038,1183,0,81,78,55,36,18,9,7,5,3,1,97,100,71,44,25,15,7,5,3,1,1
24,7,0,1028,1176,0,78,81,53,29,19,13,7,4,3,1,97,96,70,42,25,16,8,5,3,2,0
24,7,1,1028,1217,0,78,81,53,29,19,13,7,4,3,1,96,95,69,44,25,16,11,6,3,1,0
24,7,2,1028,1187,0,78,81,53,29,19,13,7,4,3,1,95,97,71,43,26,15,9,4,2,1,1
24,7,0,1030,1188,0,81,81,49,30,20,12,8,5,1,1,95,97,68,41,26,17,9,6,1,1,1
24,7,1,1030,1232,0,81,81,49,30,20,12,8,5,1,1,97,97,70,44,26,16,10,6,4,1,0
24,7,2,1030,1227,0,81,81,49,30,20,12,8,5,1,1,97,95,70,42,26,15,9,4,3,1,1
24,7,0,956,1069,0,76,79,51,30,20,11,7,2,2,1,96,88,67,41,26,15,7,4,2,0,0
24,7,1,956,1082,0,76,79,51,30,20,11,7,2,2,1,88,95,68,42,23,14,9,5,1,1,0
24,7,2,956,1112,0,76,79,51,30,20,11,7,2,2,1,95,96,68,41,24,14,7,3,2,2,1
24,7,0,938,1083,0,79,82,51,31,17,10,5,3,1,1,95,90,69,39,25,14,6,4,2,1,1
24,7,1,938,1066,0,79,82,51,31,17,10,5,3,1,1,90,96,64,41,22,12,7,4,3,1,0
24,7,2,938,1087,0,79,82,51,31,17,10,5,3,1,1,96,95,69,40,22,12,8,3,1,1,1
24,7,0,975,1115,0,82,76,54,33,19,10,5,4,2,1,95,101,67,43,23,13,6,3,2,2,1
24,7,1,975,1096,0,82,76,54,33,19,10,5,4,2,1,101,90,72,45,25,15,7,5,2,0,0
24,7,2,975,1114,0,82,76,54,33,19,10,5,4,2,1,90,95,65,40,26,13,9,4,3,1,0
24,7,0,901,1019,0,80,78,52,31,17,11,4,2,1,1,90,98,66,35,20,12,5,4,2,1,1
24,7,1,901,1001,0,80,78,52,31,17,11,4,2,1,1,98,89,65,39,21,15,9,2,1,0,0
24,7,2,901,965,0,80,78,52,31,17,11,4,2,1,1,89,90,66,45,26,9,5,2,1,1,0
24,7,0,863,942,0,78,78,50,29,20,10,4,2,1,0,88,91,61,41,21,11,6,3,1,0,0
24,7,1,863,944,0,78,78,50,29,20,10,4,2,1,0,91,93,70,40,23,12,4,1,1,1,0
24,7,2,863,968,0,78,78,50,29,20,10,4,2,1,0,93,88,63,35,22,14,7,3,1,0,0
24,7,0,847,918,0,78,80,50,33,17,7,4,2,1,0,87,88,64,38,24,11,3,3,2,0,0
24,7,1,847,903,0,78,80,50,33,17,7,4,2,1,0,88,97,62,35,19,12,8,2,0,0,0
24,7,2,847,911,0,78,80,50,33,17,7,4,2,1,0,97,87,68,41,21,8,3,2,1,1,0
24,7,0,862,1033,0,76,78,48,28,17,11,6,3,2,0,90,87,67,41,24,13,8,4,2,0,0
24,7,1,862,947,0,76,78,48,28,17,11,6,3,2,0,87,92,62,34,21,12,7,3,1,1,0
24,7,2,862,1050,0,76,78,48,28,17,11,6,3,2,0,92,90,64,40,22,14,7,4,2,1,0
24,7,0,901,1001,0,78,79,50,32,18,9,6,3,1,0,98,93,68,41,22,13,7,3,1,0,0
24,7,1,901,993,0,78,79,50,32,18,9,6,3,1,0,93,85,66,40,25,12,6,4,1,0,0
24,7,2,901,1009,0,78,79,50,32,18,9,6,3,1,0,85,98,64,38,22,12,6,3,2,1,0
24,7,0,937,1061,0,79,76,54,32,17,11,6,3,1,1,94,95,70,42,24,12,6,4,1,1,1
24,7,1,937,1060,0,79,76,54,32,17,11,6,3,1,1,95,91,65,41,24,14,8,4,3,0,0
24,7,2,937,1027,0,79,76,54,32,17,11,6,3,1,1,91,94,66,42,23,13,8,3,1,1,0
24,7,0,1048,1237,0,81,80,52,28,21,12,8,5,3,1,102,94,74,44,27,19,8,5,2,1,1
24,7,1,1048,1248,0,81,80,52,28,21,12,8,5,3,1,94,95,69,43,27,16,11,7,3,1,0
24,7,2,1048,1218,0,81,80,52,28,21,12,8,5,3,1,95,102,67,43,24,15,10,5,4,2,0
24,7,0,1034,1196,0,80,85,53,36,18,11,7,2,1,1,97,101,73,38,26,15,7,4,2,1,1
24,7,1,1034,1194,0,80,85,53,36,18,11,7,2,1,1,101,98,70,45,24,15,8,4,2,2,1
24,7,2,1034,1229,0,80,85,53,36,18,11,7,2,1,1,98,97,73,48,28,12,9,5,2,1,1
24,7,0,1072,1301,0,85,81,58,36,23,14,6,4,1,1,104,101,76,48,30,16,10,5,2,1,1
24,7,1,1072,1206,0,85,81,58,36,23,14,6,4,1,1,101,105,76,48,27,15,8,4,2,1,0
24,7,2,1072,1335,0,85,81,58,36,23,14,6,4,1,1,105,104,73,48,29,19,9,4,3,1,1
24,7,0,1056,1238,0,84,87,53,32,19,12,5,3,3,2,98,100,72,40,24,15,10,4,3,2,1
24,7,1,1056,1245,0,84,87,53,32,19,12,5,3,3,2,100,103,72,45,26,15,8,5,2,2,2
24,7,2,1056,1240,0,84,87,53,32,19,12,5,3,3,2,103,98,73,45,27,15,8,5,4,2,0
24,7,0,1042,1174,0,87,79,54,38,22,12,7,4,2,0,101,104,73,44,28,14,8,5,2,0,0
24,7,1,1042,1196,0,87,79,54,38,22,12,7,4,2,0,104,100,77,48,25,15,9,4,2,1,0
24,7,2,1042,1232,0,87,79,54,38,22,12,7,4,2,0,100,101,68,47,32,18,8,4,2,1,0
24,7,0,1062,1189,0,79,84,58,32,19,11,8,5,2,1,96,100,76,48,27,15,8,5,2,1,0
24,7,1,1062,1199,0,79,84,58,32,19,11,8,5,2,1,100,103,74,42,23,16,10,6,3,1,0
24,7,2,1062,1234,0,79,84,58,32,19,11,8,5,2,1,103,96,70,46,28,15,9,5,3,1,1
24,7,0,1022,1223,0,83,81,53,33,20,9,7,5,3,1,97,100,71,41,25,14,8,5,4,2,1
24,7,1,1022,1137,0,83,81,53,33,20,9,7,5,3,1,100,98,69,46,25,16,8,5,2,0,0
24,7,2,1022,1256,0,83,81,53,33,20,9,7,5,3,1,98,97,72,44,28,15,9,6,3,2,0
24,7,0,1025,1216,0,81,80,54,32,17,11,7,5,3,1,102,97,76,46,21,14,11,6,3,1,0
24,7,1,1025,1201,0,81,80,54,32,17,11,7,5,3,1,97,92,70,43,28,15,7,4,3,2,1
24,7,2,1025,1189,0,81,80,54,32,17,11,7,5,3,1,92,102,64,41,27,15,9,6,3,1,0
24,7,0,1059,1267,0,80,83,51,33,20,13,7,3,2,2,96,103,75,42,27,14,8,5,4,2,1
24,7,1,1059,1228,0,80,83,51,33,20,13,7,3,2,2,103,96,68,41,24,18,11,5,2,1,1
24,7,2,1059,1264,0,80,83,51,33,20,13,7,3,2,2,96,96,72,49,30,16,9,5,2,2,1
24,7,0,1096,1319,0,82,79,54,35,21,11,5,4,2,1,101,98,74,46,28,16,9,5,3,2,2
24,7,1,1096,1387,0,82,79,54,35,21,11,5,4,2,1,98,98,74,47,27,14,8,5,4,2,1
24,7,2,1096,1317,0,82,79,54,35,21,11,5,4,2,1,98,101,67,43,27,17,9,5,3,2,1
24,7,0,1083,1279,0,79,82,53,33,19,10,7,5,3,2,94,104,74,42,24,15,9,6,4,2,1
24,7,1,1083,1310,0,79,82,53,33,19,10,7,5,3,2,104,96,73,47,24,17,10,6,4,2,1
24,7,2,1083,1280,0,79,82,53,33,19,10,7,5,3,2,96,94,68,44,32,15,9,6,3,2,1
24,7,0,1086,1271,0,82,82,53,32,19,12,7,3,3,2,94,103,73,46,26,14,9,6,3,2,1
24,7,1,1086,1340,0,82,82,53,32,19,12,7,3,3,2,103,100,73,45,26,16,9,6,4,3,1
24,7,2,1086,1384,0,82,82,53,32,19,12,7,3,3,2,100,94,69,42,28,18,11,5,3,2,2
24,7,0,1059,1245,0,75,79,52,32,20,12,8,4,1,1,100,92,73,43,25,15,10,6,2,1,1
24,7,1,1059,1292,0,75,79,52,32,20,12,8,4,1,1,92,94,69,46,29,17,9,5,2,1,1
24,7,2,1059,1253,0,75,79,52,32,20,12,8,4,1,1,94,100,69,43,26,16,9,5,4,2,1
24,7,0,1080,1281,0,79,88,52,34,19,12,7,4,3,1,96,103,73,42,26,15,10,6,2,2,1
24,7,1,1080,1307,0,79,88,52,34,19,12,7,4,3,1,103,101,73,44,26,16,10,5,4,2,1
24,7,2,1080,1225,0,79,88,52,34,19,12,7,4,3,1,101,96,75,47,29,16,8,5,3,1,0
24,7,0,1017,1171,0,88,75,56,34,21,12,6,3,2,1,100,99,69,46,27,16,8,3,1,1,1
24,7,1,1017,1164,0,88,75,56,34,21,12,6,3,2,1,99,99,73,45,26,14,9,5,2,1,0
24,7,2,1017,1158,0,88,75,56,34,21,12,6,3,2,1,99,100,68,44,26,15,7,4,3,1,0
24,7,0,1025,1174,0,82,82,51,33,19,13,7,4,2,1,99,98,73,45,25,15,9,4,2,1,0
24,7,1,1025,1174,0,82,82,51,33,19,13,7,4,2,1,98,97,69,41,27,16,9,5,2,1,0
24,7,2,1025,1220,0,82,82,51,33,19,13,7,4,2,1,97,99,70,44,27,15,9,5,3,1,1
24,7,0,1050,1211,0,82,80,52,32,21,13,8,3,2,1,100,92,71,43,29,18,9,5,1,1,1
24,7,1,1050,1231,0,82,80,52,32,21,13,8,3,2,1,92,103,63,42,28,15,10,6,3,2,0
24,7,2,1050,1266,0,82,80,52,32,21,13,8,3,2,1,103,100,79,48,24,16,9,4,3,1,1
24,7,0,1011,1146,0,80,82,55,31,18,10,7,5,2,1,106,90,69,41,25,16,9,4,2,2,0
24,7,1,1011,1207,0,80,82,55,31,18,10,7,5,2,1,90,95,67,46,28,13,8,6,3,1,1
24,7,2,1011,1119,0,80,82,55,31,18,10,7,5,2,1,95,106,75,42,21,14,8,5,3,0,0
24,7,0,1006,1199,0,73,79,54,34,19,10,6,4,2,1,96,92,72,42,26,16,8,6,3,1,1
24,7,1,1006,1160,0,73,79,54,34,19,10,6,4,2,1,92,95,65,41,26,16,10,4,3,1,0
24,7,2,1006,1182,0,73,79,54,34,19,10,6,4,2,1,95,96,73,48,25,11,6,4,2,2,1
24,7,0,1010,1219,0,79,82,53,28,19,14,7,5,2,1,98,96,66,45,26,19,9,4,2,2,1
24,7,1,1010,1212,0,79,82,53,28,19,14,7,5,2,1,96,96,72,44,27,15,11,6,3,0,0
24,7,2,1010,1145,0,79,82,53,28,19,14,7,5,2,1,96,98,73,40,23,14,9,5,3,1,0
24,7,0,1044,1279,0,82,73,47,33,21,11,8,4,2,2,95,92,66,42,29,19,9,5,2,2,1
24,7,1,1044,1284,0,82,73,47,33,21,11,8,4,2,2,92,97,66,43,27,16,10,6,3,2,2
24,7,2,1044,1182,0,82,73,47,33,21,11,8,4,2,2,97,95,70,44,26,14,9,6,4,1,0
24,7,0,1043,1217,0,72,82,49,32,21,13,6,3,2,1,93,99,68,45,26,14,8,5,3,2,1
24,7,1,1043,1280,0,72,82,49,32,21,13,6,3,2,1,99,91,75,42,28,17,8,4,3,2,1
24,7,2,1043,1277,0,72,82,49,32,21,13,6,3,2,1,91,93,68,42,26,17,11,5,2,1,1
24,7,0,1014,1189,0,82,78,55,32,18,10,7,4,2,1,98,94,72,46,26,14,7,5,4,1,0
24,7,1,1014,1214,0,82,78,55,32,18,10,7,4,2,1,94,98,68,39,27,17,10,5,1,1,1
24,7,2,1014,1140,0,82,78,55,32,18,10,7,4,2,1,98,98,68,45,22,12,8,5,3,2,1
24,7,0,980,1153,0,78,72,51,32,19,11,5,3,3,2,95,92,66,40,25,17,10,5,3,1,0
24,7,1,980,1131,0,78,72,51,32,19,11,5,3,3,2,92,89,65,43,28,13,8,3,2,2,1
24,7,2,980,1117,0,78,72,51,32,19,11,5,3,3,2,89,95,67,43,22,13,6,5,3,2,1
24,7,0,1045,1207,0,82,74,50,29,21,14,9,6,2,0,94,96,65,48,28,17,10,4,2,1,0
24,7,1,1045,1225,0,82,74,50,29,21,14,9,6,2,0,96,97,72,42,27,16,9,7,3,1,0
24,7,2,1045,1235,0,82,74,50,29,21,14,9,6,2,0,97,94,68,41,26,19,12,6,3,0,0
24,7,0,1013,1212,0,74,84,50,32,19,11,9,4,2,1,95,94,69,44,28,15,8,5,3,1,1
24,7,1,1013,1145,0,74,84,50,32,19,11,9,4,2,1,94,97,70,42,26,16,9,5,2,0,0
24,7,2,1013,1206,0,74,84,50,32,19,11,9,4,2,1,97,95,73,42,24,15,10,6,2,2,0
24,7,0,1062,1209,0,84,82,58,35,19,12,6,4,3,1,104,102,73,46,24,14,10,5,3,1,0
24,7,1,1062,1221,0,84,82,58,35,19,12,6,4,3,1,102,98,75,48,29,16,7,3,3,2,0
24,7,2,1062,1227,0,84,82,58,35,19,12,6,4,3,1,98,104,72,44,27,15,9,6,2,1,1
24,7,0,1156,1402,0,81,79,51,35,21,13,9,3,3,2,102,95,71,49,31,17,8,6,3,2,2
24,7,1,1156,1387,0,81,79,51,35,21,13,9,3,3,2,95,102,75,47,30,18,11,8,3,2,1
24,7,2,1156,1374,0,81,79,51,35,21,13,9,3,3,2,102,102,72,43,27,18,13,5,4,3,1
24,7,0,1133,1364,0,79,79,54,36,24,15,7,5,2,1,101,101,76,46,27,18,12,7,4,1,1
24,7,1,1133,1320,0,79,79,54,36,24,15,7,5,2,1,101,101,73,52,31,19,9,3,3,2,0
24,7,2,1133,1361,0,79,79,54,36,24,15,7,5,2,1,101,101,75,47,33,18,10,6,2,1,1
24,7,0,1132,1333,0,79,81,53,31,21,13,11,7,3,1,99,106,76,46,26,15,10,8,5,1,0
24,7,1,1132,1347,0,79,81,53,31,21,13,11,7,3,1,106,95,77,48,28,21,13,7,3,1,0
24,7,2,1132,1395,0,79,81,53,31,21,13,11,7,3,1,95,99,68,46,33,20,12,7,3,2,1
24,7,0,1098,1304,0,82,81,56,34,26,14,5,4,2,1,98,107,73,50,30,18,9,4,2,1,1
24,7,1,1098,1295,0,82,81,56,34,26,14,5,4,2,1,107,101,80,47,28,17,9,5,2,1,1
24,7,2,1098,1286,0,82,81,56,34,26,14,5,4,2,1,101,98,71,46,29,18,9,4,4,2,0
24,7,0,1089,1279,0,81,83,58,35,19,13,10,6,2,0,102,98,78,48,28,14,12,6,2,1,0
24,7,1,1089,1252,0,81,83,58,35,19,13,10,6,2,0,98,107,71,48,27,17,7,5,4,1,0
24,7,2,1089,1321,0,81,83,58,35,19,13,10,6,2,0,107,102,77,47,30,19,12,7,2,0,0
24,7,0,1097,1244,0,83,82,55,39,25,14,7,2,2,2,108,103,79,47,27,16,8,4,2,1,1
24,7,1,1097,1317,0,83,82,55,39,25,14,7,2,2,2,103,100,72,50,31,19,10,6,2,1,0
24,7,2,1097,1315,0,83,82,55,39,25,14,7,2,2,2,100,108,77,49,33,17,9,3,2,2,1
24,7,0,1072,1280,0,87,77,54,33,18,13,8,5,3,1,102,99,74,42,26,17,10,7,4,1,0
24,7,1,1072,1250,0,87,77,54,33,18,13,8,5,3,1,99,98,69,47,25,18,12,4,2,1,1
24,7,2,1072,1245,0,87,77,54,33,18,13,8,5,3,1,98,102,69,46,30,13,8,6,3,2,0
24,7,0,1112,1281,0,77,83,52,40,24,16,7,3,1,1,96,105,74,46,31,18,11,4,2,1,0
24,7,1,1112,1313,0,77,83,52,40,24,16,7,3,1,1,105,104,77,51,30,16,8,4,2,1,1
24,7,2,1112,1336,0,77,83,52,40,24,16,7,3,1,1,104,96,77,48,32,19,10,5,2,1,1
24,7,0,1115,1275,0,83,87,60,34,22,11,7,5,3,1,104,102,78,48,30,16,8,5,2,1,1
24,7,1,1115,1287,0,83,87,60,34,22,11,7,5,3,1,102,107,76,46,25,16,11,7,3,1,0
24,7,2,1115,1295,0,83,87,60,34,22,11,7,5,3,1,107,104,76,49,28,17,8,4,4,2,0
24,7,0,1379,1771,0,82,91,59,35,23,14,9,7,4,3,113,108,79,52,33,22,14,9,7,4,1
24,7,1,1379,1813,0,82,91,59,35,23,14,9,7,4,3,108,110,84,56,35,20,13,8,6,4,3
24,7,2,1379,1687,0,82,91,59,35,23,14,9,7,4,3,110,113,86,50,31,22,14,10,5,3,3
24,7,0,1319,1637,0,91,85,58,35,20,13,10,7,5,2,107,109,77,47,32,20,14,11,5,3,2
24,7,1,1319,1658,0,91,85,58,35,20,13,10,7,5,2,109,113,80,52,30,19,14,9,6,3,1
24,7,2,1319,1661,0,91,85,58,35,20,13,10,7,5,2,113,107,81,54,33,21,12,7,6,4,2
24,7,0,1325,1648,0,82,79,53,35,25,15,10,7,4,3,102,106,78,53,32,19,13,9,6,4,2
24,7,1,1325,1753,0,82,79,53,35,25,15,10,7,4,3,106,108,81,54,32,24,14,10,6,3,2
24,7,2,1325,1680,0,82,79,53,35,25,15,10,7,4,3,108,102,75,48,38,24,15,8,5,3,2
24,7,0,1232,1561,0,79,82,52,35,22,13,9,5,4,2,97,105,76,49,32,18,12,8,5,3,1
24,7,1,1232,1508,0,79,82,52,35,22,13,9,5,4,2,105,104,75,45,29,20,12,7,5,3,2
24,7,2,1232,1641,0,79,82,52,35,22,13,9,5,4,2,104,97,76,51,32,20,12,8,4,3,2
24,7,0,1290,1599,0,82,82,57,36,21,15,9,6,3,3,113,104,82,55,32,19,12,8,6,4,2
24,7,1,1290,1574,0,82,82,57,36,21,15,9,6,3,3,104,100,79,49,34,22,12,7,5,2,2
24,7,2,1290,1633,0,82,82,57,36,21,15,9,6,3,3,100,113,74,49,30,19,15,9,4,3,2
24,7,0,1157,1375,0,87,83,54,31,19,13,10,5,3,1,99,110,70,47,28,17,12,7,3,2,1
24,7,1,1157,1407,0,87,83,54,31,19,13,10,5,3,1,110,99,79,45,28,18,11,6,4,3,1
24,7,2,1157,1433,0,87,83,54,31,19,13,10,5,3,1,99,99,72,46,28,18,11,8,4,1,1
24,7,0,1187,1491,0,83,80,57,37,19,12,7,4,3,2,102,100,75,52,33,16,9,5,4,2,1
24,7,1,1187,1450,0,83,80,57,37,19,12,7,4,3,2,100,105,76,43,29,18,11,7,3,3,2
24,7,2,1187,1455,0,83,80,57,37,19,12,7,4,3,2,105,102,73,49,25,16,11,7,5,3,2
24,7,0,1186,1472,0,80,87,50,34,23,15,8,6,3,2,105,100,75,45,32,22,14,6,4,2,1
24,7,1,1186,1402,0,80,87,50,34,23,15,8,6,3,2,100,104,74,49,32,18,11,6,4,2,1
24,7,2,1186,1460,0,80,87,50,34,23,15,8,6,3,2,104,105,80,48,28,18,10,8,4,2,1
24,7,0,1223,1462,0,87,76,51,35,24,16,11,5,3,2,106,98,74,50,35,22,12,6,2,2,2
24,7,1,1223,1484,0,87,76,51,35,24,16,11,5,3,2,98,107,73,48,29,18,13,11,6,2,0
24,7,2,1223,1488,0,87,76,51,35,24,16,11,5,3,2,107,106,77,50,33,22,13,5,3,2,1
24,7,0,1254,1544,0,76,85,54,39,25,12,9,6,3,2,105,106,76,51,34,20,9,6,3,3,2
24,7,1,1254,1521,0,76,85,54,39,25,12,9,6,3,2,106,102,82,51,33,19,10,10,6,2,1
24,7,2,1254,1516,0,76,85,54,39,25,12,9,6,3,2,102,105,79,50,31,20,15,6,4,2,1
24,7,0,1251,1528,0,85,87,60,31,21,15,9,7,4,2,108,107,80,49,28,17,12,9,6,3,1
24,7,1,1251,1510,0,85,87,60,31,21,15,9,7,4,2,107,107,81,51,30,22,11,6,5,3,1
24,7,2,1251,1513,0,85,87,60,31,21,15,9,7,4,2,107,108,76,50,32,20,15,8,3,1,1
24,7,0,1134,1411,0,84,85,60,37,20,12,7,5,4,2,105,104,75,51,31,18,11,5,3,3,1
24,7,1,1134,1371,0,84,85,60,37,20,12,7,5,4,2,104,107,81,50,31,14,9,6,4,2,1
24,7,2,1134,1307,0,84,85,60,37,20,12,7,5,4,2,107,105,76,46,25,18,10,7,4,1,0
24,7,0,1193,1456,0,85,87,58,35,22,14,7,3,3,2,106,108,80,47,27,17,12,6,3,2,1
24,7,1,1193,1419,0,85,87,58,35,22,14,7,3,3,2,108,104,79,51,28,18,10,5,3,3,2
24,7,2,1193,1423,0,85,87,58,35,22,14,7,3,3,2,104,106,74,48,33,18,9,6,4,2,1
24,7,0,1131,1390,0,87,84,56,35,21,11,7,5,2,2,101,110,78,48,28,15,11,7,4,2,1
24,7,1,1131,1312,0,87,84,56,35,21,11,7,5,2,2,110,101,78,46,26,16,8,5,4,2,1
24,7,2,1131,1393,0,87,84,56,35,21,11,7,5,2,2,101,101,69,47,31,19,10,6,3,2,2
24,7,0,1282,1546,0,86,89,58,36,23,14,10,5,4,4,109,111,79,47,32,20,11,8,6,4,1
24,7,1,1282,1649,0,86,89,58,36,23,14,10,5,4,4,111,110,84,54,30,21,14,8,4,3,3
24,7,2,1282,1556,0,86,89,58,36,23,14,10,5,4,4,110,109,81,54,35,20,13,8,4,2,1
24,7,0,1313,1668,0,89,81,57,36,24,14,7,6,5,3,101,108,74,50,35,24,14,10,6,2,1
24,7,1,1313,1606,0,89,81,57,36,24,14,7,6,5,3,108,116,83,51,29,17,14,7,5,4,2
24,7,2,1313,1668,0,89,81,57,36,24,14,7,6,5,3,116,101,79,54,34,21,10,7,6,5,3
24,7,0,1338,1708,0,81,86,59,38,22,14,10,8,4,1,105,108,77,58,37,19,13,8,6,4,2
24,7,1,1338,1686,0,81,86,59,38,22,14,10,8,4,1,108,113,88,53,31,19,12,9,6,1,1
24,7,2,1338,1668,0,81,86,59,38,22,14,10,8,4,1,113,105,80,48,32,24,15,9,4,3,1
24,7,0,1335,1668,0,83,85,57,39,23,15,10,5,4,3,107,111,81,49,30,19,15,11,6,2,1
24,7,1,1335,1646,0,83,85,57,39,23,15,10,5,4,3,111,109,80,56,34,22,13,6,4,4,2
24,7,2,1335,1704,0,83,85,57,39,23,15,10,5,4,3,109,107,83,54,38,22,12,8,5,4,3
24,7,0,1318,1594,0,85,83,58,38,23,15,9,6,3,2,107,112,82,52,34,22,11,8,4,2,2
24,7,1,1318,1679,0,85,83,58,38,23,15,9,6,3,2,112,106,78,49,33,22,16,8,4,2,1
24,7,2,1318,1623,0,85,83,58,38,23,15,9,6,3,2,106,107,80,56,32,17,11,7,6,4,2
24,7,0,1166,1451,0,80,91,54,33,21,14,8,5,4,2,111,103,85,50,28,17,11,5,4,3,1
24,7,1,1166,1380,0,80,91,54,33,21,14,8,5,4,2,103,99,75,44,30,21,9,7,3,2,2
24,7,2,1166,1448,0,80,91,54,33,21,14,8,5,4,2,99,111,73,48,30,17,14,8,5,2,0
24,7,0,1203,1463,0,91,82,59,35,23,16,9,5,2,1,111,110,82,48,28,18,14,7,4,1,1
24,7,1,1203,1444,0,91,82,59,35,23,16,9,5,2,1,110,104,73,50,32,20,9,5,3,2,1
24,7,2,1203,1475,0,91,82,59,35,23,16,9,5,2,1,104,111,79,54,33,20,12,7,3,2,1
24,7,0,1192,1428,0,82,80,52,34,21,14,11,6,3,2,104,101,75,47,31,18,11,8,4,1,1
24,7,1,1192,1482,0,82,80,52,34,21,14,11,6,3,2,101,101,73,48,29,20,14,10,4,2,1
24,7,2,1192,1451,0,82,80,52,34,21,14,11,6,3,2,101,104,76,49,32,20,12,5,4,3,1
24,7,0,1214,1506,0,85,89,56,35,25,14,10,5,2,1,113,103,83,53,34,23,11,6,4,1,1
24,7,1,1214,1472,0,85,89,56,35,25,14,10,5,2,1,103,108,78,44,32,19,13,7,2,1,1
24,7,2,1214,1452,0,85,89,56,35,25,14,10,5,2,1,108,113,78,53,28,17,10,7,4,3,1
24,7,0,1216,1525,0,89,88,60,41,21,11,7,5,4,3,113,109,79,48,34,21,12,6,3,2,2
24,7,1,1216,1442,0,89,88,60,41,21,11,7,5,4,3,109,108,79,52,30,14,10,7,5,3,1
24,7,2,1216,1469,0,89,88,60,41,21,11,7,5,4,3,108,113,83,53,29,17,9,7,5,3,1
24,7,0,1226,1504,0,88,85,61,37,23,16,6,5,4,2,112,107,81,51,33,19,11,5,3,3,2
24,7,1,1226,1491,0,88,85,61,37,23,16,6,5,4,2,107,109,81,53,30,18,11,8,5,2,1
24,7,2,1226,1419,0,88,85,61,37,23,16,6,5,4,2,109,112,78,51,31,20,12,5,4,2,0
24,7,0,1069,1215,0,86,83,54,36,21,13,8,3,2,1,103,101,72,45,28,16,8,6,2,1,0
24,7,1,1069,1228,0,86,83,54,36,21,13,8,3,2,1,101,103,76,47,28,16,10,4,2,1,0
24,7,2,1069,1236,0,86,83,54,36,21,13,8,3,2,1,103,103,73,46,28,16,9,4,2,1,1
24,7,0,1141,1300,0,83,78,57,37,23,15,7,3,2,2,98,106,72,49,30,17,10,6,2,2,1
24,7,1,1141,1366,0,83,78,57,37,23,15,7,3,2,2,106,104,80,49,29,18,11,4,3,2,1
24,7,2,1141,1348,0,83,78,57,37,23,15,7,3,2,2,104,98,73,49,31,18,9,5,3,1,1
24,7,0,1104,1336,0,78,86,52,33,21,12,9,6,3,1,97,101,73,47,29,17,12,6,3,2,0
24,7,1,1104,1324,0,78,86,52,33,21,12,9,6,3,1,101,103,78,47,28,16,10,6,3,1,1
24,7,2,1104,1298,0,78,86,52,33,21,12,9,6,3,1,103,97,72,43,28,19,9,7,4,1,0
24,7,0,1226,1544,0,89,81,58,40,22,13,9,6,4,2,107,109,82,54,32,20,14,7,4,1,1
24,7,1,1226,1445,0,89,81,58,40,22,13,9,6,4,2,109,109,78,48,31,18,11,7,4,3,1
24,7,2,1226,1531,0,89,81,58,40,22,13,9,6,4,2,109,107,76,53,34,19,10,8,5,3,1
24,7,0,1250,1454,0,81,87,57,37,25,16,9,4,3,1,110,108,82,55,34,20,10,5,3,2,1
24,7,1,1250,1518,0,81,87,57,37,25,16,9,4,3,1,108,104,79,49,33,20,11,8,4,2,1
24,7,2,1250,1538,0,81,87,57,37,25,16,9,4,3,1,104,110,80,50,30,20,14,6,3,2,1
24,7,0,1258,1533,0,87,89,59,34,25,15,9,6,1,1,115,106,84,49,29,21,11,6,3,1,1
24,7,1,1258,1565,0,87,89,59,34,25,15,9,6,1,1,106,108,74,53,33,22,12,8,4,2,1
24,7,2,1258,1516,0,87,89,59,34,25,15,9,6,1,1,108,115,84,51,32,17,12,6,4,2,2
24,7,0,1104,1254,0,81,78,57,36,20,13,9,4,3,1,96,102,75,51,27,16,9,4,2,2,1
24,7,1,1104,1270,0,81,78,57,36,20,13,9,4,3,1,102,104,73,47,31,16,8,6,3,1,0
24,7,2,1104,1327,0,81,78,57,36,20,13,9,4,3,1,104,96,73,45,28,18,13,7,3,1,0
24,7,0,1048,1255,0,78,80,52,31,21,15,8,3,1,1,100,100,74,47,24,14,9,5,3,1,1
24,7,1,1048,1207,0,78,80,52,31,21,15,8,3,1,1,100,91,70,43,30,21,9,3,1,1,1
24,7,2,1048,1209,0,78,80,52,31,21,15,8,3,1,1,91,100,69,43,27,15,11,6,2,1,0
24,7,0,1035,1218,0,80,81,51,35,24,12,6,4,2,1,102,97,76,45,24,15,11,6,3,0,0
24,7,1,1035,1165,0,80,81,51,35,24,12,6,4,2,1,97,97,66,45,31,18,7,2,2,2,0
24,7,2,1035,1192,0,80,81,51,35,24,12,6,4,2,1,97,102,74,45,29,16,7,5,2,1,1
24,7,0,1082,1252,0,75,82,50,31,19,15,8,5,2,2,97,99,73,44,27,18,10,4,3,2,0
24,7,1,1082,1364,0,75,82,50,31,19,15,8,5,2,2,99,94,69,43,29,18,12,6,2,2,2
24,7,2,1082,1341,0,75,82,50,31,19,15,8,5,2,2,94,97,73,46,27,16,11,8,5,1,1
24,7,0,1070,1293,0,82,87,54,32,21,12,8,4,3,1,105,100,75,48,28,18,10,5,3,1,0
24,7,1,1070,1242,0,82,87,54,32,21,12,8,4,3,1,100,99,73,43,29,17,9,4,2,1,1
24,7,2,1070,1244,0,82,87,54,32,21,12,8,4,3,1,99,105,74,44,24,14,9,7,3,2,0
24,7,0,1081,1267,0,87,75,54,34,21,11,6,4,2,1,96,99,65,44,27,17,11,4,3,2,1
24,7,1,1081,1285,0,87,75,54,34,21,11,6,4,2,1,99,102,68,47,28,15,7,5,3,1,1
24,7,2,1081,1237,0,87,75,54,34,21,11,6,4,2,1,102,96,77,44,26,15,8,6,3,2,1
24,7,0,1025,1159,0,81,79,50,30,19,15,9,5,2,0,98,97,69,42,26,17,7,5,3,1,0
24,7,1,1025,1246,0,81,79,50,30,19,15,9,5,2,0,97,95,67,42,27,18,13,7,2,0,0
24,7,2,1025,1207,0,81,79,50,30,19,15,9,5,2,0,95,98,73,46,27,15,11,4,2,1,0
24,7,0,987,1197,0,79,82,52,35,20,8,7,4,2,2,102,92,71,47,25,17,8,6,3,1,0
24,7,1,987,1212,0,79,82,52,35,20,8,7,4,2,2,92,97,69,43,31,14,8,4,3,2,1
24,7,2,987,1104,0,79,82,52,35,20,8,7,4,2,2,97,102,72,40,22,12,7,5,2,1,1
24,7,0,1054,1225,0,82,81,60,34,19,11,5,4,3,1,98,104,69,44,26,14,7,5,4,3,0
24,7,1,1054,1283,0,82,81,60,34,19,11,5,4,3,1,104,99,73,47,28,17,9,4,3,1,1
24,7,2,1054,1172,0,82,81,60,34,19,11,5,4,3,1,99,98,77,47,24,13,9,5,2,1,1
24,7,0,1321,1651,0,79,92,59,35,23,14,10,7,3,2,112,111,79,53,31,20,12,7,5,3,1
24,7,1,1321,1695,0,79,92,59,35,23,14,10,7,3,2,111,104,87,54,35,22,12,9,5,3,2
24,7,2,1321,1605,0,79,92,59,35,23,14,10,7,3,2,104,112,82,49,31,20,15,9,5,2,2
24,7,0,1291,1626,0,92,86,61,40,23,13,8,4,4,2,108,108,80,52,34,19,13,9,4,3,2
24,7,1,1291,1568,0,92,86,61,40,23,13,8,4,4,2,108,120,78,51,31,19,11,6,5,3,1
24,7,2,1291,1541,0,92,86,61,40,23,13,8,4,4,2,120,108,86,55,32,19,10,6,4,3,2
24,7,0,1222,1526,0,88,82,54,37,22,13,9,5,4,3,110,109,81,50,32,19,11,7,5,3,1
24,7,1,1222,1471,0,88,82,54,37,22,13,9,5,4,3,109,99,78,46,31,19,12,7,4,3,2
24,7,2,1222,1481,0,88,82,54,37,22,13,9,5,4,3,99,110,71,52,31,19,12,8,4,2,1
24,7,0,1174,1423,0,82,84,59,41,24,12,5,4,4,2,103,107,78,52,32,17,10,6,5,2,0
24,7,1,1174,1379,0,82,84,59,41,24,12,5,4,4,2,107,108,78,49,31,18,8,4,3,2,1
24,7,2,1174,1424,0,82,84,59,41,24,12,5,4,4,2,108,103,80,51,30,17,10,6,3,3,2
24,7,0,1248,1510,0,84,88,62,31,19,16,11,7,2,1,108,106,77,50,30,18,13,9,5,2,1
24,7,1,1248,1489,0,84,88,62,31,19,16,11,7,2,1,106,109,79,52,30,21,13,7,4,1,1
24,7,2,1248,1514,0,84,88,62,31,19,16,11,7,2,1,109,108,83,49,29,19,13,7,3,2,1
24,7,0,1122,1336,0,82,88,54,33,25,12,7,4,2,2,106,98,80,50,32,16,9,5,3,2,1
24,7,1,1122,1327,0,82,88,54,33,25,12,7,4,2,2,98,106,76,44,27,17,8,6,4,2,1
24,7,2,1122,1322,0,82,88,54,33,25,12,7,4,2,2,106,106,72,46,27,20,11,5,2,1,1
24,7,0,1200,1507,0,88,86,58,35,18,12,8,6,4,2,105,113,77,47,26,18,10,7,6,3,2
24,7,1,1200,1513,0,88,86,58,35,18,12,8,6,4,2,113,101,79,50,30,19,12,8,4,1,1
24,7,2,1200,1450,0,88,86,58,35,18,12,8,6,4,2,101,105,75,48,31,15,12,7,4,4,1
24,7,0,1260,1539,0,86,82,55,37,24,17,10,4,2,1,108,110,83,55,32,18,12,7,3,2,1
24,7,1,1260,1555,0,86,82,55,37,24,17,10,4,2,1,110,103,81,49,33,22,11,6,4,3,2
24,7,2,1260,1551,0,86,82,55,37,24,17,10,4,2,1,103,108,71,49,33,21,14,7,3,1,1
24,7,0,908,1028,0,83,78,50,32,16,9,7,2,1,1,97,89,68,40,22,12,7,5,2,0,0
24,7,1,908,990,0,83,78,50,32,16,9,7,2,1,1,89,93,65,39,23,12,8,3,1,1,0
24,7,2,908,1011,0,83,78,50,32,16,9,7,2,1,1,93,97,63,39,23,12,5,3,1,1,1
24,7,0,877,1013,0,78,81,55,34,19,9,2,2,2,0,98,93,74,43,23,13,4,2,2,1,0
24,7,1,877,941,0,78,81,55,34,19,9,2,2,2,0,93,91,64,38,25,11,6,2,1,0,0
24,7,2,877,938,0,78,81,55,34,19,9,2,2,2,0,91,98,66,42,20,10,5,2,1,1,0
24,7,0,887,982,0,81,83,50,24,16,12,7,4,0,0,96,97,68,36,20,13,7,4,1,0,0
24,7,1,887,1019,0,81,83,50,24,16,12,7,4,0,0,97,84,65,39,22,15,9,3,1,0,0
24,7,2,887,989,0,81,83,50,24,16,12,7,4,0,0,84,96,63,38,21,11,7,4,2,0,0
24,7,0,945,1138,0,78,85,51,34,23,11,5,2,1,1,102,98,75,42,25,14,7,3,2,1,1
24,7,1,945,1038,0,78,85,51,34,23,11,5,2,1,1,98,91,71,43,26,15,5,2,1,0,0
24,7,2,945,1084,0,78,85,51,34,23,11,5,2,1,1,91,102,67,43,26,14,8,4,1,1,0
24,7,0,1046,1215,0,85,88,59,34,19,9,6,4,2,1,103,103,79,46,24,12,7,4,3,1,1
24,7,1,1046,1194,0,85,88,59,34,19,9,6,4,2,1,103,102,71,43,26,16,7,5,2,1,1
24,7,2,1046,1229,0,85,88,59,34,19,9,6,4,2,1,102,103,73,46,26,14,9,5,3,2,0
24,7,0,1005,1112,0,88,78,53,33,19,13,7,3,2,0,99,102,69,42,24,16,9,4,2,0,0
24,7,1,1005,1119,0,88,78,53,33,19,13,7,3,2,0,102,95,69,43,26,15,9,4,1,1,0
24,7,2,1005,1119,0,88,78,53,33,19,13,7,3,2,0,95,99,70,45,27,13,7,4,2,1,0
24,7,0,976,1082,0,91,79,57,36,20,9,5,3,1,1,101,92,69,46,29,13,6,2,1,1,0
24,7,1,976,1076,0,91,79,57,36,20,9,5,3,1,1,92,109,71,42,22,12,5,4,2,1,1
24,7,2,976,1120,0,91,79,57,36,20,9,5,3,1,1,109,101,71,44,24,14,8,4,2,0,0
24,7,0,965,1070,0,79,81,53,35,22,12,5,2,1,0,93,95,64,41,27,17,8,3,1,0,0
24,7,1,965,1050,0,79,81,53,35,22,12,5,2,1,0,95,102,70,47,25,11,7,3,1,0,0
24,7,2,965,1051,0,79,81,53,35,22,12,5,2,1,0,102,93,77,42,25,14,5,2,1,1,0
24,7,0,953,1084,0,81,91,58,32,17,11,6,3,1,0,104,98,74,44,22,11,8,4,1,1,0
24,7,1,953,1088,0,81,91,58,32,17,11,6,3,1,0,98,98,76,48,24,11,5,3,3,0,0
24,7,2,953,1036,0,81,91,58,32,17,11,6,3,1,0,98,104,69,36,24,16,8,3,0,0,0
24,7,0,1055,1231,0,82,82,54,31,18,12,8,3,3,1,102,93,72,44,26,15,10,3,2,2,1
24,7,1,1055,1238,0,82,82,54,31,18,12,8,3,3,1,93,100,68,46,27,16,7,5,3,2,1
24,7,2,1055,1242,0,82,82,54,31,18,12,8,3,3,1,100,102,73,41,24,15,11,8,3,1,0
24,7,0,998,1109,0,82,83,54,34,22,13,6,3,1,0,100,101,73,42,22,15,10,4,1,0,0
24,7,1,998,1142,0,82,83,54,34,22,13,6,3,1,0,101,97,70,47,29,16,6,3,2,1,0
24,7,2,998,1104,0,82,83,54,34,22,13,6,3,1,0,97,100,73,44,28,14,7,3,1,0,0
24,7,0,1047,1212,0,83,82,54,32,20,11,7,6,2,1,101,101,75,42,27,13,9,7,3,1,0
24,7,1,1047,1216,0,83,82,54,32,20,11,7,6,2,1,101,96,72,43,22,15,9,6,5,1,0
24,7,2,1047,1229,0,83,82,54,32,20,11,7,6,2,1,96,101,68,48,30,19,9,3,1,1,1
24,7,0,1059,1210,0,87,83,57,38,21,10,6,4,2,1,99,104,76,43,27,17,7,5,3,1,0
24,7,1,1059,1195,0,87,83,57,38,21,10,6,4,2,1,104,106,69,43,28,15,9,4,2,1,1
24,7,2,1059,1183,0,87,83,57,38,21,10,6,4,2,1,106,99,77,53,27,12,7,4,2,1,0
24,7,0,1106,1286,0,83,84,60,36,22,12,6,3,1,1,105,104,71,46,29,16,9,4,3,1,1
24,7,1,1106,1288,0,83,84,60,36,22,12,6,3,1,1,104,101,81,51,27,14,8,4,1,1,1
24,7,2,1106,1291,0,83,84,60,36,22,12,6,3,1,1,101,105,75,46,27,17,8,5,3,2,1
24,7,0,1033,1290,0,84,87,54,33,21,12,7,3,1,1,97,96,73,48,29,17,9,5,2,1,1
24,7,1,1033,1175,0,84,87,54,33,21,12,7,3,1,1,96,111,71,41,25,14,9,4,2,1,1
24,7,2,1033,1162,0,84,87,54,33,21,12,7,3,1,1,111,97,76,44,25,15,7,4,2,1,0
24,7,0,927,998,0,83,79,53,36,18,11,6,1,1,1,97,96,69,41,24,12,6,3,1,0,0
24,7,1,927,1053,0,83,79,53,36,18,11,6,1,1,1,96,96,67,43,25,13,7,3,1,1,0
24,7,2,927,1096,0,83,79,53,36,18,11,6,1,1,1,96,97,70,43,25,13,7,3,1,1,1
24,7,0,947,1068,0,79,82,55,33,22,11,4,3,1,0,103,93,76,44,25,15,5,2,1,1,0
24,7,1,947,1050,0,79,82,55,33,22,11,4,3,1,0,93,94,67,39,26,16,8,3,1,0,0
24,7,2,947,1025,0,79,82,55,33,22,11,4,3,1,0,94,103,68,46,23,10,6,3,2,0,0
24,7,0,952,1024,0,82,83,51,32,20,13,6,2,1,0,98,98,69,40,26,15,8,2,0,0,0
24,7,1,952,1036,0,82,83,51,32,20,13,6,2,1,0,98,94,68,42,25,14,6,3,1,1,0
24,7,2,952,1050,0,82,83,51,32,20,13,6,2,1,0,94,98,71,43,23,13,8,4,2,0,0
24,7,0,1161,1381,0,85,84,55,35,21,14,7,4,3,1,113,99,76,46,30,18,10,5,3,2,1
24,7,1,1161,1421,0,85,84,55,35,21,14,7,4,3,1,99,99,73,49,31,16,10,7,3,2,1
24,7,2,1161,1359,0,85,84,55,35,21,14,7,4,3,1,99,113,77,47,26,18,11,5,4,2,1
24,7,0,1149,1416,0,84,87,58,35,21,10,7,4,2,1,106,102,78,45,28,17,10,7,3,2,1
24,7,1,1149,1366,0,84,87,58,35,21,10,7,4,2,1,102,104,73,47,27,16,10,5,4,3,2
24,7,2,1149,1371,0,84,87,58,35,21,10,7,4,2,1,104,106,77,49,28,15,7,5,3,1,1
24,7,0,1065,1236,0,87,85,58,36,18,11,6,4,2,2,98,108,68,42,27,15,8,5,3,2,1
24,7,1,1065,1303,0,87,85,58,36,18,11,6,4,2,2,108,104,79,50,25,13,8,6,3,1,1
24,7,2,1065,1287,0,87,85,58,36,18,11,6,4,2,2,104,98,76,46,28,16,10,4,3,2,1
24,7,0,1100,1307,0,86,83,53,30,22,13,8,5,3,2,99,107,73,47,25,17,11,7,4,1,0
24,7,1,1100,1340,0,86,83,53,30,22,13,8,5,3,2,107,99,76,46,29,20,11,5,3,2,0
24,7,2,1100,1311,0,86,83,53,30,22,13,8,5,3,2,99,99,70,43,29,16,9,6,3,2,2
24,7,0,1151,1463,0,83,85,53,34,20,14,8,4,3,2,106,102,82,50,29,17,11,7,5,3,1
24,7,1,1151,1383,0,83,85,53,34,20,14,8,4,3,2,102,100,72,44,32,18,10,5,4,2,1
24,7,2,1151,1441,0,83,85,53,34,20,14,8,4,3,2,100,106,71,46,26,18,12,7,2,2,2
24,7,0,1193,1376,0,85,86,57,38,22,14,9,5,3,1,110,109,83,47,28,19,10,6,4,2,0
24,7,1,1193,1458,0,85,86,57,38,22,14,9,5,3,1,109,102,73,49,32,22,14,7,2,1,1
24,7,2,1193,1412,0,85,86,57,38,22,14,9,5,3,1,102,110,80,54,33,14,9,6,4,2,1
24,7,0,1036,1179,0,92,87,58,34,19,11,6,3,2,1,105,105,69,45,28,15,7,3,2,1,1
24,7,1,1036,1149,0,92,87,58,34,19,11,6,3,2,1,105,103,76,45,25,14,8,5,2,0,0
24,7,2,1036,1163,0,92,87,58,34,19,11,6,3,2,1,103,105,76,44,23,13,8,4,2,2,0
24,7,0,1079,1258,0,87,79,56,36,22,12,7,5,2,1,105,97,74,47,27,18,10,5,2,1,1
24,7,1,1079,1264,0,87,79,56,36,22,12,7,5,2,1,97,105,72,49,31,15,8,5,4,1,0
24,7,2,1079,1231,0,87,79,56,36,22,12,7,5,2,1,105,105,74,45,27,16,9,5,2,1,0
24,7,0,1091,1306,0,79,92,58,35,21,11,7,4,2,1,103,108,78,43,29,14,8,5,3,2,1
24,7,1,1091,1235,0,79,92,58,35,21,11,7,4,2,1,108,100,79,46,24,15,8,6,3,1,1
24,7,2,1091,1277,0,79,92,58,35,21,11,7,4,2,1,100,103,75,51,29,18,10,4,2,1,0
24,7,0,955,1119,0,75,80,50,29,19,14,6,3,1,1,91,93,67,42,26,16,7,2,2,1,1
24,7,1,955,1066,0,75,80,50,29,19,14,6,3,1,1,93,94,67,38,25,14,9,5,1,0,0
24,7,2,955,1089,0,75,80,50,29,19,14,6,3,1,1,94,91,69,43,22,14,9,4,2,1,0
24,7,0,962,1169,0,80,75,50,33,19,11,7,2,1,1,96,93,65,41,27,16,8,4,1,1,1
24,7,1,962,1105,0,80,75,50,33,19,11,7,2,1,1,93,91,69,41,25,13,7,4,2,1,1
24,7,2,962,1091,0,80,75,50,33,19,11,7,2,1,1,91,96,66,43,23,13,8,4,2,1,0
24,7,0,872,1031,0,75,75,51,33,20,8,3,3,2,0,88,88,63,42,24,13,6,3,2,1,0
24,7,1,872,977,0,75,75,51,33,20,8,3,3,2,0,88,94,66,40,24,11,4,2,2,1,0
24,7,2,872,951,0,75,75,51,33,20,8,3,3,2,0,94,88,66,38,21,12,6,3,1,0,0
24,7,0,1019,1185,0,77,75,49,29,18,13,6,5,3,1,91,94,64,41,28,17,9,4,3,2,0
24,7,1,1019,1268,0,77,75,49,29,18,13,6,5,3,1,94,92,71,40,25,15,10,6,3,2,1
24,7,2,1019,1205,0,77,75,49,29,18,13,6,5,3,1,92,91,65,44,23,15,10,6,4,1,1
24,7,0,973,1143,0,75,81,48,30,19,11,8,3,2,1,88,90,63,43,29,17,9,4,2,1,0
24,7,1,973,1113,0,75,81,48,30,19,11,8,3,2,1,90,100,70,37,23,14,8,5,1,1,1
24,7,2,973,1120,0,75,81,48,30,19,11,8,3,2,1,100,88,70,42,22,13,8,5,3,1,0
24,7,0,986,1147,0,81,77,52,33,17,7,4,3,2,2,98,87,65,39,26,13,8,4,3,2,1
24,7,1,986,1182,0,81,77,52,33,17,7,4,3,2,2,87,95,66,45,22,10,5,4,3,2,2
24,7,2,986,1149,0,81,77,52,33,17,7,4,3,2,2,95,98,68,38,22,14,7,5,3,2,1
24,7,0,901,1023,0,75,82,50,29,16,9,7,4,1,0,100,83,70,39,22,13,5,5,3,0,0
24,7,1,901,1010,0,75,82,50,29,16,9,7,4,1,0,83,90,61,36,24,15,9,4,1,0,0
24,7,2,901,989,0,75,82,50,29,16,9,7,4,1,0,90,100,67,41,20,9,7,3,1,1,0
24,7,0,924,1051,0,82,73,53,32,19,12,5,2,1,1,98,96,67,41,23,16,7,4,2,0,0
24,7,1,924,1010,0,82,73,53,32,19,12,5,2,1,1,96,86,67,42,25,13,8,2,1,1,0
24,7,2,924,1026,0,82,73,53,32,19,12,5,2,1,1,86,98,64,42,24,11,6,3,1,1,1
24,7,0,910,1034,0,73,75,50,31,20,11,7,3,1,0,87,95,65,40,26,15,5,3,1,1,0
24,7,1,910,1070,0,73,75,50,31,20,11,7,3,1,0,95,89,70,41,23,15,9,5,1,0,0
24,7,2,910,1009,0,73,75,50,31,20,11,7,3,1,0,89,87,63,42,24,12,8,3,2,0,0
24,7,0,959,1048,0,76,82,51,29,20,13,8,3,1,0,96,98,72,42,23,14,6,3,2,0,0
24,7,1,959,1121,0,76,82,51,29,20,13,8,3,1,0,98,89,70,42,25,18,10,5,0,0,0
24,7,2,959,1111,0,76,82,51,29,20,13,8,3,1,0,89,96,65,41,26,13,9,4,2,1,0
24,7,0,935,1036,0,82,82,53,34,19,9,5,2,1,1,94,98,71,40,24,13,6,3,1,1,0
24,7,1,935,1027,0,82,82,53,34,19,9,5,2,1,1,98,96,67,40,25,13,5,2,1,1,1
24,7,2,935,1025,0,82,82,53,34,19,9,5,2,1,1,96,94,68,44,22,11,7,4,2,0,0
24,7,0,948,1036,0,82,76,53,34,19,10,5,5,2,0,96,91,68,40,24,13,7,4,3,0,0
24,7,1,948,1104,0,82,76,53,34,19,10,5,5,2,0,91,99,64,44,25,16,8,3,1,1,0
24,7,2,948,1136,0,82,76,53,34,19,10,5,5,2,0,99,96,72,44,26,12,7,5,3,1,0
24,7,0,917,1004,0,80,78,50,30,18,12,6,3,1,0,92,97,64,38,23,14,9,2,1,0,0
24,7,1,917,1034,0,80,78,50,30,18,12,6,3,1,0,97,89,69,43,24,12,6,4,1,1,0
24,7,2,917,1035,0,80,78,50,30,18,12,6,3,1,0,89,92,65,39,23,14,7,4,2,0,0
24,7,0,952,1041,0,78,75,53,36,19,10,7,2,1,1,97,91,75,44,25,12,6,3,1,0,0
24,7,1,952,1090,0,78,75,53,36,19,10,7,2,1,1,91,94,66,41,24,14,7,5,2,1,0
24,7,2,952,1115,0,78,75,53,36,19,10,7,2,1,1,94,97,63,44,27,14,8,3,1,1,1
24,7,0,902,1055,0,75,80,53,31,18,11,4,2,1,1,92,97,70,38,23,13,6,3,2,1,1
24,7,1,902,1016,0,75,80,53,31,18,11,4,2,1,1,97,88,66,38,21,12,6,4,2,1,0
24,7,2,902,1109,0,75,80,53,31,18,11,4,2,1,1,88,92,66,46,25,13,8,2,1,1,1
24,7,0,930,1044,0,82,74,49,31,17,10,7,4,2,0,95,89,65,38,24,11,8,5,2,1,0
24,7,1,930,1055,0,82,74,49,31,17,10,7,4,2,0,89,92,67,43,22,14,7,4,3,1,0
24,7,2,930,1034,0,82,74,49,31,17,10,7,4,2,0,92,95,62,39,25,15,8,4,1,0,0
24,7,0,925,1117,0,74,75,52,30,21,13,5,2,1,1,85,95,66,38,24,16,8,4,2,1,1
24,7,1,925,992,0,74,75,52,30,21,13,5,2,1,1,95,94,69,41,22,12,8,3,1,0,0
24,7,2,925,1046,0,74,75,52,30,21,13,5,2,1,1,94,85,65,46,27,15,6,2,1,1,0
24,7,0,962,1071,0,75,82,46,27,19,13,9,4,1,0,91,93,67,43,26,13,8,5,2,0,0
24,7,1,962,1075,0,75,82,46,27,19,13,9,4,1,0,93,92,73,39,21,15,9,4,2,1,0
24,7,2,962,1101,0,75,82,46,27,19,13,9,4,1,0,92,91,61,37,26,18,10,5,1,0,0
24,7,0,811,922,0,74,75,45,26,15,11,6,2,1,0,86,89,63,37,21,9,6,3,1,1,0
24,7,1,811,890,0,74,75,45,26,15,11,6,2,1,0,89,80,63,32,18,13,5,3,2,0,0
24,7,2,811,932,0,74,75,45,26,15,11,6,2,1,0,80,86,55,37,22,13,9,3,0,0,0
24,7,0,861,993,0,75,73,49,32,18,11,6,2,0,0,83,92,60,40,24,12,7,3,2,0,0
24,7,1,861,951,0,75,73,49,32,18,11,6,2,0,0,92,91,66,39,22,13,6,2,0,0,0
24,7,2,861,938,0,75,73,49,32,18,11,6,2,0,0,91,83,65,39,23,12,6,3,0,0,0
24,7,0,790,876,0,73,74,48,25,15,8,5,3,1,0,84,78,58,34,19,10,5,4,2,0,0
24,7,1,790,887,0,73,74,48,25,15,8,5,3,1,0,78,90,57,38,21,10,6,3,1,0,0
24,7,2,790,872,0,73,74,48,25,15,8,5,3,1,0,90,84,64,33,17,12,6,2,1,1,0
24,7,0,840,996,0,78,72,47,30,16,9,4,4,2,0,89,82,59,39,24,15,8,4,1,0,0
24,7,1,840,988,0,78,72,47,30,16,9,4,4,2,0,82,91,61,38,22,8,7,4,3,1,0
24,7,2,840,920,0,78,72,47,30,16,9,4,4,2,0,91,89,64,35,19,12,4,2,2,1,0
24,7,0,942,1053,0,72,80,50,29,18,11,6,3,2,1,95,92,69,39,23,13,6,2,2,2,1
24,7,1,942,1068,0,72,80,50,29,18,11,6,3,2,1,92,85,68,44,23,14,7,6,2,0,0
24,7,2,942,1076,0,72,80,50,29,18,11,6,3,2,1,85,95,63,37,24,14,10,4,2,1,0
24,7,0,906,1038,0,80,78,50,29,19,8,5,2,1,1,85,100,66,38,21,11,7,3,1,1,1
24,7,1,906,975,0,80,78,50,29,19,8,5,2,1,1,100,89,68,39,21,12,4,3,2,1,1
24,7,2,906,1042,0,80,78,50,29,19,8,5,2,1,1,89,85,60,39,24,14,7,4,2,1,0
24,7,0,877,981,0,79,81,52,32,15,8,5,2,1,1,96,88,68,38,21,11,7,4,1,0,0
24,7,1,877,965,0,79,81,52,32,15,8,5,2,1,1,88,92,61,39,23,11,6,3,1,1,0
24,7,2,877,971,0,79,81,52,32,15,8,5,2,1,1,92,96,68,39,20,10,4,2,2,1,1
24,7,0,896,1000,0,81,72,52,33,20,9,3,2,2,1,93,91,64,40,23,13,5,2,2,2,0
24,7,1,896,1054,0,81,72,52,33,20,9,3,2,2,1,91,91,62,41,25,13,6,3,2,1,1
24,7,2,896,982,0,81,72,52,33,20,9,3,2,2,1,91,93,68,41,22,11,6,3,1,0,0
24,7,0,877,974,0,72,79,51,30,18,10,5,3,1,0,93,86,66,35,23,16,6,3,1,0,0
24,7,1,877,940,0,72,79,51,30,18,10,5,3,1,0,86,90,63,41,21,11,9,3,0,0,0
24,7,2,877,1012,0,72,79,51,30,18,10,5,3,1,0,90,93,68,42,23,10,4,3,3,1,0
24,7,0,848,988,0,74,78,54,27,16,7,4,4,2,0,83,95,63,39,21,12,4,3,3,1,0
24,7,1,848,933,0,74,78,54,27,16,7,4,4,2,0,95,88,65,36,21,12,7,3,1,0,0
24,7,2,848,945,0,74,78,54,27,16,7,4,4,2,0,88,83,64,39,18,9,6,4,2,1,0
24,7,0,789,856,0,78,71,44,26,13,10,5,3,2,0,84,83,56,33,17,12,7,3,1,0,0
24,7,1,789,971,0,78,71,44,26,13,10,5,3,2,0,83,85,59,39,22,12,7,3,1,1,0
24,7,2,789,919,0,78,71,44,26,13,10,5,3,2,0,85,84,59,31,20,9,6,4,3,1,0
24,7,0,865,1026,0,71,74,44,31,19,11,6,2,1,1,87,82,67,37,25,14,8,3,1,1,0
24,7,1,865,974,0,71,74,44,31,19,11,6,2,1,1,82,91,57,35,23,12,7,3,1,1,1
24,7,2,865,1004,0,71,74,44,31,19,11,6,2,1,1,91,87,65,43,23,14,6,4,2,0,0
24,7,0,880,1002,0,78,76,52,29,18,8,5,3,1,1,94,86,68,38,23,11,5,3,2,1,1
24,7,1,880,970,0,78,76,52,29,18,8,5,3,1,1,86,91,59,40,21,13,6,4,2,0,0
24,7,2,880,979,0,78,76,52,29,18,8,5,3,1,1,91,94,66,39,21,12,7,3,1,1,0
24,7,0,841,878,0,76,80,52,27,14,9,5,2,2,0,93,93,67,32,17,11,7,3,1,0,0
24,7,1,841,921,0,76,80,52,27,14,9,5,2,2,0,93,81,64,40,20,10,5,3,1,1,0
24,7,2,841,980,0,76,80,52,27,14,9,5,2,2,0,81,93,60,39,22,11,6,3,2,1,0
24,7,0,824,888,0,80,78,47,29,15,9,6,3,0,0,85,90,65,36,22,8,4,3,2,0,0
24,7,1,824,881,0,80,78,47,29,15,9,6,3,0,0,90,92,62,33,17,12,6,3,1,0,0
24,7,2,824,968,0,80,78,47,29,15,9,6,3,0,0,92,85,60,40,23,13,8,3,0,0,0
24,7,0,838,910,0,73,72,44,27,20,11,5,3,0,0,83,84,57,34,24,15,7,3,0,0,0
24,7,1,838,941,0,73,72,44,27,20,11,5,3,0,0,84,88,62,40,22,10,6,3,2,0,0
24,7,2,838,907,0,73,72,44,27,20,11,5,3,0,0,88,83,63,36,20,14,6,2,1,0,0
24,7,0,860,946,0,72,80,48,32,15,9,8,2,1,0,89,86,66,36,21,10,7,3,1,1,0
24,7,1,860,960,0,72,80,48,32,15,9,8,2,1,0,86,92,65,41,20,12,6,4,1,0,0
24,7,2,860,995,0,72,80,48,32,15,9,8,2,1,0,92,89,64,38,26,13,7,4,1,0,0
24,7,0,848,936,0,80,73,53,33,20,11,3,1,0,0,89,95,66,41,21,11,6,2,0,0,0
24,7,1,848,899,0,80,73,53,33,20,11,3,1,0,0,95,90,67,39,21,11,4,1,1,0,0
24,7,2,848,937,0,80,73,53,33,20,11,3,1,0,0,90,89,61,41,26,13,5,1,0,0,0
24,7,0,897,1057,0,82,78,57,36,17,6,5,5,1,0,94,98,67,46,21,13,7,4,2,0,0
24,7,1,897,1047,0,82,78,57,36,17,6,5,5,1,0,98,95,73,44,25,10,5,3,2,1,0
24,7,2,897,987,0,82,78,57,36,17,6,5,5,1,0,95,94,65,37,24,11,5,4,2,0,0
24,7,0,971,1084,0,78,86,56,32,16,11,6,3,2,1,93,99,72,43,23,10,7,5,2,1,0
24,7,1,971,1145,0,78,86,56,32,16,11,6,3,2,1,99,99,69,44,23,14,8,4,3,1,0
24,7,2,971,1120,0,78,86,56,32,16,11,6,3,2,1,99,93,72,40,25,15,8,3,1,1,1
24,7,0,958,1069,0,86,82,54,32,22,11,5,1,1,1,99,100,71,41,20,12,8,3,1,1,1
24,7,1,958,1126,0,86,82,54,32,22,11,5,1,1,1,100,97,68,46,26,16,6,3,2,1,0
24,7,2,958,1143,0,86,82,54,32,22,11,5,1,1,1,97,99,71,41,28,14,6,3,1,1,1
24,7,0,1024,1186,0,77,78,52,32,20,13,6,2,1,1,100,97,74,44,23,13,9,4,2,1,1
24,7,1,1024,1205,0,77,78,52,32,20,13,6,2,1,1,97,87,69,44,28,17,7,3,1,1,1
24,7,2,1024,1190,0,77,78,52,32,20,13,6,2,1,1,87,100,64,41,26,15,9,5,3,2,1
24,7,0,983,1199,0,78,83,50,33,20,12,5,3,2,1,93,99,73,42,26,16,9,4,1,1,1
24,7,1,983,1217,0,78,83,50,33,20,12,5,3,2,1,99,96,66,39,25,15,10,5,3,2,1
24,7,2,983,1091,0,78,83,50,33,20,12,5,3,2,1,96,93,71,46,26,13,5,3,3,1,0
24,7,0,991,1131,0,83,77,54,33,19,11,7,3,2,1,99,94,67,41,28,17,8,2,1,1,1
24,7,1,991,1115,0,83,77,54,33,19,11,7,3,2,1,94,97,67,45,26,10,8,6,2,1,0
24,7,2,991,1174,0,83,77,54,33,19,11,7,3,2,1,97,99,73,44,22,16,8,5,3,1,0
24,7,0,943,1100,0,75,77,48,29,22,13,6,4,1,0,91,85,65,41,28,16,8,4,2,1,0
24,7,1,943,1056,0,75,77,48,29,22,13,6,4,1,0,85,99,62,39,23,15,9,4,2,0,0
24,7,2,943,1043,0,75,77,48,29,22,13,6,4,1,0,99,91,73,43,24,15,7,3,1,0,0
24,7,0,939,1077,0,77,79,48,27,16,10,7,5,3,1,93,89,59,35,23,15,10,6,2,1,0
24,7,1,939,1167,0,77,79,48,27,16,10,7,5,3,1,89,91,67,47,24,11,8,6,4,2,0
24,7,2,939,1111,0,77,79,48,27,16,10,7,5,3,1,91,93,70,35,22,16,8,4,3,1,1
24,7,0,929,1048,0,79,75,53,34,19,10,5,2,2,1,91,93,68,43,24,11,5,3,2,2,0
24,7,1,929,1131,0,79,75,53,34,19,10,5,2,2,1,93,96,69,41,24,14,8,4,2,1,1
24,7,2,929,1028,0,79,75,53,34,19,10,5,2,2,1,96,91,64,42,25,14,7,3,1,0,0
24,7,0,883,1027,0,74,82,50,24,15,10,5,2,2,1,87,86,65,39,23,13,6,3,1,1,1
24,7,1,883,1004,0,74,82,50,24,15,10,5,2,2,1,86,93,59,31,19,12,8,5,3,2,0
24,7,2,883,1051,0,74,82,50,24,15,10,5,2,2,1,93,87,68,40,18,11,7,3,2,1,1
24,7,0,840,905,0,82,77,45,25,16,10,6,3,1,0,95,87,58,36,20,14,6,1,1,1,0
24,7,1,840,936,0,82,77,45,25,16,10,6,3,1,0,87,83,62,37,22,12,6,5,1,0,0
24,7,2,840,941,0,82,77,45,25,16,10,6,3,1,0,83,95,63,33,19,10,8,4,2,0,0
24,7,0,864,989,0,77,74,49,34,16,7,5,3,1,1,89,87,63,40,23,11,6,4,1,1,0
24,7,1,864,1010,0,77,74,49,34,16,7,5,3,1,1,87,91,62,38,24,11,4,3,3,1,1
24,7,2,864,954,0,77,74,49,34,16,7,5,3,1,1,91,89,65,38,20,11,7,3,1,0,0
24,7,0,1024,1190,0,79,80,51,35,21,11,7,2,2,1,100,96,69,42,28,17,9,5,1,1,1
24,7,1,1024,1177,0,79,80,51,35,21,11,7,2,2,1,96,94,72,44,28,12,8,5,3,2,0
24,7,2,1024,1180,0,79,80,51,35,21,11,7,2,2,1,94,100,70,45,24,16,7,3,2,1,1
24,7,0,931,1102,0,80,79,52,35,22,10,5,3,1,0,95,94,69,46,30,15,5,2,2,1,0
24,7,1,931,1053,0,80,79,52,35,22,10,5,3,1,0,94,98,70,38,24,13,8,4,1,0,0
24,7,2,931,1023,0,80,79,52,35,22,10,5,3,1,0,98,95,68,44,22,13,6,3,1,0,0
24,7,0,981,1149,0,79,79,57,34,20,10,4,3,2,2,95,99,65,43,25,17,9,4,2,1,0
24,7,1,981,1148,0,79,79,57,34,20,10,4,3,2,2,99,96,74,48,27,11,6,3,2,2,1
24,7,2,981,1120,0,79,79,57,34,20,10,4,3,2,2,96,95,72,41,23,13,6,4,3,1,1
24,7,0,860,946,0,75,80,50,27,16,10,6,3,1,0,90,88,58,42,21,12,8,3,1,0,0
24,7,1,860,982,0,75,80,50,27,16,10,6,3,1,0,88,90,70,39,24,11,5,3,1,1,0
24,7,2,860,940,0,75,80,50,27,16,10,6,3,1,0,90,90,65,32,18,13,7,4,2,0,0
24,7,0,845,955,0,80,75,53,34,16,9,5,2,0,0,93,86,67,42,26,11,4,3,1,0,0
24,7,1,845,941,0,80,75,53,34,16,9,5,2,0,0,86,95,60,35,22,12,7,2,1,0,0
24,7,2,845,884,0,80,75,53,34,16,9,5,2,0,0,95,93,67,42,18,9,5,2,0,0,0
24,7,0,957,1089,0,75,75,51,33,21,12,4,3,2,1,97,96,65,39,22,16,9,3,2,1,0
24,7,1,957,1130,0,75,75,51,33,21,12,4,3,2,1,96,84,71,48,28,14,7,3,2,1,0
24,7,2,957,1087,0,75,75,51,33,21,12,4,3,2,1,84,97,66,40,26,13,6,4,2,1,1
24,7,0,914,991,0,81,69,51,39,20,10,5,3,1,0,93,94,62,44,27,13,6,2,0,0,0
24,7,1,914,1069,0,81,69,51,39,20,10,5,3,1,0,94,92,68,43,27,12,5,4,2,1,0
24,7,2,914,1060,0,81,69,51,39,20,10,5,3,1,0,92,93,68,42,24,14,8,3,2,0,0
24,7,0,908,1070,0,69,78,52,28,19,9,6,4,2,0,93,80,68,41,24,14,8,5,2,1,0
24,7,1,908,1039,0,69,78,52,28,19,9,6,4,2,0,80,94,60,39,23,13,6,4,3,1,0
24,7,2,908,966,0,69,78,52,28,19,9,6,4,2,0,94,93,70,40,21,13,7,3,1,0,0
24,7,0,858,969,0,78,81,47,25,14,11,6,3,2,1,91,90,60,31,20,11,7,5,2,1,0
24,7,1,858,1017,0,78,81,47,25,14,11,6,3,2,1,90,87,62,42,20,12,8,5,3,1,0
24,7,2,858,1005,0,78,81,47,25,14,11,6,3,2,1,87,91,68,36,22,14,8,2,1,1,1
24,7,0,923,1095,0,76,82,57,30,17,8,7,5,1,1,96,100,66,43,23,15,7,4,2,1,0
24,7,1,923,1165,0,76,82,57,30,17,8,7,5,1,1,100,88,77,44,24,13,8,5,2,1,1
24,7,2,923,1037,0,76,82,57,30,17,8,7,5,1,1,88,96,65,39,22,11,7,5,3,0,0
24,7,0,954,1091,0,82,83,52,30,16,11,6,2,2,1,90,98,69,46,22,11,8,4,3,2,0
24,7,1,954,1091,0,82,83,52,30,16,11,6,2,2,1,98,98,71,38,25,15,5,2,2,1,1
24,7,2,954,1083,0,82,83,52,30,16,11,6,2,2,1,98,90,64,37,22,13,10,6,1,1,1
24,7,0,956,1085,0,83,76,49,32,22,13,6,3,1,0,91,102,65,40,23,14,10,5,2,0,0
24,7,1,956,1054,0,83,76,49,32,22,13,6,3,1,0,102,92,70,44,25,16,8,2,1,0,0
24,7,2,956,1070,0,83,76,49,32,22,13,6,3,1,0,92,91,67,42,29,15,5,3,1,1,0
24,7,0,964,1111,0,80,75,52,36,24,12,4,2,1,1,103,93,74,46,26,15,6,4,1,0,0
24,7,1,964,1102,0,80,75,52,36,24,12,4,2,1,1,93,91,67,40,28,17,10,2,1,1,0
24,7,2,964,1077,0,80,75,52,36,24,12,4,2,1,1,91,103,66,46,26,12,4,2,2,1,1
24,7,0,892,1012,0,75,83,47,29,19,9,5,3,2,0,88,93,62,37,25,17,6,2,1,1,0
24,7,1,892,1008,0,75,83,47,29,19,9,5,3,2,0,93,91,65,35,23,11,7,4,2,1,0
24,7,2,892,987,0,75,83,47,29,19,9,5,3,2,0,91,88,70,42,19,10,6,4,2,0,0
24,7,0,847,927,0,83,80,55,31,13,9,6,2,0,0,97,88,62,39,26,12,5,1,0,0,0
24,7,1,847,927,0,83,80,55,31,13,9,6,2,0,0,88,94,68,40,20,9,6,4,0,0,0
24,7,2,847,910,0,83,80,55,31,13,9,6,2,0,0,94,97,66,37,15,9,6,3,2,0,0
24,7,0,968,1062,0,84,80,56,34,20,11,6,3,1,0,98,100,72,46,24,13,7,3,1,0,0
24,7,1,968,1101,0,84,80,56,34,20,11,6,3,1,0,100,97,72,43,26,16,7,3,1,0,0
24,7,2,968,1089,0,84,80,56,34,20,11,6,3,1,0,97,98,67,42,25,12,7,4,2,1,0
24,7,0,980,1151,0,80,80,53,32,21,11,7,4,1,1,98,97,74,46,25,15,9,2,2,1,1
24,7,1,980,1090,0,80,80,53,32,21,11,7,4,1,1,97,95,67,40,29,16,6,5,1,0,0
24,7,2,980,1167,0,80,80,53,32,21,11,7,4,1,1,95,98,69,44,23,14,9,6,3,1,0
24,7,0,1020,1174,0,80,84,56,37,20,11,5,2,2,1,107,98,78,42,26,14,8,3,1,1,1
24,7,1,1020,1160,0,80,84,56,37,20,11,5,2,2,1,98,94,68,45,26,15,7,4,2,2,1
24,7,2,1020,1156,0,80,84,56,37,20,11,5,2,2,1,94,107,73,48,27,13,7,4,3,1,0
24,7,0,1110,1287,0,86,83,60,36,19,13,8,3,1,1,106,105,77,44,29,16,10,5,2,2,1
24,7,1,1110,1293,0,86,83,60,36,19,13,8,3,1,1,105,101,74,47,25,16,9,5,4,1,1
24,7,2,1110,1318,0,86,83,60,36,19,13,8,3,1,1,101,106,75,52,29,15,9,5,1,1,1
24,7,0,1050,1183,0,83,76,54,35,23,13,6,3,2,1,98,98,70,45,30,16,7,3,3,2,0
24,7,1,1050,1252,0,83,76,54,35,23,13,6,3,2,1,98,101,73,45,27,16,8,6,2,1,1
24,7,2,1050,1243,0,83,76,54,35,23,13,6,3,2,1,101,98,71,48,27,17,11,4,2,1,1
24,7,0,1044,1261,0,76,86,52,34,21,13,7,4,2,1,99,95,73,44,30,17,9,6,3,1,0
24,7,1,1044,1202,0,76,86,52,34,21,13,7,4,2,1,95,102,73,43,26,15,9,4,2,1,1
24,7,2,1044,1191,0,76,86,52,34,21,13,7,4,2,1,102,99,74,47,26,16,9,4,2,1,0
24,7,0,991,1116,0,79,81,53,33,21,13,7,3,1,0,96,96,71,43,24,14,8,5,2,0,0
24,7,1,991,1125,0,79,81,53,33,21,13,7,3,1,0,96,99,70,45,27,15,8,3,1,1,0
24,7,2,991,1105,0,79,81,53,33,21,13,7,3,1,0,99,96,71,43,27,16,8,3,1,0,0
24,7,0,919,1048,0,81,85,53,30,18,9,6,4,1,0,93,100,67,39,22,13,6,5,3,0,0
24,7,1,919,1048,0,81,85,53,30,18,9,6,4,1,0,100,94,72,40,22,13,9,3,1,0,0
24,7,2,919,1005,0,81,85,53,30,18,9,6,4,1,0,94,93,67,42,24,12,5,3,1,1,0
24,7,0,992,1159,0,85,79,49,32,20,13,6,3,2,1,95,95,68,45,27,15,9,4,2,1,0
24,7,1,992,1099,0,85,79,49,32,20,13,6,3,2,1,95,100,70,41,25,15,8,3,2,1,0
24,7,2,992,1149,0,85,79,49,32,20,13,6,3,2,1,100,95,67,40,25,15,8,5,2,1,1
24,7,0,864,959,0,80,75,48,31,19,8,5,3,1,0,90,92,61,40,23,12,6,3,1,0,0
24,7,1,864,937,0,80,75,48,31,19,8,5,3,1,0,92,88,67,40,24,11,4,3,2,0,0
24,7,2,864,964,0,80,75,48,31,19,8,5,3,1,0,88,90,62,35,20,13,7,3,1,1,0
24,7,0,837,949,0,75,78,47,24,15,9,5,3,1,1,85,85,63,34,18,10,7,3,2,1,1
24,7,1,837,944,0,75,78,47,24,15,9,5,3,1,1,85,88,59,36,19,13,6,4,2,0,0
24,7,2,837,928,0,75,78,47,24,15,9,5,3,1,1,88,85,61,35,21,11,6,3,1,1,0
24,7,0,820,885,0,78,80,48,29,15,10,5,2,1,0,88,91,63,34,19,12,6,2,0,0,0
24,7,1,820,948,0,78,80,48,29,15,10,5,2,1,0,91,89,63,39,21,9,6,4,1,1,0
24,7,2,820,947,0,78,80,48,29,15,10,5,2,1,0,89,88,64,37,22,12,6,2,2,0,0
24,7,0,937,1111,0,79,81,57,32,21,11,4,1,1,1,94,96,67,48,25,13,5,2,1,1,1
24,7,1,937,1109,0,79,81,57,32,21,11,4,1,1,1,96,99,73,41,24,15,7,4,1,1,1
24,7,2,937,1001,0,79,81,57,32,21,11,4,1,1,1,99,94,70,40,23,12,7,2,2,1,0
24,7,0,978,1108,0,81,80,50,33,20,13,7,3,1,0,95,96,66,40,26,15,10,5,1,0,0
24,7,1,978,1088,0,81,80,50,33,20,13,7,3,1,0,96,97,69,46,26,13,7,2,2,1,0
24,7,2,978,1083,0,81,80,50,33,20,13,7,3,1,0,97,95,72,41,25,16,7,4,1,0,0
24,7,0,994,1094,0,80,79,55,38,22,9,6,3,2,1,99,98,73,46,26,12,6,3,2,1,0
24,7,1,994,1171,0,80,79,55,38,22,9,6,3,2,1,98,98,73,46,27,16,7,5,2,1,0
24,7,2,994,1196,0,80,79,55,38,22,9,6,3,2,1,98,99,69,44,28,15,8,4,2,1,1
24,7,0,1035,1189,0,83,79,53,32,18,12,8,5,3,0,101,99,71,40,25,16,9,6,3,1,0
24,7,1,1035,1202,0,83,79,53,32,18,12,8,5,3,0,99,93,66,46,26,17,12,6,2,0,0
24,7,2,1035,1178,0,83,79,53,32,18,12,8,5,3,0,93,101,73,45,27,13,7,4,3,2,0
24,7,0,993,1097,0,79,82,52,35,18,14,9,3,1,0,97,98,70,43,27,16,9,3,0,0,0
24,7,1,993,1173,0,79,82,52,35,18,14,9,3,1,0,98,98,72,44,27,14,9,5,2,1,0
24,7,2,993,1151,0,79,82,52,35,18,14,9,3,1,0,98,97,72,45,26,15,9,5,2,0,0
24,7,0,1033,1171,0,82,83,59,33,22,12,5,4,2,2,97,99,69,44,29,16,7,2,2,2,1
24,7,1,1033,1254,0,82,83,59,33,22,12,5,4,2,2,99,108,74,46,25,16,8,6,2,1,1
24,7,2,1033,1250,0,82,83,59,33,22,12,5,4,2,2,108,97,79,49,26,15,10,5,4,1,0
24,7,0,871,939,0,86,83,52,30,14,9,5,3,1,0,94,97,68,40,20,10,6,3,1,0,0
24,7,1,871,940,0,86,83,52,30,14,9,5,3,1,0,97,92,65,39,21,12,6,3,1,0,0
24,7,2,871,967,0,86,83,52,30,14,9,5,3,1,0,92,94,64,35,21,10,6,3,2,1,0
24,7,0,918,965,0,83,78,56,36,18,10,5,2,1,0,97,96,72,39,23,14,6,2,0,0,0
24,7,1,918,1016,0,83,78,56,36,18,10,5,2,1,0,96,96,63,43,26,11,7,3,1,1,0
24,7,2,918,1024,0,83,78,56,36,18,10,5,2,1,0,96,97,71,46,23,11,5,3,2,0,0
24,7,0,873,923,0,78,86,57,32,18,7,4,3,1,0,98,92,70,40,21,11,6,1,0,0,0
24,7,1,873,981,0,78,86,57,32,18,7,4,3,1,0,92,96,66,40,23,10,4,4,1,1,0
24,7,2,873,1020,0,78,86,57,32,18,7,4,3,1,0,96,98,72,42,21,12,5,3,3,0,0
24,7,0,907,989,0,80,77,50,29,17,10,6,3,2,1,92,95,67,39,20,12,9,3,1,0,0
24,7,1,907,1072,0,80,77,50,29,17,10,6,3,2,1,95,88,67,44,25,13,5,4,2,2,0
24,7,2,907,1096,0,80,77,50,29,17,10,6,3,2,1,88,92,61,35,23,14,8,5,3,1,1
24,7,0,891,1002,0,77,75,49,32,17,9,5,3,1,1,84,95,67,35,22,10,5,4,2,1,1
24,7,1,891,1057,0,77,75,49,32,17,9,5,3,1,1,95,91,63,38,19,15,8,4,3,1,0
24,7,2,891,1111,0,77,75,49,32,17,9,5,3,1,1,91,84,63,45,28,12,7,3,1,1,1
24,7,0,937,1110,0,75,80,49,31,20,10,6,3,2,1,92,89,67,42,25,15,9,4,2,1,0
24,7,1,937,1049,0,75,80,49,31,20,10,6,3,2,1,89,96,67,40,24,11,7,4,2,1,0
24,7,2,937,1116,0,75,80,49,31,20,10,6,3,2,1,96,92,68,40,24,16,6,4,2,1,1
24,7,0,927,1042,0,84,82,53,30,18,11,6,3,1,1,99,88,68,39,21,14,7,3,1,1,1
24,7,1,927,1091,0,84,82,53,30,18,11,6,3,1,1,88,102,64,46,24,13,10,5,1,0,0
24,7,2,927,1070,0,84,82,53,30,18,11,6,3,1,1,102,99,73,38,25,13,5,3,3,1,0
24,7,0,913,980,0,82,80,54,34,19,10,5,2,2,0,94,100,67,40,23,13,7,2,0,0,0
24,7,1,913,1062,0,82,80,54,34,19,10,5,2,2,0,100,94,70,43,24,11,5,3,2,2,0
24,7,2,913,1084,0,82,80,54,34,19,10,5,2,2,0,94,94,69,43,25,14,7,4,2,0,0
24,7,0,872,972,0,80,84,49,28,19,12,5,2,0,0,93,95,67,40,22,12,5,2,2,0,0
24,7,1,872,942,0,80,84,49,28,19,12,5,2,0,0,95,91,71,37,21,14,7,2,0,0,0
24,7,2,872,947,0,80,84,49,28,19,12,5,2,0,0,91,93,61,38,23,12,7,3,0,0,0
24,7,0,874,987,0,80,80,49,31,18,10,5,2,1,0,86,92,67,42,23,10,4,3,2,1,0
24,7,1,874,947,0,80,80,49,31,18,10,5,2,1,0,92,98,63,34,22,14,6,2,1,0,0
24,7,2,874,978,0,80,80,49,31,18,10,5,2,1,0,98,86,66,40,22,12,8,3,0,0,0
24,7,0,911,1013,0,80,83,49,32,20,11,5,2,1,0,97,96,65,41,22,12,8,3,2,0,0
24,7,1,911,986,0,80,83,49,32,20,11,5,2,1,0,96,90,69,41,26,14,6,1,0,0,0
24,7,2,911,1013,0,80,83,49,32,20,11,5,2,1,0,90,97,69,38,23,13,5,4,1,1,0
24,7,0,903,1006,0,83,80,52,31,17,10,6,3,1,0,100,88,72,42,22,13,6,3,2,0,0
24,7,1,903,1010,0,83,80,52,31,17,10,6,3,1,0,88,95,61,38,26,13,7,3,1,0,0
24,7,2,903,1017,0,83,80,52,31,17,10,6,3,1,0,95,100,67,40,20,11,7,4,1,1,0
24,7,0,933,1008,0,81,81,51,34,19,9,6,3,1,0,97,93,66,42,27,14,7,2,0,0,0
24,7,1,933,1053,0,81,81,51,34,19,9,6,3,1,0,93,95,70,40,23,10,6,5,2,1,0
24,7,2,933,1024,0,81,81,51,34,19,9,6,3,1,0,95,97,68,41,22,14,6,3,2,0,0
24,7,0,952,1106,0,81,76,55,34,19,11,5,3,1,1,91,94,63,43,30,16,7,2,1,1,1
24,7,1,952,1063,0,81,76,55,34,19,11,5,3,1,1,94,101,69,41,21,11,8,5,2,0,0
24,7,2,952,1064,0,81,76,55,34,19,11,5,3,1,1,101,91,73,45,23,13,6,3,2,1,0
24,7,0,949,1049,0,76,81,53,30,22,14,6,2,1,0,96,92,64,43,26,16,9,2,0,0,0
24,7,1,949,1076,0,76,81,53,30,22,14,6,2,1,0,92,97,74,48,27,12,4,3,2,1,0
24,7,2,949,1100,0,76,81,53,30,22,14,6,2,1,0,97,96,71,37,22,17,10,4,1,0,0
24,7,0,858,960,0,84,83,57,31,16,8,4,1,1,1,101,95,67,39,18,11,6,4,1,0,0
24,7,1,858,1004,0,84,83,57,31,16,8,4,1,1,1,95,90,68,42,24,11,6,2,1,1,0
24,7,2,858,918,0,84,83,57,31,16,8,4,1,1,1,90,101,67,38,20,9,3,1,1,1,1
24,7,0,842,977,0,83,83,56,32,17,9,3,2,1,0,94,97,69,41,22,11,4,3,1,1,0
24,7,1,842,969,0,83,83,56,32,17,9,3,2,1,0,97,95,68,39,21,11,7,2,2,0,0
24,7,2,842,879,0,83,83,56,32,17,9,3,2,1,0,95,94,66,40,21,10,4,1,0,0,0
24,7,0,870,930,0,83,84,54,31,17,8,6,3,0,0,91,101,64,38,22,12,5,2,0,0,0
24,7,1,870,1008,0,83,84,54,31,17,8,6,3,0,0,101,94,72,40,21,12,7,4,0,0,0
24,7,2,870,987,0,83,84,54,31,17,8,6,3,0,0,94,91,67,41,22,10,5,3,3,0,0
24,7,0,1035,1146,0,88,80,54,37,25,17,6,2,1,0,101,107,65,42,30,18,8,3,1,1,0
24,7,1,1035,1210,0,88,80,54,37,25,17,6,2,1,0,107,102,78,51,28,16,11,4,1,0,0
24,7,2,1035,1172,0,88,80,54,37,25,17,6,2,1,0,102,101,79,49,30,17,7,2,1,0,0
24,7,0,1041,1236,0,80,84,55,34,24,10,7,5,1,1,105,89,77,48,31,19,8,4,1,1,0
24,7,1,1041,1231,0,80,84,55,34,24,10,7,5,1,1,89,107,73,44,27,13,8,6,3,1,1
24,7,2,1041,1166,0,80,84,55,34,24,10,7,5,1,1,107,105,71,45,24,16,8,4,3,0,0
24,7,0,1018,1167,0,84,88,60,34,15,9,6,3,2,1,96,109,69,41,25,13,7,4,4,2,0
24,7,1,1018,1143,0,84,88,60,34,15,9,6,3,2,1,109,98,77,44,22,12,7,3,2,1,1
24,7,2,1018,1146,0,84,88,60,34,15,9,6,3,2,1,98,96,73,46,24,12,8,6,1,1,1
24,7,0,962,1057,0,79,85,58,34,18,10,6,3,1,0,99,99,72,45,24,10,4,3,3,1,0
24,7,1,962,1064,0,79,85,58,34,18,10,6,3,1,0,99,96,72,42,26,15,7,3,1,0,0
24,7,2,962,1057,0,79,85,58,34,18,10,6,3,1,0,96,99,71,43,22,13,9,4,0,0,0
24,7,0,953,1066,0,85,78,52,30,20,13,6,2,1,1,98,95,69,39,20,15,9,5,1,0,0
24,7,1,953,1089,0,85,78,52,30,20,13,6,2,1,1,95,95,66,43,26,16,8,2,1,1,0
24,7,2,953,1084,0,85,78,52,30,20,13,6,2,1,1,95,98,68,43,27,12,6,3,2,1,1
24,7,0,983,1099,0,78,79,52,39,21,10,5,3,2,0,95,99,70,46,28,11,5,4,2,1,0
24,7,1,983,1117,0,78,79,52,39,21,10,5,3,2,0,99,95,73,41,25,15,7,3,2,1,0
24,7,2,983,1097,0,78,79,52,39,21,10,5,3,2,0,95,95,68,45,27,15,8,3,1,0,0
24,7,0,1066,1221,0,82,90,56,37,19,12,7,4,2,1,103,103,80,51,27,13,9,5,1,1,0
24,7,1,1066,1266,0,82,90,56,37,19,12,7,4,2,1,103,104,78,43,27,15,7,4,4,2,1
24,7,2,1066,1203,0,82,90,56,37,19,12,7,4,2,1,104,103,70,44,28,17,10,5,2,0,0
24,7,0,1017,1185,0,90,77,54,32,24,14,7,3,2,0,99,106,72,44,26,16,8,4,3,1,0
24,7,1,1017,1130,0,90,77,54,32,24,14,7,3,2,0,106,98,70,42,25,18,9,4,1,0,0
24,7,2,1017,1196,0,90,77,54,32,24,14,7,3,2,0,98,99,71,50,31,16,9,4,1,1,0
24,7,0,972,1149,0,77,82,51,29,19,12,8,4,1,1,101,92,72,47,25,15,9,6,1,0,0
24,7,1,972,1145,0,77,82,51,29,19,12,8,4,1,1,92,91,70,40,27,14,8,5,3,1,0
24,7,2,972,1099,0,77,82,51,29,19,12,8,4,1,1,91,101,65,38,22,16,9,3,2,1,1
24,7,0,934,1041,0,80,82,50,30,20,11,7,4,0,0,94,94,70,43,26,14,6,4,1,0,0
24,7,1,934,1042,0,80,82,50,30,20,11,7,4,0,0,94,96,70,36,23,13,8,5,2,0,0
24,7,2,934,1039,0,80,82,50,30,20,11,7,4,0,0,96,94,64,43,23,15,8,2,1,0,0
24,7,0,982,1149,0,82,77,51,32,18,11,8,3,2,1,92,98,64,42,27,15,8,5,3,1,0
24,7,1,982,1106,0,82,77,51,32,18,11,8,3,2,1,98,95,71,41,22,14,9,4,2,1,0
24,7,2,982,1138,0,82,77,51,32,18,11,8,3,2,1,95,92,68,43,26,14,8,5,1,1,1
24,7,0,918,1058,0,77,80,50,33,19,12,5,2,2,0,96,90,69,45,25,13,6,3,2,1,0
24,7,1,918,1036,0,77,80,50,33,19,12,5,2,2,0,90,94,69,41,27,14,6,3,1,0,0
24,7,2,918,1026,0,77,80,50,33,19,12,5,2,2,0,94,96,65,37,21,13,9,3,1,1,0
24,7,0,933,1056,0,84,73,55,34,19,11,5,3,1,0,102,89,67,41,26,14,8,3,1,0,0
24,7,1,933,1007,0,84,73,55,34,19,11,5,3,1,0,89,94,67,44,25,12,7,3,1,0,0
24,7,2,933,1051,0,84,73,55,34,19,11,5,3,1,0,94,102,67,43,22,13,5,3,2,1,0
24,7,0,949,1152,0,73,79,50,32,21,12,6,2,2,1,92,92,69,42,28,17,8,3,1,1,1
24,7,1,949,1074,0,73,79,50,32,21,12,6,2,2,1,92,94,68,39,23,13,8,4,2,1,0
24,7,2,949,1094,0,73,79,50,32,21,12,6,2,2,1,94,92,68,45,25,14,7,4,2,1,0
24,7,0,965,1091,0,79,84,55,32,18,9,5,3,1,1,96,99,67,40,25,13,7,2,1,1,1
24,7,1,965,1102,0,79,84,55,32,18,9,5,3,1,1,99,93,75,45,22,11,5,5,2,1,1
24,7,2,965,1109,0,79,84,55,32,18,9,5,3,1,1,93,96,67,40,23,14,8,4,3,1,0
24,7,0,966,1104,0,77,87,56,33,19,10,6,4,1,0,100,98,71,41,26,16,9,3,1,0,0
24,7,1,966,1071,0,77,87,56,33,19,10,6,4,1,0,98,95,74,41,24,12,7,4,1,1,0
24,7,2,966,1078,0,77,87,56,33,19,10,6,4,1,0,95,100,71,47,23,12,5,4,3,0,0
24,7,0,994,1157,0,87,77,56,31,18,11,6,3,2,2,99,92,69,47,29,16,8,4,2,1,0
24,7,1,994,1145,0,87,77,56,31,18,11,6,3,2,2,92,102,68,40,25,11,7,5,3,2,1
24,7,2,994,1133,0,87,77,56,31,18,11,6,3,2,2,102,99,69,42,19,15,9,4,2,1,1
24,7,0,951,1108,0,77,77,49,34,22,12,5,3,2,0,95,94,66,38,25,17,8,4,2,1,0
24,7,1,951,1110,0,77,77,49,34,22,12,5,3,2,0,94,92,67,47,25,14,9,4,2,0,0
24,7,2,951,1056,0,77,77,49,34,22,12,5,3,2,0,92,95,71,42,28,13,5,2,1,1,0
24,7,0,1078,1332,0,80,77,52,33,17,10,7,5,3,2,93,100,69,44,26,17,9,6,4,3,2
24,7,1,1078,1332,0,80,77,52,33,17,10,7,5,3,2,100,95,70,43,28,16,11,6,4,2,1
24,7,2,1078,1297,0,80,77,52,33,17,10,7,5,3,2,95,93,69,44,25,13,9,7,4,2,1
24,7,0,1107,1325,0,77,79,52,31,19,14,8,4,2,2,98,96,72,46,26,18,11,4,3,2,1
24,7,1,1107,1338,0,77,79,52,31,19,14,8,4,2,2,96,96,71,45,30,18,10,6,2,2,2
24,7,2,1107,1345,0,77,79,52,31,19,14,8,4,2,2,96,98,70,43,26,15,11,8,5,2,1
24,7,0,1050,1221,0,79,80,53,32,20,10,8,5,3,1,97,96,72,43,26,18,10,6,3,1,0
24,7,1,1050,1218,0,79,80,53,32,20,10,8,5,3,1,96,98,67,43,27,15,9,5,3,2,1
24,7,2,1050,1210,0,79,80,53,32,20,10,8,5,3,1,98,97,73,46,26,14,8,6,3,1,0
24,7,0,1012,1147,0,73,78,49,30,21,13,6,4,2,1,100,89,71,47,25,15,7,4,3,1,0
24,7,1,1012,1249,0,73,78,49,30,21,13,6,4,2,1,89,89,68,41,31,18,8,4,2,2,1
24,7,2,1012,1198,0,73,78,49,30,21,13,6,4,2,1,89,100,66,39,22,15,12,6,3,1,1
24,7,0,1004,1237,0,78,78,48,28,18,11,8,6,3,1,97,92,72,39,23,17,9,7,6,1,0
24,7,1,1004,1185,0,78,78,48,28,18,11,8,6,3,1,92,90,60,38,28,19,12,4,1,1,1
24,7,2,1004,1183,0,78,78,48,28,18,11,8,6,3,1,90,97,69,46,24,11,8,7,3,2,0
24,7,0,1035,1252,0,78,73,51,35,18,11,7,2,2,2,97,95,66,40,25,17,10,6,3,1,1
24,7,1,1035,1270,0,78,73,51,35,18,11,7,2,2,2,95,89,69,47,28,14,9,4,2,2,1
24,7,2,1035,1224,0,78,73,51,35,18,11,7,2,2,2,89,97,68,43,26,13,7,5,3,3,2
24,7,0,1011,1159,0,76,78,52,28,18,13,8,5,2,1,99,92,71,46,24,17,8,4,3,1,1
24,7,1,1011,1169,0,76,78,52,28,18,13,8,5,2,1,92,90,70,41,28,16,10,6,2,0,0
24,7,2,1011,1177,0,76,78,52,28,18,13,8,5,2,1,90,99,64,40,23,14,11,6,3,2,0
24,7,0,1017,1216,0,78,77,48,32,19,11,6,3,3,2,93,94,70,41,24,15,8,5,3,2,1
24,7,1,1017,1177,0,78,77,48,32,19,11,6,3,3,2,94,93,63,40,28,17,8,4,3,2,1
24,7,2,1017,1222,0,78,77,48,32,19,11,6,3,3,2,93,93,69,44,25,13,10,6,3,2,1
24,7,0,943,1054,0,77,76,51,33,21,10,5,4,2,0,96,94,67,40,22,12,8,4,2,1,0
24,7,1,943,1099,0,77,76,51,33,21,10,5,4,2,0,94,89,68,45,26,17,6,3,2,1,0
24,7,2,943,1064,0,77,76,51,33,21,10,5,4,2,0,89,96,67,41,27,13,7,4,2,0,0
24,7,0,1059,1308,0,78,86,52,29,17,10,5,4,3,3,97,98,70,42,21,15,11,5,4,3,2
24,7,1,1059,1289,0,78,86,52,29,17,10,5,4,3,3,98,94,70,44,28,15,7,5,4,3,2
24,7,2,1059,1257,0,78,86,52,29,17,10,5,4,3,3,94,97,71,39,24,14,9,7,4,2,1
24,7,0,1074,1274,0,86,75,48,32,18,13,8,4,3,1,99,98,72,44,23,14,10,6,4,2,1
24,7,1,1074,1368,0,86,75,48,32,18,13,8,4,3,1,98,93,67,44,29,19,10,6,3,2,1
24,7,2,1074,1268,0,86,75,48,32,18,13,8,4,3,1,93,99,65,41,29,16,11,6,3,2,1
24,7,0,1104,1346,0,75,78,51,35,21,11,6,3,2,2,94,100,73,42,27,16,9,7,3,2,1
24,7,1,1104,1329,0,75,78,51,35,21,11,6,3,2,2,100,93,69,42,26,16,11,5,4,3,2
24,7,2,1104,1394,0,75,78,51,35,21,11,6,3,2,2,93,94,70,50,30,16,7,4,3,2,2
24,7,0,1081,1291,0,74,84,49,32,18,12,9,5,3,1,96,97,72,40,27,14,10,8,4,2,1
24,7,1,1081,1259,0,74,84,49,32,18,12,9,5,3,1,97,95,70,45,25,18,11,6,4,1,0
24,7,2,1081,1315,0,74,84,49,32,18,12,9,5,3,1,95,96,72,45,29,17,10,5,2,2,1
24,7,0,1035,1189,0,84,75,56,34,20,12,7,4,2,1,97,101,70,47,25,14,10,5,2,1,0
24,7,1,1035,1199,0,84,75,56,34,20,12,7,4,2,1,101,97,74,46,28,15,7,5,3,1,0
24,7,2,1035,1195,0,84,75,56,34,20,12,7,4,2,1,97,97,67,43,27,17,9,4,2,1,1
24,7,0,1089,1363,0,75,74,48,28,22,14,8,4,2,2,89,96,68,45,29,18,8,6,5,3,2
24,7,1,1089,1304,0,75,74,48,28,22,14,8,4,2,2,96,94,69,40,26,19,13,6,3,1,1
24,7,2,1089,1319,0,75,74,48,28,22,14,8,4,2,2,94,89,67,45,27,17,11,6,2,2,1
24,7,0,985,1115,0,76,80,48,29,21,11,7,3,1,1,94,91,70,43,24,14,8,4,3,1,0
24,7,1,985,1147,0,76,80,48,29,21,11,7,3,1,1,91,93,65,39,26,16,7,4,2,1,1
24,7,2,985,1141,0,76,80,48,29,21,11,7,3,1,1,93,94,67,40,24,15,9,5,1,1,1
24,7,0,975,1094,0,80,81,59,38,16,8,5,4,2,1,99,98,71,41,25,12,5,4,2,1,1
24,7,1,975,1117,0,80,81,59,38,16,8,5,4,2,1,98,97,68,44,25,14,8,5,2,0,0
24,7,2,975,1143,0,80,81,59,38,16,8,5,4,2,1,97,99,75,48,24,10,7,3,3,2,0
24,7,0,1017,1189,0,81,76,55,30,21,13,5,4,3,1,99,93,68,46,25,17,9,4,2,1,1
24,7,1,1017,1208,0,81,76,55,30,21,13,5,4,3,1,93,97,70,44,28,16,8,4,3,2,0
24,7,2,1017,1167,0,81,76,55,30,21,13,5,4,3,1,97,99,70,42,24,14,9,5,3,1,0
24,7,0,1120,1316,0,87,89,57,36,25,15,9,4,1,0,110,100,80,51,33,20,9,5,1,1,0
24,7,1,1120,1261,0,87,89,57,36,25,15,9,4,1,0,100,113,79,46,29,17,11,5,1,0,0
24,7,2,1120,1261,0,87,89,57,36,25,15,9,4,1,0,113,110,77,50,28,17,9,4,3,0,0
24,7,0,1208,1420,0,89,91,59,41,22,13,9,7,2,1,109,114,78,52,32,18,12,7,4,1,0
24,7,1,1208,1402,0,89,91,59,41,22,13,9,7,2,1,114,111,84,54,33,16,9,4,3,2,1
24,7,2,1208,1386,0,89,91,59,41,22,13,9,7,2,1,111,109,83,48,30,20,11,8,3,0,0
24,7,0,1266,1477,0,91,87,64,40,28,15,9,4,4,1,117,115,88,55,30,19,12,6,4,1,0
24,7,1,1266,1491,0,91,87,64,40,28,15,9,4,4,1,115,111,85,58,34,23,12,6,1,1,1
24,7,2,1266,1480,0,91,87,64,40,28,15,9,4,4,1,111,117,79,52,37,19,9,6,4,3,0
24,7,0,1123,1328,0,94,86,61,37,22,16,9,5,1,0,102,111,77,54,35,15,9,5,3,0,0
24,7,1,1123,1257,0,94,86,61,37,22,16,9,5,1,0,111,118,82,44,24,18,11,5,1,0,0
24,7,2,1123,1364,0,94,86,61,37,22,16,9,5,1,0,118,102,78,53,31,20,11,5,2,1,0
24,7,0,1167,1324,0,86,88,60,41,24,14,8,4,2,1,114,105,80,57,30,18,10,5,3,0,0
24,7,1,1167,1358,0,86,88,60,41,24,14,8,4,2,1,105,109,81,53,37,18,8,4,2,1,0
24,7,2,1167,1349,0,86,88,60,41,24,14,8,4,2,1,109,114,81,44,27,17,11,6,2,2,1
24,7,0,1153,1357,0,88,94,62,40,24,12,6,4,3,1,120,110,92,49,26,15,8,4,4,2,1
24,7,1,1153,1304,0,88,94,62,40,24,12,6,4,3,1,110,104,74,51,34,21,9,4,2,0,0
24,7,2,1153,1331,0,88,94,62,40,24,12,6,4,3,1,104,120,80,52,30,14,9,6,2,2,0
24,7,0,1085,1344,0,85,85,55,35,21,15,9,4,2,1,100,107,76,46,31,20,10,5,3,1,1
24,7,1,1085,1217,0,85,85,55,35,21,15,9,4,2,1,107,105,72,44,26,16,12,6,2,0,0
24,7,2,1085,1294,0,85,85,55,35,21,15,9,4,2,1,105,100,79,52,30,16,9,5,2,2,0
24,7,0,1170,1413,0,85,90,58,34,24,14,8,4,2,2,113,108,78,50,29,18,10,5,2,2,2
24,7,1,1170,1400,0,85,90,58,34,24,14,8,4,2,2,108,101,84,54,32,17,8,6,4,1,1
24,7,2,1170,1369,0,85,90,58,34,24,14,8,4,2,2,101,113,75,43,28,20,13,6,3,2,0
24,7,0,1126,1331,0,90,85,57,35,20,13,8,5,3,1,98,104,77,45,26,15,9,7,3,2,1
24,7,1,1126,1396,0,90,85,57,35,20,13,8,5,3,1,104,116,69,47,28,20,11,6,4,2,1
24,7,2,1126,1341,0,90,85,57,35,20,13,8,5,3,1,116,98,82,51,32,16,11,5,3,1,0
24,7,0,985,1097,0,79,81,51,35,19,12,8,3,2,0,91,99,70,43,24,14,10,5,0,0,0
24,7,1,985,1164,0,79,81,51,35,19,12,8,3,2,0,99,100,69,45,27,15,7,3,3,2,0
24,7,2,985,1129,0,79,81,51,35,19,12,8,3,2,0,100,91,72,42,28,15,8,5,2,0,0
24,7,0,952,1063,0,81,85,51,29,19,11,6,3,1,1,97,100,70,41,21,12,7,2,2,1,1
24,7,1,952,1056,0,81,85,51,29,19,11,6,3,1,1,100,90,72,40,24,15,7,5,1,0,0
24,7,2,952,1083,0,81,85,51,29,19,11,6,3,1,1,90,97,64,40,25,14,8,4,2,1,0
24,7,0,995,1102,0,85,79,55,32,18,11,6,4,2,1,96,99,72,48,25,14,9,4,1,0,0
24,7,1,995,1148,0,85,79,55,32,18,11,6,4,2,1,99,98,69,37,25,14,7,5,3,2,0
24,7,2,995,1142,0,85,79,55,32,18,11,6,4,2,1,98,96,67,44,24,14,8,4,3,1,1
24,7,0,960,1043,0,75,87,52,31,22,13,7,2,1,0,99,92,71,43,26,15,8,2,0,0,0
24,7,1,960,1080,0,75,87,52,31,22,13,7,2,1,0,92,99,68,43,27,14,6,4,1,1,0
24,7,2,960,1128,0,75,87,52,31,22,13,7,2,1,0,99,99,76,42,23,16,9,4,2,0,0
24,7,0,1010,1113,0,87,87,55,33,19,12,8,4,0,0,106,97,73,40,26,16,8,5,1,0,0
24,7,1,1010,1126,0,87,87,55,33,19,12,8,4,0,0,97,102,68,44,25,14,10,4,2,0,0
24,7,2,1010,1101,0,87,87,55,33,19,12,8,4,0,0,102,106,77,47,25,13,6,3,1,0,0
24,7,0,1052,1263,0,87,75,59,38,21,11,6,5,3,0,103,101,70,47,30,16,10,5,2,2,0
24,7,1,1052,1232,0,87,75,59,38,21,11,6,5,3,0,101,101,75,49,28,13,7,5,4,1,0
24,7,2,1052,1165,0,87,75,59,38,21,11,6,5,3,0,101,103,73,47,26,17,8,4,2,0,0
24,7,0,1018,1123,0,86,88,52,31,19,12,6,5,3,0,103,103,73,44,21,14,8,4,3,1,0
24,7,1,1018,1217,0,86,88,52,31,19,12,6,5,3,0,103,96,73,45,30,17,8,4,2,1,0
24,7,2,1018,1183,0,86,88,52,31,19,12,6,5,3,0,96,103,70,39,25,14,10,6,3,1,0
24,7,0,1010,1129,0,88,80,56,35,20,11,7,3,1,1,99,106,74,46,21,11,7,5,3,1,0
24,7,1,1010,1172,0,88,80,56,35,20,11,7,3,1,1,106,97,72,44,28,19,7,2,1,1,1
24,7,2,1010,1129,0,88,80,56,35,20,11,7,3,1,1,97,99,68,44,29,13,9,5,1,0,0
24,7,0,1057,1215,0,80,86,58,35,20,10,5,3,2,2,97,105,73,45,25,13,9,6,3,1,0
24,7,1,1057,1244,0,80,86,58,35,20,10,5,3,2,2,105,100,75,44,26,16,9,3,2,2,1
24,7,2,1057,1233,0,80,86,58,35,20,10,5,3,2,2,100,97,74,47,27,14,5,4,3,2,2
24,7,0,1124,1315,0,84,87,56,31,22,12,7,5,3,3,102,104,70,45,28,17,10,7,4,2,0
24,7,1,1124,1417,0,84,87,56,31,22,12,7,5,3,3,104,104,79,48,27,18,10,5,4,3,2
24,7,2,1124,1319,0,84,87,56,31,22,12,7,5,3,3,104,102,77,46,28,17,10,6,3,1,1
24,7,0,1163,1387,0,87,86,55,36,21,12,7,4,3,2,102,99,73,47,31,18,10,7,4,2,1
24,7,1,1163,1363,0,87,86,55,36,21,12,7,4,3,2,99,114,75,46,29,16,11,6,3,2,1
24,7,2,1163,1427,0,87,86,55,36,21,12,7,4,3,2,114,102,80,49,27,17,9,5,4,3,2
24,7,0,1101,1306,0,86,84,57,36,21,15,8,5,2,0,108,104,74,48,30,18,11,5,2,1,0
24,7,1,1101,1272,0,86,84,57,36,21,15,8,5,2,0,104,102,80,49,29,16,10,5,3,0,0
24,7,2,1101,1241,0,86,84,57,36,21,15,8,5,2,0,102,108,74,47,28,17,9,5,2,1,0
24,7,0,1118,1310,0,85,84,52,36,23,12,5,4,3,2,103,105,80,47,26,15,7,5,4,2,2
24,7,1,1118,1289,0,85,84,52,36,23,12,5,4,3,2,105,99,73,44,29,20,10,6,3,1,0
24,7,2,1118,1338,0,85,84,52,36,23,12,5,4,3,2,99,103,69,47,31,15,10,4,3,3,1
24,7,0,1105,1258,0,84,87,56,34,21,12,8,5,3,1,101,110,76,46,27,15,10,5,3,1,0
24,7,1,1105,1275,0,84,87,56,34,21,12,8,5,3,1,110,100,77,45,28,18,9,5,3,2,0
24,7,2,1105,1343,0,84,87,56,34,21,12,8,5,3,1,100,101,74,49,29,17,10,7,3,1,1
24,7,0,1067,1267,0,87,85,59,33,17,11,8,3,1,1,105,99,76,49,27,14,7,5,3,2,1
24,7,1,1067,1240,0,87,85,59,33,17,11,8,3,1,1,99,103,72,40,26,17,9,5,2,1,1
24,7,2,1067,1257,0,87,85,59,33,17,11,8,3,1,1,103,105,72,46,23,12,10,5,2,1,1
24,7,0,1046,1181,0,85,88,61,35,22,12,6,3,2,0,108,103,80,49,25,13,10,4,1,1,0
24,7,1,1046,1150,0,85,88,61,35,22,12,6,3,2,0,103,103,78,47,27,14,5,3,3,1,0
24,7,2,1046,1143,0,85,88,61,35,22,12,6,3,2,0,103,108,71,45,28,18,8,4,1,0,0
24,7,0,1119,1305,0,88,81,57,37,22,16,9,4,1,1,103,112,79,47,32,17,8,5,2,1,1
24,7,1,1119,1272,0,88,81,57,37,22,16,9,4,1,1,112,101,77,44,25,18,13,7,2,0,0
24,7,2,1119,1298,0,88,81,57,37,22,16,9,4,1,1,101,103,72,56,33,18,10,3,2,1,0
24,7,0,1135,1305,0,81,85,57,40,26,14,8,4,2,0,107,105,79,54,32,19,9,4,2,0,0
24,7,1,1135,1303,0,81,85,57,40,26,14,8,4,2,0,105,105,82,50,32,17,8,5,2,1,0
24,7,2,1135,1297,0,81,85,57,40,26,14,8,4,2,0,105,107,75,47,30,18,11,5,2,1,0
24,7,0,1121,1263,0,93,84,58,40,22,14,6,3,3,1,111,106,75,48,27,16,12,5,2,1,0
24,7,1,1121,1325,0,93,84,58,40,22,14,6,3,3,1,106,107,79,53,31,16,8,4,3,2,0
24,7,2,1121,1272,0,93,84,58,40,22,14,6,3,3,1,107,111,77,46,31,17,7,4,2,1,1
24,7,0,1163,1366,0,84,87,60,37,27,13,6,3,1,1,103,110,79,50,32,18,7,5,3,2,1
24,7,1,1163,1344,0,84,87,60,37,27,13,6,3,1,1,110,108,81,47,28,16,10,5,3,1,1
24,7,2,1163,1354,0,84,87,60,37,27,13,6,3,1,1,108,103,77,53,30,19,9,3,1,1,1
24,7,0,1164,1335,0,87,93,60,35,20,12,9,5,2,1,108,111,78,49,30,17,10,5,4,1,0
24,7,1,1164,1366,0,87,93,60,35,20,12,9,5,2,1,111,106,85,48,26,17,10,6,2,1,1
24,7,2,1164,1373,0,87,93,60,35,20,12,9,5,2,1,106,108,75,48,29,16,10,7,3,2,1
24,7,0,1120,1297,0,90,97,65,39,20,11,7,4,2,1,112,108,82,53,31,14,8,4,2,1,1
24,7,1,1120,1249,0,90,97,65,39,20,11,7,4,2,1,108,116,80,47,28,15,8,6,2,0,0
24,7,2,1120,1305,0,90,97,65,39,20,11,7,4,2,1,116,112,84,49,25,16,9,4,3,2,0
24,7,0,1182,1369,0,97,82,63,38,23,13,7,6,3,1,113,111,76,48,28,19,11,6,3,1,1
24,7,1,1182,1409,0,97,82,63,38,23,13,7,6,3,1,111,109,78,56,32,17,10,5,4,2,0
24,7,2,1182,1328,0,97,82,63,38,23,13,7,6,3,1,109,113,82,50,31,17,9,6,3,1,0
24,7,0,1136,1383,0,82,90,53,36,24,16,8,3,2,1,109,103,83,47,31,17,9,5,3,2,1
24,7,1,1136,1310,0,82,90,53,36,24,16,8,3,2,1,103,104,77,46,28,19,11,5,2,1,1
24,7,2,1136,1344,0,82,90,53,36,24,16,8,3,2,1,104,109,74,51,32,19,11,5,2,1,0
24,7,0,1216,1481,0,87,84,58,42,24,12,8,3,2,1,102,112,78,50,31,18,10,6,3,3,1
24,7,1,1216,1460,0,87,84,58,42,24,12,8,3,2,1,112,110,79,50,31,19,10,5,4,2,2
24,7,2,1216,1460,0,87,84,58,42,24,12,8,3,2,1,110,102,80,53,33,16,9,6,2,1,1
24,7,0,1120,1288,0,84,89,61,35,23,13,5,4,2,2,105,111,75,49,27,14,9,4,3,2,1
24,7,1,1120,1349,0,84,89,61,35,23,13,5,4,2,2,111,103,86,51,29,17,7,5,2,1,1
24,7,2,1120,1369,0,84,89,61,35,23,13,5,4,2,2,103,105,74,46,29,19,11,5,4,2,1
24,7,0,1193,1491,0,89,87,52,31,20,15,10,5,3,2,103,101,80,48,30,19,13,8,4,2,1
24,7,1,1193,1445,0,89,87,52,31,20,15,10,5,3,2,101,112,72,42,27,19,13,7,4,3,2
24,7,2,1193,1450,0,89,87,52,31,20,15,10,5,3,2,112,103,75,50,31,19,11,7,4,2,1
24,7,0,919,1044,0,86,84,54,28,18,11,6,2,1,1,102,94,71,45,24,12,5,3,1,1,0
24,7,1,919,1083,0,86,84,54,28,18,11,6,2,1,1,94,95,71,39,22,12,7,5,2,1,1
24,7,2,919,993,0,86,84,54,28,18,11,6,2,1,1,95,102,63,37,21,15,9,2,1,0,0
24,7,0,965,1076,0,84,78,51,32,20,13,6,3,1,0,93,100,69,39,25,16,7,4,1,0,0
24,7,1,965,1092,0,84,78,51,32,20,13,6,3,1,0,100,95,66,41,23,15,10,4,1,0,0
24,7,2,965,1066,0,84,78,51,32,20,13,6,3,1,0,95,93,69,46,27,12,6,2,2,1,0
24,7,0,941,1007,0,78,86,56,34,18,10,6,3,1,0,97,99,69,45,23,10,7,2,1,1,0
24,7,1,941,1067,0,78,86,56,34,18,10,6,3,1,0,99,96,76,46,26,13,3,3,2,0,0
24,7,2,941,1095,0,78,86,56,34,18,10,6,3,1,0,96,97,69,37,23,15,10,5,1,0,0
24,7,0,969,1098,0,89,84,56,37,16,10,4,3,3,0,102,99,72,45,21,12,7,4,3,1,0
24,7,1,969,1083,0,89,84,56,37,16,10,4,3,3,0,99,101,69,43,28,14,7,3,1,0,0
24,7,2,969,1066,0,89,84,56,37,16,10,4,3,3,0,101,102,72,41,24,10,6,3,2,2,0
24,7,0,971,1081,0,84,82,56,33,22,12,7,2,0,0,101,98,72,44,24,16,7,3,1,0,0
24,7,1,971,1065,0,84,82,56,33,22,12,7,2,0,0,98,99,67,44,27,14,9,2,0,0,0
24,7,2,971,1065,0,84,82,56,33,22,12,7,2,0,0,99,101,75,44,25,13,5,4,1,0,0
24,7,0,951,1007,0,82,89,53,32,20,8,6,4,1,1,103,97,72,39,23,15,6,2,1,1,0
24,7,1,951,1126,0,82,89,53,32,20,8,6,4,1,1,97,96,69,43,25,14,8,5,1,1,1
24,7,2,951,1104,0,82,89,53,32,20,8,6,4,1,1,96,103,73,43,24,11,6,5,4,0,0
24,7,0,960,1115,0,79,83,56,33,19,9,5,2,1,1,100,97,70,44,24,11,7,3,1,1,1
24,7,1,960,1077,0,79,83,56,33,19,9,5,2,1,1,97,92,73,45,24,13,4,3,2,1,1
24,7,2,960,1088,0,79,83,56,33,19,9,5,2,1,1,92,100,67,38,23,14,8,4,2,1,0
24,7,0,976,1082,0,83,80,57,37,20,11,5,3,1,0,97,101,75,43,24,12,7,4,1,0,0
24,7,1,976,1103,0,83,80,57,37,20,11,5,3,1,0,101,99,69,46,26,14,6,3,2,1,0
24,7,2,976,1061,0,83,80,57,37,20,11,5,3,1,0,99,97,70,45,27,14,7,2,1,0,0
24,7,0,952,1039,0,80,79,50,34,24,14,5,1,1,1,93,101,69,41,24,14,7,3,1,0,0
24,7,1,952,1128,0,80,79,50,34,24,14,5,1,1,1,101,95,71,45,26,15,8,4,1,1,0
24,7,2,952,1128,0,80,79,50,34,24,14,5,1,1,1,95,93,69,44,30,17,7,1,1,1,1
24,7,0,1128,1336,0,87,85,57,36,21,13,7,5,4,1,107,101,77,47,30,16,10,7,4,1,0
24,7,1,1128,1308,0,87,85,57,36,21,13,7,5,4,1,101,108,73,47,28,18,11,4,3,2,0
24,7,2,1128,1371,0,87,85,57,36,21,13,7,5,4,1,108,107,79,50,29,17,9,6,3,2,1
24,7,0,1043,1170,0,85,85,58,34,21,12,7,4,2,0,103,103,71,44,24,17,9,4,2,1,0
24,7,1,1043,1214,0,85,85,58,34,21,12,7,4,2,0,103,102,76,48,29,15,8,5,2,0,0
24,7,2,1043,1185,0,85,85,58,34,21,12,7,4,2,0,102,103,76,46,27,14,8,4,2,1,0
24,7,0,1066,1289,0,85,87,57,32,18,13,9,5,2,1,103,104,75,49,31,16,9,5,2,1,1
24,7,1,1066,1281,0,85,87,57,32,18,13,9,5,2,1,104,102,79,42,26,15,11,7,3,1,0
24,7,2,1066,1219,0,85,87,57,32,18,13,9,5,2,1,102,103,70,46,23,17,10,5,3,1,0
24,7,0,1130,1355,0,83,92,57,36,24,12,8,5,2,1,104,104,80,51,28,19,11,6,3,1,0
24,7,1,1130,1314,0,83,92,57,36,24,12,8,5,2,1,104,112,76,46,33,17,7,3,3,2,1
24,7,2,1130,1282,0,83,92,57,36,24,12,8,5,2,1,112,104,81,48,27,16,10,7,2,0,0
24,7,0,1179,1372,0,92,89,59,36,20,14,9,6,3,1,110,112,75,48,27,15,12,8,5,1,0
24,7,1,1179,1357,0,92,89,59,36,20,14,9,6,3,1,112,107,80,53,31,18,10,5,3,1,0
24,7,2,1179,1426,0,92,89,59,36,20,14,9,6,3,1,107,110,82,47,31,20,11,6,2,2,1
24,7,0,1144,1415,0,89,83,58,37,23,15,10,4,1,1,111,103,82,51,31,18,11,9,1,1,1
24,7,1,1144,1398,0,89,83,58,37,23,15,10,4,1,1,103,108,75,48,29,19,13,6,5,1,0
24,7,2,1144,1282,0,89,83,58,37,23,15,10,4,1,1,108,111,76,51,32,18,8,2,1,1,1
24,7,0,1170,1379,0,89,87,59,42,25,14,7,2,1,1,113,111,82,54,30,17,9,4,3,1,1
24,7,1,1170,1344,0,89,87,59,42,25,14,7,2,1,1,111,105,81,50,34,18,7,3,1,1,1
24,7,2,1170,1371,0,89,87,59,42,25,14,7,2,1,1,105,113,77,49,30,17,11,6,2,2,1
24,7,0,1136,1389,0,87,82,59,36,26,15,6,4,2,1,104,108,77,51,31,19,8,5,3,1,1
24,7,1,1136,1378,0,87,82,59,36,26,15,6,4,2,1,108,107,75,46,30,22,13,5,2,1,1
24,7,2,1136,1281,0,87,82,59,36,26,15,6,4,2,1,107,104,80,53,30,14,8,4,3,2,0
24,7,0,1111,1272,0,82,89,55,37,22,13,8,4,2,1,107,100,73,45,29,19,12,4,1,1,1
24,7,1,1111,1262,0,82,89,55,37,22,13,8,4,2,1,100,106,76,52,31,14,7,5,3,1,0
24,7,2,1111,1291,0,82,89,55,37,22,13,8,4,2,1,106,107,82,45,27,17,9,6,3,1,0
24,7,0,1111,1321,0,82,84,56,36,20,12,7,4,2,2,105,103,77,45,26,18,10,6,2,1,1
24,7,1,1111,1318,0,82,84,56,36,20,12,7,4,2,2,103,98,74,48,28,15,11,5,3,2,1
24,7,2,1111,1300,0,82,84,56,36,20,12,7,4,2,2,98,105,73,47,30,15,7,5,4,2,1
24,7,0,1179,1400,0,84,83,54,34,22,12,8,5,3,2,100,107,75,46,31,18,11,6,3,3,1
24,7,1,1179,1465,0,84,83,54,34,22,12,8,5,3,2,107,102,77,48,26,17,11,7,5,3,2
24,7,2,1179,1458,0,84,83,54,34,22,12,8,5,3,2,102,100,73,48,31,19,10,7,4,1,1
24,7,0,1147,1398,0,83,82,55,32,20,13,9,5,2,1,96,101,71,46,28,18,11,5,3,1,1
24,7,1,1147,1433,0,83,82,55,32,20,13,9,5,2,1,101,108,74,48,28,17,10,8,3,2,1
24,7,2,1147,1508,0,83,82,55,32,20,13,9,5,2,1,108,96,77,46,29,18,12,7,5,3,2
24,7,0,1187,1437,0,83,84,58,37,22,10,6,4,4,2,105,103,73,49,30,18,9,5,4,3,2
24,7,1,1187,1487,0,83,84,58,37,22,10,6,4,4,2,103,105,78,51,31,15,10,8,4,3,2
24,7,2,1187,1467,0,83,84,58,37,22,10,6,4,4,2,105,105,79,46,27,18,10,6,5,3,1
24,7,0,1247,1538,0,83,83,56,35,23,14,10,5,2,2,103,113,76,47,27,19,13,7,4,2,1
24,7,1,1247,1575,0,83,83,56,35,23,14,10,5,2,2,113,100,79,53,33,21,11,6,4,3,2
24,7,2,1247,1555,0,83,83,56,35,23,14,10,5,2,2,100,103,78,50,34,19,12,9,4,2,2
24,7,0,1199,1424,0,83,85,56,37,24,12,6,5,4,3,101,109,78,50,31,15,9,6,3,3,3
24,7,1,1199,1443,0,83,85,56,37,24,12,6,5,4,3,109,106,79,50,27,19,11,8,5,2,0
24,7,2,1199,1508,0,83,85,56,37,24,12,6,5,4,3,106,101,76,48,34,21,11,5,5,3,1
24,7,0,1234,1471,0,85,86,57,33,19,15,9,7,4,1,108,103,82,50,27,17,14,7,3,2,1
24,7,1,1234,1515,0,85,86,57,33,19,15,9,7,4,1,103,107,73,51,32,18,10,8,6,4,1
24,7,2,1234,1535,0,85,86,57,33,19,15,9,7,4,1,107,108,78,46,31,22,14,8,5,1,1
24,7,0,1227,1451,0,86,83,56,36,22,15,11,5,3,2,110,110,83,51,28,17,10,7,5,2,1
24,7,1,1227,1502,0,86,83,56,36,22,15,11,5,3,2,110,100,74,47,34,23,13,8,3,2,1
24,7,2,1227,1529,0,86,83,56,36,22,15,11,5,3,2,100,110,77,53,33,19,14,7,3,2,1
24,7,0,1151,1362,0,85,84,61,36,20,13,7,4,3,2,102,112,77,49,26,16,8,7,4,2,1
24,7,1,1151,1400,0,85,84,61,36,20,13,7,4,3,2,112,102,79,48,30,19,13,5,2,1,1
24,7,2,1151,1339,0,85,84,61,36,20,13,7,4,3,2,102,102,75,50,30,15,9,5,4,3,1
24,7,0,1155,1323,0,84,87,54,34,23,16,8,5,3,1,102,105,75,51,29,18,12,5,3,1,0
24,7,1,1155,1350,0,84,87,54,34,23,16,8,5,3,1,105,108,78,47,31,20,10,4,2,2,1
24,7,2,1155,1374,0,84,87,54,34,23,16,8,5,3,1,108,102,78,46,30,18,11,8,4,1,0
24,7,0,1188,1410,0,87,85,53,36,23,12,10,5,2,1,107,104,76,50,33,20,10,5,4,1,1
24,7,1,1188,1432,0,87,85,53,36,23,12,10,5,2,1,104,105,75,45,32,19,12,7,1,1,1
24,7,2,1188,1427,0,87,85,53,36,23,12,10,5,2,1,105,107,78,49,26,16,10,8,5,3,1
24,7,0,1165,1379,0,84,82,54,38,22,15,10,5,1,1,107,98,79,55,33,18,9,5,2,1,1
24,7,1,1165,1366,0,84,82,54,38,22,15,10,5,1,1,98,108,73,44,32,20,12,7,2,1,1
24,7,2,1165,1339,0,84,82,54,38,22,15,10,5,1,1,108,107,77,48,28,17,12,6,4,1,0
24,7,0,1150,1332,0,82,90,58,37,23,11,8,5,3,1,108,106,75,47,27,20,11,6,3,1,0
24,7,1,1150,1335,0,82,90,58,37,23,11,8,5,3,1,106,104,75,51,34,16,9,4,3,2,0
24,7,2,1150,1339,0,82,90,58,37,23,11,8,5,3,1,104,108,86,48,27,15,8,7,3,1,1
24,7,0,1087,1278,0,90,84,59,35,24,16,6,3,2,1,113,106,78,51,28,17,8,5,2,1,0
24,7,1,1087,1325,0,90,84,59,35,24,16,6,3,2,1,106,101,79,48,31,19,11,4,3,1,0
24,7,2,1087,1236,0,90,84,59,35,24,16,6,3,2,1,101,113,73,47,28,16,9,3,1,1,1
24,7,0,1125,1384,0,81,84,55,33,21,15,8,3,2,1,103,102,76,46,27,20,10,6,2,1,1
24,7,1,1125,1315,0,81,84,55,33,21,15,8,3,2,1,102,100,71,46,32,18,11,4,2,2,1
24,7,2,1125,1351,0,81,84,55,33,21,15,8,3,2,1,100,103,77,48,26,14,10,6,4,2,1
24,7,0,1154,1370,0,84,89,56,38,23,12,6,4,1,1,104,109,73,48,28,16,9,4,4,2,2
24,7,1,1154,1424,0,84,89,56,38,23,12,6,4,1,1,109,104,81,49,31,18,8,4,2,1,1
24,7,2,1154,1428,0,84,89,56,38,23,12,6,4,1,1,104,104,79,47,29,16,10,7,3,2,1
24,7,0,1216,1488,0,89,81,61,36,21,12,8,6,4,2,105,102,75,49,32,20,14,8,3,1,1
24,7,1,1216,1453,0,89,81,61,36,21,12,8,6,4,2,102,114,76,50,29,16,12,7,4,3,1
24,7,2,1216,1448,0,89,81,61,36,21,12,8,6,4,2,114,105,81,52,29,18,7,6,6,3,1
24,7,0,1119,1322,0,85,87,55,35,24,15,7,3,2,1,101,107,77,44,28,18,13,7,2,1,0
24,7,1,1119,1273,0,85,87,55,35,24,15,7,3,2,1,107,107,73,47,29,16,8,3,3,2,1
24,7,2,1119,1325,0,85,87,55,35,24,15,7,3,2,1,107,101,80,52,31,19,8,4,2,1,1
24,7,0,1037,1160,0,87,87,59,37,21,11,6,3,2,1,108,102,75,46,28,13,5,3,2,1,1
24,7,1,1037,1232,0,87,87,59,37,21,11,6,3,2,1,102,104,77,47,24,15,10,7,2,0,0
24,7,2,1037,1216,0,87,87,59,37,21,11,6,3,2,1,104,108,75,47,29,16,8,2,2,2,0
24,7,0,1097,1256,0,87,85,61,38,21,12,7,4,2,1,106,101,78,49,30,19,8,4,1,1,1
24,7,1,1097,1252,0,87,85,61,38,21,12,7,4,2,1,101,111,73,46,28,14,10,5,3,1,0
24,7,2,1097,1268,0,87,85,61,38,21,12,7,4,2,1,111,106,80,51,27,14,8,5,3,1,0
24,7,0,1032,1182,0,86,85,53,29,19,13,9,4,2,1,96,99,70,43,26,13,9,6,3,1,0
24,7,1,1032,1189,0,86,85,53,29,19,13,9,4,2,1,99,106,72,45,24,17,9,5,2,1,0
24,7,2,1032,1253,0,86,85,53,29,19,13,9,4,2,1,106,96,73,42,27,18,11,5,2,1,1
24,7,0,1062,1285,0,85,85,55,36,19,10,6,3,2,1,102,100,74,44,24,14,10,7,3,2,1
24,7,1,1062,1239,0,85,85,55,36,19,10,6,3,2,1,100,102,72,46,27,14,9,3,3,2,1
24,7,2,1062,1241,0,85,85,55,36,19,10,6,3,2,1,102,102,73,44,28,15,5,4,2,1,1
24,7,0,1114,1241,0,85,86,60,38,23,13,6,4,1,1,108,107,81,51,28,16,7,4,2,1,0
24,7,1,1114,1343,0,85,86,60,38,23,13,6,4,1,1,107,103,77,48,30,16,10,5,2,1,1
24,7,2,1114,1276,0,85,86,60,38,23,13,6,4,1,1,103,108,75,48,29,17,9,4,3,1,1
24,7,0,1062,1222,0,90,86,55,34,21,12,8,2,2,2,97,118,76,46,24,14,7,5,2,1,1
24,7,1,1062,1247,0,90,86,55,34,21,12,8,2,2,2,118,97,80,44,26,18,10,5,2,1,0
24,7,2,1062,1234,0,90,86,55,34,21,12,8,2,2,2,97,97,66,46,31,15,9,4,2,2,1
24,7,0,1050,1233,0,86,82,57,39,24,11,4,3,2,1,102,105,80,51,31,13,7,4,2,1,1
24,7,1,1050,1192,0,86,82,57,39,24,11,4,3,2,1,105,103,75,42,26,16,7,3,3,2,0
24,7,2,1050,1265,0,86,82,57,39,24,11,4,3,2,1,103,102,69,49,28,17,8,4,2,1,1
24,7,0,1094,1238,0,82,90,59,33,19,13,8,6,2,0,105,102,78,50,26,18,9,4,3,1,0
24,7,1,1094,1245,0,82,90,59,33,19,13,8,6,2,0,102,105,71,43,32,17,10,6,2,0,0
24,7,2,1094,1253,0,82,90,59,33,19,13,8,6,2,0,105,105,81,47,23,13,10,6,3,1,0
24,7,0,970,1138,0,76,81,52,29,20,9,7,4,2,1,90,94,63,40,25,13,7,5,3,2,1
24,7,1,970,1077,0,76,81,52,29,20,9,7,4,2,1,94,97,69,44,24,13,6,4,3,0,0
24,7,2,970,1143,0,76,81,52,29,20,9,7,4,2,1,97,90,73,40,23,17,10,5,1,1,0
24,7,0,834,985,0,81,77,49,28,15,11,5,1,1,1,90,91,61,40,18,10,6,4,1,1,1
24,7,1,834,1063,0,81,77,49,28,15,11,5,1,1,1,91,89,68,40,24,14,8,3,1,1,1
24,7,2,834,929,0,81,77,49,28,15,11,5,1,1,1,89,90,60,32,21,11,6,2,2,1,0
24,7,0,937,1037,0,77,76,50,33,17,12,7,4,1,0,88,94,68,38,23,13,9,4,2,0,0
24,7,1,937,1052,0,77,76,50,33,17,12,7,4,1,0,94,95,65,42,24,13,7,3,1,1,0
24,7,2,937,1121,0,77,76,50,33,17,12,7,4,1,0,95,88,67,44,27,15,8,5,2,0,0
24,7,0,944,1076,0,75,81,49,30,19,11,5,3,2,1,87,98,67,41,25,14,6,3,2,1,0
24,7,1,944,1098,0,75,81,49,30,19,11,5,3,2,1,98,91,67,38,22,14,8,4,2,1,1
24,7,2,944,1065,0,75,81,49,30,19,11,5,3,2,1,91,87,67,41,24,13,8,4,2,1,0
24,7,0,938,1067,0,81,77,50,31,18,11,7,3,2,0,95,92,66,43,24,14,8,3,2,1,0
24,7,1,938,1030,0,81,77,50,31,18,11,7,3,2,0,92,93,66,42,27,14,6,3,1,0,0
24,7,2,938,1099,0,81,77,50,31,18,11,7,3,2,0,93,95,67,37,21,13,9,6,2,1,0
24,7,0,883,983,0,77,75,50,31,19,11,6,3,0,0,90,89,65,40,20,13,7,3,1,0,0
24,7,1,883,993,0,77,75,50,31,19,11,6,3,0,0,89,93,60,39,26,15,6,2,1,0,0
24,7,2,883,1028,0,77,75,50,31,19,11,6,3,0,0,93,90,70,41,24,11,7,4,1,0,0
24,7,0,902,1039,0,79,74,48,29,19,8,6,3,2,1,95,90,64,38,23,15,4,3,2,1,1
24,7,1,902,1056,0,79,74,48,29,19,8,6,3,2,1,90,84,61,40,26,13,9,6,1,0,0
24,7,2,902,1000,0,79,74,48,29,19,8,6,3,2,1,84,95,65,38,19,11,7,3,3,2,0
24,7,0,926,1044,0,74,76,52,34,17,10,4,3,2,1,97,85,72,37,22,14,7,3,2,1,0
24,7,1,926,1075,0,74,76,52,34,17,10,4,3,2,1,85,91,59,42,24,14,7,2,2,2,1
24,7,2,926,1038,0,74,76,52,34,17,10,4,3,2,1,91,97,68,44,25,9,6,5,2,0,0
24,7,0,911,1041,0,76,79,54,31,19,12,5,3,1,0,90,97,64,38,25,14,7,3,2,0,0
24,7,1,911,982,0,76,79,54,31,19,12,5,3,1,0,97,93,69,42,23,12,6,3,0,0,0
24,7,2,911,1091,0,76,79,54,31,19,12,5,3,1,0,93,90,71,45,23,14,8,3,2,1,0
24,7,0,907,1029,0,80,71,54,30,16,8,5,4,1,1,90,98,59,39,20,13,7,4,3,1,0
24,7,1,907,1075,0,80,71,54,30,16,8,5,4,1,1,98,83,69,44,24,13,6,3,1,1,1
24,7,2,907,1011,0,80,71,54,30,16,8,5,4,1,1,83,90,63,37,22,10,7,5,3,1,1
24,7,0,903,1069,0,71,81,47,31,17,10,5,3,2,1,89,86,70,42,23,11,9,4,2,1,0
24,7,1,903,1024,0,71,81,47,31,17,10,5,3,2,1,86,93,64,37,23,13,5,3,2,1,1
24,7,2,903,1037,0,71,81,47,31,17,10,5,3,2,1,93,89,63,37,23,14,7,4,2,1,0
24,7,0,931,1067,0,81,80,50,29,19,11,6,2,2,1,90,100,64,36,23,14,8,3,2,1,1
24,7,1,931,1034,0,81,80,50,29,19,11,6,2,2,1,100,91,67,40,21,13,8,5,1,0,0
24,7,2,931,1112,0,81,80,50,29,19,11,6,2,2,1,91,90,69,44,26,14,6,3,2,2,0
24,7,0,927,1019,0,75,78,53,33,22,12,5,2,1,0,94,94,68,43,26,13,4,3,1,1,0
24,7,1,927,1077,0,75,78,53,33,22,12,5,2,1,0,94,93,70,41,23,17,8,4,2,0,0
24,7,2,927,1006,0,75,78,53,33,22,12,5,2,1,0,93,94,68,44,26,12,8,1,0,0,0
24,7,0,906,1019,0,78,80,52,29,17,10,6,4,1,0,91,88,64,38,22,14,7,3,2,1,0
24,7,1,906,991,0,78,80,52,29,17,10,6,4,1,0,88,98,64,42,24,12,6,4,1,0,0
24,7,2,906,1033,0,78,80,52,29,17,10,6,4,1,0,98,91,71,39,21,12,8,4,2,0,0
24,7,0,944,1085,0,80,75,51,34,19,10,7,2,1,1,96,92,67,41,26,11,7,5,2,1,0
24,7,1,944,1058,0,80,75,51,34,19,10,7,2,1,1,92,92,67,42,24,14,7,2,1,1,1
24,7,2,944,1053,0,80,75,51,34,19,10,7,2,1,1,92,96,66,42,24,15,7,4,1,0,0
24,7,0,915,1070,0,74,76,50,29,19,12,7,3,1,0,89,92,69,39,22,11,9,7,1,1,0
24,7,1,915,1033,0,74,76,50,29,19,12,7,3,1,0,92,90,65,41,22,14,7,3,3,0,0
24,7,2,915,1013,0,74,76,50,29,19,12,7,3,1,0,90,89,63,41,27,17,7,1,0,0,0
24,7,0,853,920,0,76,79,46,28,19,11,6,2,1,0,87,94,65,36,21,9,4,3,2,1,0
24,7,1,853,978,0,76,79,46,28,19,11,6,2,1,0,94,87,66,38,19,15,8,4,1,0,0
24,7,2,853,994,0,76,79,46,28,19,11,6,2,1,0,87,87,61,39,27,15,8,2,0,0,0
24,7,0,879,1021,0,79,74,52,35,17,10,4,3,1,0,91,91,68,45,25,12,4,3,2,0,0
24,7,1,879,936,0,79,74,52,35,17,10,4,3,1,0,91,93,65,36,24,13,7,2,0,0,0
24,7,2,879,1003,0,79,74,52,35,17,10,4,3,1,0,93,91,63,41,21,10,7,3,2,1,0
24,7,0,734,860,0,74,72,49,27,14,9,5,1,0,0,76,86,61,32,21,10,6,4,0,0,0
24,7,1,734,773,0,74,72,49,27,14,9,5,1,0,0,86,89,59,31,12,7,6,2,1,0,0
24,7,2,734,839,0,74,72,49,27,14,9,5,1,0,0,89,76,57,42,23,12,3,0,0,0,0
24,7,0,730,789,0,72,68,42,24,18,9,4,1,0,0,73,81,47,35,23,9,4,1,1,0,0
24,7,1,730,779,0,72,68,42,24,18,9,4,1,0,0,81,84,62,33,15,7,4,3,0,0,0
24,7,2,730,806,0,72,68,42,24,18,9,4,1,0,0,84,73,57,30,18,16,6,1,0,0,0
24,7,0,730,820,0,68,74,49,30,14,6,2,2,1,0,85,73,61,41,18,10,3,2,2,0,0
24,7,1,730,809,0,68,74,49,30,14,6,2,2,1,0,73,88,56,34,22,8,5,1,0,0,0
24,7,2,730,766,0,68,74,49,30,14,6,2,2,1,0,88,85,61,29,15,7,3,2,1,1,0
24,7,0,791,930,0,71,76,50,29,16,9,4,2,1,0,82,83,62,39,23,11,6,2,2,0,0
24,7,1,791,819,0,71,76,50,29,16,9,4,2,1,0,83,93,63,36,17,9,6,1,0,0,0
24,7,2,791,934,0,71,76,50,29,16,9,4,2,1,0,93,82,62,36,21,12,4,4,1,1,0
24,7,0,775,926,0,76,73,45,27,17,11,5,2,0,0,87,90,61,39,21,13,7,2,0,0,0
24,7,1,775,884,0,76,73,45,27,17,11,5,2,0,0,90,79,64,36,22,11,6,2,1,0,0
24,7,2,775,836,0,76,73,45,27,17,11,5,2,0,0,79,87,55,32,19,11,5,3,1,0,0
24,7,0,897,1014,0,73,71,44,30,19,9,6,3,2,1,87,88,68,39,22,12,7,3,1,1,1
24,7,1,897,1010,0,73,71,44,30,19,9,6,3,2,1,88,83,59,38,24,15,5,4,3,1,0
24,7,2,897,1045,0,73,71,44,30,19,9,6,3,2,1,83,87,58,37,24,13,9,5,2,1,0
24,7,0,791,880,0,68,75,45,26,15,8,5,4,1,0,81,83,57,30,20,13,6,3,1,0,0
24,7,1,791,903,0,68,75,45,26,15,8,5,4,1,0,83,83,55,34,20,11,6,4,2,1,0
24,7,2,791,915,0,68,75,45,26,15,8,5,4,1,0,83,81,67,40,19,9,6,3,2,0,0
24,7,0,792,860,0,75,74,50,30,13,7,5,2,1,0,91,79,58,35,22,10,5,3,0,0,0
24,7,1,792,902,0,75,74,50,30,13,7,5,2,1,0,79,87,62,38,18,7,5,4,2,1,0
24,7,2,792,854,0,75,74,50,30,13,7,5,2,1,0,87,91,62,35,18,11,5,1,1,0,0
24,7,0,748,786,0,74,68,44,27,18,10,4,1,0,0,77,78,53,31,22,13,4,2,0,0,0
24,7,1,748,867,0,74,68,44,27,18,10,4,1,0,0,78,91,55,36,18,9,6,3,1,0,0
24,7,2,748,837,0,74,68,44,27,18,10,4,1,0,0,91,77,64,37,20,11,5,0,0,0,0
24,7,0,1073,1300,0,78,87,55,34,22,13,7,4,3,1,106,96,76,45,27,19,10,6,3,2,0
24,7,1,1073,1293,0,78,87,55,34,22,13,7,4,3,1,96,102,74,48,31,17,10,4,2,1,1
24,7,2,1073,1197,0,78,87,55,34,22,13,7,4,3,1,102,106,76,46,26,14,8,5,3,1,0
24,7,0,1079,1298,0,87,79,57,33,20,12,7,2,2,2,98,104,70,43,27,17,10,6,3,2,1
24,7,1,1079,1336,0,87,79,57,33,20,12,7,2,2,2,104,101,74,47,26,14,10,4,2,2,2
24,7,2,1079,1255,0,87,79,57,33,20,12,7,2,2,2,101,98,72,47,27,16,7,5,3,2,1
24,7,0,1075,1355,0,79,78,49,31,21,13,6,5,2,2,95,98,70,45,29,19,11,5,3,2,1
24,7,1,1075,1316,0,79,78,49,31,21,13,6,5,2,2,98,95,75,42,25,15,11,6,3,2,2
24,7,2,1075,1284,0,79,78,49,31,21,13,6,5,2,2,95,95,64,44,28,17,8,6,5,2,1
24,7,0,1040,1193,0,85,81,52,38,19,10,7,4,3,1,101,99,74,44,26,13,7,5,4,1,0
24,7,1,1040,1175,0,85,81,52,38,19,10,7,4,3,1,99,100,68,43,28,19,9,4,2,1,0
24,7,2,1040,1257,0,85,81,52,38,19,10,7,4,3,1,100,101,73,47,28,12,9,6,2,2,1
24,7,0,1084,1228,0,81,86,59,34,22,13,7,4,2,1,107,99,77,46,27,17,10,5,2,1,0
24,7,1,1084,1216,0,81,86,59,34,22,13,7,4,2,1,99,103,72,47,30,17,9,4,2,1,0
24,7,2,1084,1275,0,81,86,59,34,22,13,7,4,2,1,103,107,79,49,26,15,8,5,3,1,1
24,7,0,1009,1189,0,86,85,55,30,18,12,8,5,2,0,106,96,74,41,29,16,9,4,2,1,0
24,7,1,1009,1144,0,86,85,55,30,18,12,8,5,2,0,96,99,68,42,23,15,10,5,2,1,0
24,7,2,1009,1171,0,86,85,55,30,18,12,8,5,2,0,99,106,73,47,23,14,8,6,3,0,0
24,7,0,1000,1168,0,81,80,54,36,21,10,5,4,2,1,96,99,72,40,26,16,8,4,2,1,1
24,7,1,1000,1143,0,81,80,54,36,21,10,5,4,2,1,99,99,66,44,24,14,8,4,3,1,0
24,7,2,1000,1153,0,81,80,54,36,21,10,5,4,2,1,99,96,75,49,29,13,6,4,2,1,0
24,7,0,1036,1194,0,80,78,55,31,19,13,7,5,3,1,98,97,67,44,28,16,9,5,2,1,0
24,7,1,1036,1246,0,80,78,55,31,19,13,7,5,3,1,97,97,74,46,24,14,9,7,4,2,0
24,7,2,1036,1230,0,80,78,55,31,19,13,7,5,3,1,97,98,71,44,27,18,11,4,3,1,1
24,7,0,1050,1221,0,78,81,52,35,20,12,9,3,1,1,95,93,70,46,30,16,8,6,2,1,1
24,7,1,1050,1205,0,78,81,52,35,20,12,9,3,1,1,93,105,70,42,26,14,10,6,3,1,0
24,7,2,1050,1236,0,78,81,52,35,20,12,9,3,1,1,105,95,75,46,26,17,9,3,1,1,1
24,7,0,1154,1338,0,86,82,59,38,24,12,6,4,3,2,103,109,79,47,29,14,11,7,3,1,1
24,7,1,1154,1349,0,86,82,59,38,24,12,6,4,3,2,109,105,73,48,27,20,9,5,4,3,0
24,7,2,1154,1437,0,86,82,59,38,24,12,6,4,3,2,105,103,79,54,34,18,8,4,3,2,2
24,7,0,1126,1329,0,82,84,60,37,21,10,6,4,3,2,109,97,78,49,29,16,8,6,3,2,1
24,7,1,1126,1335,0,82,84,60,37,21,10,6,4,3,2,97,104,72,48,29,14,9,7,5,2,0
24,7,2,1126,1317,0,82,84,60,37,21,10,6,4,3,2,104,109,78,47,26,17,9,3,2,2,2
24,7,0,1153,1357,0,84,86,57,37,21,14,7,4,2,1,108,102,78,47,31,19,6,5,3,3,1
24,7,1,1153,1445,0,84,86,57,37,21,14,7,4,2,1,102,105,71,46,29,19,14,7,4,1,1
24,7,2,1153,1364,0,84,86,57,37,21,14,7,4,2,1,105,108,82,52,28,13,10,4,2,1,1
24,7,0,981,1127,0,83,79,55,31,18,12,6,3,2,1,92,96,67,43,26,13,5,4,2,2,1
24,7,1,981,1117,0,83,79,55,31,18,12,6,3,2,1,96,102,67,42,22,15,8,5,3,0,0
24,7,2,981,1140,0,83,79,55,31,18,12,6,3,2,1,102,92,73,43,25,14,11,3,1,1,0
24,7,0,992,1148,0,79,82,50,32,20,12,6,4,2,1,98,97,67,43,21,13,8,5,3,1,1
24,7,1,992,1168,0,79,82,50,32,20,12,6,4,2,1,97,93,73,47,30,17,7,3,2,1,0
24,7,2,992,1147,0,79,82,50,32,20,12,6,4,2,1,93,98,69,37,26,15,10,5,2,1,0
24,7,0,962,1110,0,82,83,52,34,19,11,8,3,1,0,93,99,71,44,22,12,8,7,2,0,0
24,7,1,962,1102,0,82,83,52,34,19,11,8,3,1,0,99,101,69,42,27,16,9,2,1,1,0
24,7,2,962,1049,0,82,83,52,34,19,11,8,3,1,0,101,93,71,42,27,14,6,3,1,0,0
24,7,0,1071,1261,0,82,82,54,36,24,12,7,2,2,1,95,107,74,47,27,16,10,6,2,1,0
24,7,1,1071,1239,0,82,82,54,36,24,12,7,2,2,1,107,101,76,46,26,16,9,2,2,2,1
24,7,2,1071,1231,0,82,82,54,36,24,12,7,2,2,1,101,95,71,46,32,17,6,5,2,1,1
24,7,0,985,1079,0,82,82,53,29,21,12,6,5,1,0,94,102,69,47,27,15,6,2,1,0,0
24,7,1,985,1115,0,82,82,53,29,21,12,6,5,1,0,102,95,74,38,24,15,9,6,1,0,0
24,7,2,985,1140,0,82,82,53,29,21,12,6,5,1,0,95,94,66,42,23,15,9,4,4,1,0
24,7,0,1052,1224,0,82,82,52,34,17,13,9,5,2,1,101,96,73,48,29,17,11,4,1,1,1
24,7,1,1052,1219,0,82,82,52,34,17,13,9,5,2,1,96,100,69,42,30,15,8,6,3,1,0
24,7,2,1052,1247,0,82,82,52,34,17,13,9,5,2,1,100,101,73,43,22,15,11,7,4,1,0
24,7,0,1086,1282,0,81,82,53,34,19,12,8,5,2,1,99,94,67,44,31,19,12,5,1,1,1
24,7,1,1086,1267,0,81,82,53,34,19,12,8,5,2,1,94,105,73,47,26,11,8,7,4,2,1
24,7,2,1086,1255,0,81,82,53,34,19,12,8,5,2,1,105,99,77,44,25,18,9,5,4,1,0
24,7,0,1066,1218,0,82,82,54,34,24,14,7,3,2,1,102,94,72,44,30,17,10,4,1,1,1
24,7,1,1066,1221,0,82,82,54,34,24,14,7,3,2,1,94,107,71,49,26,14,8,6,3,1,0
24,7,2,1066,1265,0,82,82,54,34,24,14,7,3,2,1,107,102,78,46,29,20,9,3,2,1,0
24,7,0,1114,1381,0,82,81,53,33,22,13,8,4,2,1,101,103,72,45,28,16,11,7,2,2,1
24,7,1,1114,1355,0,82,81,53,33,22,13,8,4,2,1,103,97,77,49,27,15,9,6,5,2,1
24,7,2,1114,1305,0,82,81,53,33,22,13,8,4,2,1,97,101,70,44,30,21,10,4,2,1,1
24,7,0,1003,1205,0,82,83,55,35,19,10,5,3,2,1,98,98,73,44,27,15,7,4,2,2,1
24,7,1,1003,1127,0,82,83,55,35,19,10,5,3,2,1,98,100,72,44,24,13,9,4,3,1,0
24,7,2,1003,1161,0,82,83,55,35,19,10,5,3,2,1,100,98,69,43,25,13,6,4,2,1,1
24,7,0,1039,1189,0,83,82,57,36,20,11,6,4,2,1,98,105,73,45,26,13,10,3,2,2,0
24,7,1,1039,1180,0,83,82,57,36,20,11,6,4,2,1,105,99,75,48,27,13,5,4,2,1,1
24,7,2,1039,1216,0,83,82,57,36,20,11,6,4,2,1,99,98,71,44,27,18,9,6,3,0,0
24,7,0,1069,1237,0,82,82,52,31,20,13,7,4,3,2,98,99,75,45,25,13,10,6,3,2,0
24,7,1,1069,1285,0,82,82,52,31,20,13,7,4,3,2,99,99,70,43,24,19,9,5,3,2,2
24,7,2,1069,1252,0,82,82,52,31,20,13,7,4,3,2,99,98,69,44,31,17,10,5,3,1,0
24,7,0,1070,1253,0,81,78,51,32,20,10,8,5,2,1,95,99,70,43,26,16,9,6,3,2,1
24,7,1,1070,1318,0,81,78,51,32,20,10,8,5,2,1,99,96,71,44,26,15,8,6,5,2,1
24,7,2,1070,1319,0,81,78,51,32,20,10,8,5,2,1,96,95,68,44,28,17,11,6,2,1,1
24,7,0,1035,1259,0,78,81,55,33,17,9,6,3,2,1,93,97,69,43,26,13,6,4,3,1,1
24,7,1,1035,1291,0,78,81,55,33,17,9,6,3,2,1,97,98,71,42,22,15,10,7,2,2,1
24,7,2,1035,1272,0,78,81,55,33,17,9,6,3,2,1,98,93,70,44,26,13,8,4,4,3,2
24,7,0,1044,1261,0,81,81,52,30,19,14,6,3,2,2,96,95,68,45,25,17,11,4,3,2,1
24,7,1,1044,1207,0,81,81,52,30,19,14,6,3,2,2,95,100,70,44,28,14,7,4,3,2,1
24,7,2,1044,1224,0,81,81,52,30,19,14,6,3,2,2,100,96,72,40,24,16,10,6,2,1,1
24,7,0,963,1117,0,74,75,47,28,16,11,7,4,2,1,90,88,65,41,23,12,8,5,1,1,1
24,7,1,963,1228,0,74,75,47,28,16,11,7,4,2,1,88,89,63,38,23,15,8,7,5,3,1
24,7,2,963,1177,0,74,75,47,28,16,11,7,4,2,1,89,90,65,39,25,16,11,4,3,1,1
24,7,0,944,1094,0,75,70,47,31,18,12,8,3,1,1,88,87,61,38,24,15,7,5,3,1,1
24,7,1,944,1116,0,75,70,47,31,18,12,8,3,1,1,87,92,61,41,25,15,10,5,2,1,0
24,7,2,944,1168,0,75,70,47,31,18,12,8,3,1,1,92,88,70,43,26,14,9,4,1,1,1
24,7,0,928,1069,0,70,74,47,28,21,10,4,3,3,2,88,85,59,42,23,14,7,5,3,1,0
24,7,1,928,1132,0,70,74,47,28,21,10,4,3,3,2,85,89,67,41,27,15,7,4,3,2,0
24,7,2,928,1088,0,70,74,47,28,21,10,4,3,3,2,89,88,66,35,21,14,8,3,2,2,2
24,7,0,924,1055,0,76,77,47,27,18,11,6,5,2,0,89,90,63,40,23,16,10,4,2,0,0
24,7,1,924,1033,0,76,77,47,27,18,11,6,5,2,0,90,90,67,41,23,10,8,5,2,0,0
24,7,2,924,1063,0,76,77,47,27,18,11,6,5,2,0,90,89,63,35,23,16,6,4,3,2,0
24,7,0,883,966,0,77,79,54,32,15,9,6,2,1,0,90,94,68,43,21,9,5,2,1,1,0
24,7,1,883,965,0,77,79,54,32,15,9,6,2,1,0,94,91,66,38,23,11,5,3,2,0,0
24,7,2,883,963,0,77,79,54,32,15,9,6,2,1,0,91,90,64,38,21,13,8,4,0,0,0
24,7,0,906,1003,0,79,76,49,31,20,10,5,2,1,1,92,96,66,40,19,11,7,3,1,1,1
24,7,1,906,996,0,79,76,49,31,20,10,5,2,1,1,96,86,66,40,26,16,5,3,1,0,0
24,7,2,906,1021,0,79,76,49,31,20,10,5,2,1,1,86,92,63,39,25,12,7,3,2,1,0
24,7,0,934,1060,0,78,74,48,29,18,13,7,3,1,1,93,92,66,41,20,14,10,3,2,1,0
24,7,1,934,1103,0,78,74,48,29,18,13,7,3,1,1,92,87,65,43,28,16,7,2,1,1,1
24,7,2,934,1069,0,78,74,48,29,18,13,7,3,1,1,87,93,63,36,24,13,8,7,2,0,0
24,7,0,980,1109,0,74,74,50,36,20,8,5,4,2,1,89,94,69,41,26,13,8,5,2,1,0
24,7,1,980,1155,0,74,74,50,36,20,8,5,4,2,1,94,92,64,40,24,15,7,4,3,2,1
24,7,2,980,1121,0,74,74,50,36,20,8,5,4,2,1,92,89,68,46,27,13,6,4,3,1,1
24,7,0,879,980,0,74,78,53,31,17,10,5,2,1,0,91,90,63,40,23,13,7,2,1,0,0
24,7,1,879,963,0,74,78,53,31,17,10,5,2,1,0,90,90,67,40,21,10,6,4,1,0,0
24,7,2,879,965,0,74,78,53,31,17,10,5,2,1,0,90,91,67,39,22,12,5,2,1,1,0
24,7,0,924,1045,0,73,75,47,29,20,12,5,2,1,1,87,87,65,39,26,13,5,4,3,1,0
24,7,1,924,1082,0,73,75,47,29,20,12,5,2,1,1,87,92,62,35,22,15,9,3,1,1,1
24,7,2,924,1088,0,73,75,47,29,20,12,5,2,1,1,92,87,66,44,23,14,8,3,1,1,1
24,7,0,957,1105,0,75,79,50,31,16,9,7,5,2,1,92,94,61,41,23,15,9,6,3,0,0
24,7,1,957,1089,0,75,79,50,31,16,9,7,5,2,1,94,89,73,42,25,13,8,4,2,1,0
24,7,2,957,1113,0,75,79,50,31,16,9,7,5,2,1,89,92,66,38,23,12,7,5,3,2,1
24,7,0,970,1187,0,79,73,56,35,20,11,6,2,2,1,94,92,70,47,30,13,6,4,2,2,1
24,7,1,970,1072,0,79,73,56,35,20,11,6,2,2,1,92,99,69,42,24,15,8,3,2,0,0
24,7,2,970,1080,0,79,73,56,35,20,11,6,2,2,1,99,94,67,44,23,14,8,4,1,1,0
24,7,0,868,1044,0,82,81,54,24,14,11,8,3,1,0,93,89,70,44,23,12,6,3,2,1,0
24,7,1,868,950,0,82,81,54,24,14,11,8,3,1,0,89,96,62,30,20,14,8,4,1,0,0
24,7,2,868,985,0,82,81,54,24,14,11,8,3,1,0,96,93,64,41,18,11,9,5,1,0,0
24,7,0,892,1014,0,81,69,45,32,19,12,6,3,1,0,91,94,57,38,23,16,9,3,2,0,0
24,7,1,892,974,0,81,69,45,32,19,12,6,3,1,0,94,83,65,41,26,13,7,2,0,0,0
24,7,2,892,1018,0,81,69,45,32,19,12,6,3,1,0,83,91,65,39,24,12,6,5,2,1,0
24,7,0,933,1075,0,69,82,51,29,17,10,6,4,2,1,94,85,70,44,24,13,7,4,2,1,0
24,7,1,933,1110,0,69,82,51,29,17,10,6,4,2,1,85,92,67,38,24,14,7,5,3,1,1
24,7,2,933,1034,0,69,82,51,29,17,10,6,4,2,1,92,94,65,38,21,13,9,4,2,1,0
24,7,0,946,1093,0,74,80,48,35,21,10,6,3,2,0,94,90,66,41,29,17,8,5,1,0,0
24,7,1,946,1059,0,74,80,48,35,21,10,6,3,2,0,90,95,70,41,25,11,7,3,2,1,0
24,7,2,946,1064,0,74,80,48,35,21,10,6,3,2,0,95,94,69,43,23,14,6,3,2,1,0
24,7,0,872,1025,0,80,78,55,28,17,10,6,3,0,0,89,94,61,41,25,13,7,3,2,0,0
24,7,1,872,936,0,80,78,55,28,17,10,6,3,0,0,94,94,71,39,18,10,6,3,1,0,0
24,7,2,872,955,0,80,78,55,28,17,10,6,3,0,0,94,89,65,39,21,13,6,3,0,0,0
24,7,0,959,1164,0,78,74,44,30,18,11,6,5,3,1,88,90,62,40,25,16,10,5,3,1,1
24,7,1,959,1111,0,78,74,44,30,18,11,6,5,3,1,90,92,68,42,25,12,8,6,3,0,0
24,7,2,959,1130,0,78,74,44,30,18,11,6,5,3,1,92,88,62,36,24,16,8,4,3,3,0
24,7,0,798,857,0,70,75,48,29,18,9,4,2,0,0,85,87,64,34,20,11,4,1,1,0,0
24,7,1,798,872,0,70,75,48,29,18,9,4,2,0,0,87,83,61,36,19,11,6,3,0,0,0
24,7,2,798,902,0,70,75,48,29,18,9,4,2,0,0,83,85,60,40,23,11,5,2,1,0,0
24,7,0,841,896,0,75,74,46,28,17,11,5,2,1,0,88,86,64,40,21,12,5,2,1,0,0
24,7,1,841,890,0,75,74,46,28,17,11,5,2,1,0,86,85,62,34,22,13,6,3,1,0,0
24,7,2,841,950,0,75,74,46,28,17,11,5,2,1,0,85,88,58,36,21,11,8,3,1,1,0
24,7,0,801,926,0,74,70,49,31,16,8,4,2,1,0,85,86,61,37,20,10,5,3,2,1,0
24,7,1,801,839,0,74,70,49,31,16,8,4,2,1,0,86,84,58,36,21,12,5,1,1,0,0
24,7,2,801,872,0,74,70,49,31,16,8,4,2,1,0,84,85,62,38,21,9,5,3,0,0,0
24,7,0,964,1105,0,76,76,52,32,16,11,6,5,3,0,90,91,67,41,27,13,8,4,2,2,0
24,7,1,964,1105,0,76,76,52,32,16,11,6,5,3,0,91,96,67,39,22,12,8,5,4,1,0
24,7,2,964,1131,0,76,76,52,32,16,11,6,5,3,0,96,90,67,45,24,16,9,5,2,0,0
24,7,0,953,1111,0,76,73,48,27,20,11,8,2,2,2,91,91,63,39,22,16,9,5,2,2,1
24,7,1,953,1126,0,76,73,48,27,20,11,8,2,2,2,91,87,69,43,23,14,8,4,2,1,1
24,7,2,953,1093,0,76,73,48,27,20,11,8,2,2,2,87,91,61,38,27,15,8,5,2,1,0
24,7,0,916,1059,0,73,76,47,29,17,9,4,4,2,1,83,91,65,43,24,9,7,5,3,1,0
24,7,1,916,1076,0,73,76,47,29,17,9,4,4,2,1,91,89,66,35,21,13,5,3,3,2,1
24,7,2,916,1044,0,73,76,47,29,17,9,4,4,2,1,89,83,59,36,22,16,9,4,2,1,1
24,7,0,838,973,0,71,77,48,28,17,9,6,3,1,0,84,86,66,37,24,11,6,5,1,0,0
24,7,1,838,936,0,71,77,48,28,17,9,6,3,1,0,86,90,61,33,18,11,7,3,2,1,0
24,7,2,838,923,0,71,77,48,28,17,9,6,3,1,0,90,84,62,42,22,14,6,2,1,0,0
24,7,0,917,1030,0,77,75,50,32,16,11,6,3,1,1,93,89,64,40,24,13,7,4,2,0,0
24,7,1,917,1009,0,77,75,50,32,16,11,6,3,1,1,89,90,65,41,22,12,8,4,1,1,0
24,7,2,917,1067,0,77,75,50,32,16,11,6,3,1,1,90,93,66,39,24,13,7,3,2,1,1
24,7,0,912,1027,0,75,71,49,30,22,12,6,3,1,0,91,87,66,44,24,15,6,3,1,1,0
24,7,1,912,1051,0,75,71,49,30,22,12,6,3,1,0,87,91,62,41,27,16,7,4,2,0,0
24,7,2,912,1006,0,75,71,49,30,22,12,6,3,1,0,91,91,66,38,23,13,9,3,1,0,0
24,7,0,825,913,0,75,66,49,33,16,7,3,2,2,1,84,89,58,36,19,10,7,4,1,0,0
24,7,1,825,954,0,75,66,49,33,16,7,3,2,2,1,89,81,62,41,22,9,4,2,2,2,0
24,7,2,825,917,0,75,66,49,33,16,7,3,2,2,1,81,84,59,36,23,12,4,2,2,1,1
24,7,0,838,923,0,66,68,45,27,20,12,5,2,1,0,81,81,63,41,24,11,3,2,2,1,0
24,7,1,838,959,0,66,68,45,27,20,12,5,2,1,0,81,84,59,32,22,16,8,4,1,0,0
24,7,2,838,924,0,66,68,45,27,20,12,5,2,1,0,84,81,58,39,21,13,9,2,0,0,0
24,7,0,785,913,0,68,75,42,23,14,8,6,3,1,1,82,81,56,31,19,13,8,4,1,0,0
24,7,1,785,860,0,68,75,42,23,14,8,6,3,1,1,81,78,57,33,20,10,6,3,1,1,0
24,7,2,785,929,0,68,75,42,23,14,8,6,3,1,1,78,82,60,34,17,10,5,4,3,1,1
24,7,0,755,811,0,70,69,50,32,16,5,2,2,1,0,82,83,61,36,19,8,4,1,1,1,0
24,7,1,755,790,0,70,69,50,32,16,5,2,2,1,0,83,82,57,34,19,10,3,2,1,0,0
24,7,2,755,818,0,70,69,50,32,16,5,2,2,1,0,82,82,59,38,20,8,3,2,1,0,0
24,7,0,766,846,0,69,72,46,24,14,11,5,2,0,0,82,81,57,33,20,12,7,2,0,0,0
24,7,1,766,842,0,69,72,46,24,14,11,5,2,0,0,81,80,58,33,18,9,6,3,1,0,0
24,7,2,766,848,0,69,72,46,24,14,11,5,2,0,0,80,82,59,36,18,11,5,2,1,0,0
24,7,0,794,899,0,72,70,42,27,19,11,6,1,0,0,84,80,58,38,23,13,6,1,1,0,0
24,7,1,794,869,0,72,70,42,27,19,11,6,1,0,0,80,84,59,33,21,11,6,3,0,0,0
24,7,2,794,863,0,72,70,42,27,19,11,6,1,0,0,84,84,59,35,20,13,6,3,0,0,0
24,7,0,887,1045,0,71,72,47,30,17,9,4,3,2,1,84,82,57,35,23,13,8,4,3,2,0
24,7,1,887,1036,0,71,72,47,30,17,9,4,3,2,1,82,91,62,41,22,11,6,3,2,1,1
24,7,2,887,1018,0,71,72,47,30,17,9,4,3,2,1,91,84,67,38,22,13,6,4,2,1,1
24,7,0,830,995,0,72,71,45,27,14,9,6,4,2,0,87,80,61,37,23,12,7,5,2,0,0
24,7,1,830,963,0,72,71,45,27,14,9,6,4,2,0,80,83,61,34,20,11,8,4,2,1,0
24,7,2,830,909,0,72,71,45,27,14,9,6,4,2,0,83,87,56,36,19,12,6,3,2,1,0
24,7,0,792,959,0,71,71,45,27,16,8,5,2,1,1,80,86,58,34,20,13,6,3,2,1,1
24,7,1,792,884,0,71,71,45,27,16,8,5,2,1,1,86,81,61,37,20,9,6,3,1,0,0
24,7,2,792,876,0,71,71,45,27,16,8,5,2,1,1,81,80,57,34,20,11,5,3,1,1,0
24,7,0,716,759,0,67,65,45,27,17,7,2,1,1,0,79,78,54,34,18,11,4,1,0,0,0
24,7,1,716,791,0,67,65,45,27,17,7,2,1,1,0,78,75,54,34,20,8,3,2,1,1,0
24,7,2,716,753,0,67,65,45,27,17,7,2,1,1,0,75,79,57,32,17,9,4,1,1,0,0
24,7,0,720,764,0,65,68,43,22,14,9,4,3,0,0,79,75,56,30,18,10,4,2,1,0,0
24,7,1,720,776,0,65,68,43,22,14,9,4,3,0,0,75,74,53,32,17,11,7,3,1,0,0
24,7,2,720,771,0,65,68,43,22,14,9,4,3,0,0,74,79,54,33,17,9,5,2,1,0,0
24,7,0,716,770,0,68,67,41,29,14,8,5,1,0,0,75,77,53,29,19,11,5,2,0,0,0
24,7,1,716,784,0,68,67,41,29,14,8,5,1,0,0,77,81,54,34,19,8,4,2,1,0,0
24,7,2,716,790,0,68,67,41,29,14,8,5,1,0,0,81,75,58,35,19,9,5,2,0,0,0
24,7,0,740,840,0,76,63,46,24,11,6,4,2,1,1,77,75,50,31,18,10,5,3,1,1,1
24,7,1,740,865,0,76,63,46,24,11,6,4,2,1,1,75,83,53,34,17,8,6,4,2,1,0
24,7,2,740,847,0,76,63,46,24,11,6,4,2,1,1,83,77,56,31,15,8,4,2,2,1,1
24,7,0,716,819,0,63,64,36,22,14,9,3,3,2,0,71,72,49,28,19,12,7,2,1,1,0
24,7,1,716,792,0,63,64,36,22,14,9,3,3,2,0,72,73,53,30,18,7,5,3,2,1,0
24,7,2,716,812,0,63,64,36,22,14,9,3,3,2,0,73,71,51,31,16,12,5,3,2,0,0
24,7,0,734,775,0,64,76,43,24,14,7,4,1,1,1,78,77,57,32,17,8,5,2,1,1,0
24,7,1,734,822,0,64,76,43,24,14,7,4,1,1,1,77,80,59,33,15,9,4,2,1,1,1
24,7,2,734,833,0,64,76,43,24,14,7,4,1,1,1,80,78,55,30,20,11,5,3,1,0,0
24,7,0,798,849,0,63,70,46,27,16,10,6,1,1,0,78,83,57,33,21,11,8,3,0,0,0
24,7,1,798,883,0,63,70,46,27,16,10,6,1,1,0,83,79,61,38,19,10,5,2,1,1,0
24,7,2,798,879,0,63,70,46,27,16,10,6,1,1,0,79,78,59,36,21,13,5,3,1,0,0
24,7,0,718,785,0,70,74,42,21,13,7,5,3,0,0,81,73,60,34,18,9,3,2,1,0,0
24,7,1,718,773,0,70,74,42,21,13,7,5,3,0,0,73,81,52,26,16,10,6,4,1,0,0
24,7,2,718,763,0,70,74,42,21,13,7,5,3,0,0,81,81,53,31,15,9,6,2,1,0,0
24,7,0,818,933,0,74,63,44,29,13,7,5,4,2,1,85,83,58,33,19,14,7,4,2,0,0
24,7,1,818,920,0,74,63,44,29,13,7,5,4,2,1,83,74,54,34,22,10,7,4,2,2,0
24,7,2,818,948,0,74,63,44,29,13,7,5,4,2,1,74,85,56,38,20,8,5,4,3,1,1
24,7,0,764,929,0,71,69,48,28,16,8,4,2,1,0,83,83,61,36,19,10,6,4,2,1,0
24,7,1,764,838,0,71,69,48,28,16,8,4,2,1,0,83,81,60,35,19,10,6,1,1,0,0
24,7,2,764,813,0,71,69,48,28,16,8,4,2,1,0,81,83,55,36,21,11,3,2,0,0,0
24,7,0,753,806,0,69,61,42,24,16,9,4,3,1,0,74,79,54,34,18,11,6,2,1,0,0
24,7,1,753,838,0,69,61,42,24,16,9,4,3,1,0,79,76,54,35,20,10,7,3,0,0,0
24,7,2,753,840,0,69,61,42,24,16,9,4,3,1,0,76,74,52,30,19,12,4,3,3,1,0
24,7,0,778,878,0,61,71,41,28,16,9,5,1,1,1,77,81,60,35,20,11,6,2,1,1,0
24,7,1,778,862,0,61,71,41,28,16,9,5,1,1,1,81,76,57,33,21,12,6,1,1,1,1
24,7,2,778,855,0,61,71,41,28,16,9,5,1,1,1,76,77,56,34,20,10,5,5,1,0,0
24,7,0,702,766,0,65,68,46,26,15,7,4,1,0,0,81,71,59,36,20,8,4,1,0,0,0
24,7,1,702,762,0,65,68,46,26,15,7,4,1,0,0,71,80,50,32,19,10,3,1,1,0,0
24,7,2,702,768,0,65,68,46,26,15,7,4,1,0,0,80,81,58,31,14,9,5,3,0,0,0
24,7,0,675,698,0,68,75,44,24,13,6,3,1,0,0,87,78,61,28,11,9,4,0,0,0,0
24,7,1,675,747,0,68,75,44,24,13,6,3,1,0,0,78,69,50,34,21,9,3,2,0,0,0
24,7,2,675,698,0,68,75,44,24,13,6,3,1,0,0,69,87,55,29,15,5,3,2,1,0,0
24,7,0,742,789,0,75,65,47,27,14,9,3,2,1,0,82,85,61,31,17,9,4,2,0,0,0
24,7,1,742,855,0,75,65,47,27,14,9,3,2,1,0,85,76,53,33,18,11,5,3,2,1,0
24,7,2,742,848,0,75,65,47,27,14,9,3,2,1,0,76,82,54,39,21,9,6,1,1,0,0
24,7,0,738,792,0,65,74,39,24,15,8,5,3,1,0,73,79,52,31,19,11,6,3,0,0,0
24,7,1,738,875,0,65,74,39,24,15,8,5,3,1,0,79,82,57,33,18,9,4,4,3,1,0
24,7,2,738,859,0,65,74,39,24,15,8,5,3,1,0,82,73,60,31,19,12,7,2,1,0,0
24,7,0,723,800,0,74,68,44,28,13,7,5,2,1,0,78,78,51,31,18,7,4,3,2,1,0
24,7,1,723,820,0,74,68,44,28,13,7,5,2,1,0,78,86,57,37,18,9,5,3,1,0,0
24,7,2,723,837,0,74,68,44,28,13,7,5,2,1,0,86,78,60,32,20,12,6,2,0,0,0
24,7,0,744,867,0,68,65,45,24,15,9,3,2,1,1,78,74,55,34,17,10,7,4,2,0,0
24,7,1,744,813,0,68,65,45,24,15,9,3,2,1,1,74,81,55,33,19,9,5,1,1,1,0
24,7,2,744,864,0,68,65,45,24,15,9,3,2,1,1,81,78,55,33,19,12,4,2,1,1,1
24,7,0,778,823,0,70,72,45,26,13,9,6,3,1,0,84,81,58,36,17,9,6,3,1,0,0
24,7,1,778,913,0,70,72,45,26,13,9,6,3,1,0,81,80,62,38,22,11,4,3,2,1,0
24,7,2,778,901,0,70,72,45,26,13,9,6,3,1,0,80,84,55,29,19,12,9,4,1,0,0
24,7,0,833,972,0,72,68,46,29,15,11,6,1,1,1,76,87,59,35,22,11,6,5,1,1,1
24,7,1,833,927,0,72,68,46,29,15,11,6,1,1,1,87,87,58,33,19,13,9,3,1,0,0
24,7,2,833,903,0,72,68,46,29,15,11,6,1,1,1,87,76,61,42,23,11,5,1,1,1,0
24,7,0,771,894,0,68,70,45,24,17,9,4,3,1,0,83,80,55,37,19,11,8,3,1,0,0
24,7,1,771,880,0,68,70,45,24,17,9,4,3,1,0,80,78,63,36,21,9,4,2,2,1,0
24,7,2,771,846,0,68,70,45,24,17,9,4,3,1,0,78,83,55,30,18,14,5,3,1,0,0
24,7,0,759,835,0,68,66,39,24,14,9,6,3,1,0,82,78,55,33,17,12,6,2,1,0,0
24,7,1,759,842,0,68,66,39,24,14,9,6,3,1,0,78,70,57,33,23,11,6,4,0,0,0
24,7,2,759,888,0,68,66,39,24,14,9,6,3,1,0,70,82,50,30,17,10,7,4,3,1,0
24,7,0,777,904,0,66,71,47,27,14,9,5,3,1,0,81,79,64,38,22,10,6,3,1,0,0
24,7,1,777,866,0,66,71,47,27,14,9,5,3,1,0,79,83,54,29,18,13,6,2,2,1,0
24,7,2,777,892,0,66,71,47,27,14,9,5,3,1,0,83,81,59,39,19,9,6,4,1,0,0
24,7,0,791,915,0,71,68,42,26,18,9,5,3,1,0,83,86,53,34,20,14,7,2,1,1,0
24,7,1,791,913,0,71,68,42,26,18,9,5,3,1,0,86,74,61,37,23,11,5,4,1,0,0
24,7,2,791,884,0,71,68,42,26,18,9,5,3,1,0,74,83,58,33,19,11,6,3,2,0,0
24,7,0,795,863,0,78,67,45,24,15,10,5,2,1,1,91,78,60,32,18,11,6,3,2,0,0
24,7,1,795,920,0,78,67,45,24,15,10,5,2,1,1,78,79,52,33,20,14,8,3,1,1,0
24,7,2,795,928,0,78,67,45,24,15,10,5,2,1,1,79,91,58,38,20,9,5,3,1,1,1
24,7,0,816,959,0,67,64,44,31,17,7,4,2,1,1,80,77,55,33,23,15,5,4,1,1,1
24,7,1,816,918,0,67,64,44,31,17,7,4,2,1,1,77,82,55,35,21,9,6,4,3,1,0
24,7,2,816,930,0,67,64,44,31,17,7,4,2,1,1,82,80,62,40,20,9,5,1,1,1,1
24,7,0,789,860,0,64,78,49,28,16,8,4,2,1,0,82,83,55,37,24,10,3,1,1,1,0
24,7,1,789,921,0,64,78,49,28,16,8,4,2,1,0,83,85,68,37,17,10,6,4,1,0,0
24,7,2,789,866,0,64,78,49,28,16,8,4,2,1,0,85,82,63,34,18,11,6,2,1,0,0
24,7,0,735,838,0,65,64,38,25,14,8,4,3,1,1,77,76,53,31,20,9,6,4,2,0,0
24,7,1,735,831,0,65,64,38,25,14,8,4,3,1,1,76,70,55,32,17,9,5,3,2,1,0
24,7,2,735,847,0,65,64,38,25,14,8,4,3,1,1,70,77,50,31,19,13,6,2,1,1,1
24,7,0,720,805,0,64,76,45,26,13,5,3,2,2,0,75,80,57,34,18,8,2,2,2,1,0
24,7,1,720,820,0,64,76,45,26,13,5,3,2,2,0,80,81,58,30,16,10,6,3,1,0,0
24,7,2,720,782,0,64,76,45,26,13,5,3,2,2,0,81,75,57,32,17,7,4,2,1,1,0
24,7,0,663,704,0,76,65,44,24,13,8,3,1,0,0,75,80,48,31,14,9,4,1,0,0,0
24,7,1,663,753,0,76,65,44,24,13,8,3,1,0,0,80,79,55,34,19,9,3,1,0,0,0
24,7,2,663,716,0,76,65,44,24,13,8,3,1,0,0,79,75,55,28,16,7,5,2,1,0,0
24,7,0,681,802,0,69,67,41,24,15,8,4,1,0,0,82,76,60,34,16,9,6,2,0,0,0
24,7,1,681,724,0,69,67,41,24,15,8,4,1,0,0,76,71,53,29,18,10,3,1,1,0,0
24,7,2,681,731,0,69,67,41,24,15,8,4,1,0,0,71,82,47,30,18,9,4,2,0,0,0
24,7,0,704,880,0,67,67,41,26,16,5,3,3,1,1,79,81,61,30,19,9,4,3,2,1,1
24,7,1,704,763,0,67,67,41,26,16,5,3,3,1,1,81,70,51,29,18,9,4,3,2,0,0
24,7,2,704,816,0,67,67,41,26,16,5,3,3,1,1,70,79,51,37,18,11,5,2,1,1,0
24,7,0,766,823,0,67,69,49,25,11,8,5,2,2,0,82,80,60,34,18,9,5,3,1,0,0
24,7,1,766,853,0,67,69,49,25,11,8,5,2,2,0,80,76,56,32,17,10,6,4,1,1,0
24,7,2,766,859,0,67,69,49,25,11,8,5,2,2,0,76,82,55,36,18,9,6,2,2,1,0
24,7,0,770,839,0,76,70,51,29,16,8,4,1,0,0,86,78,55,37,23,11,5,1,0,0,0
24,7,1,770,809,0,76,70,51,29,16,8,4,1,0,0,78,91,62,39,19,6,3,2,0,0,0
24,7,2,770,836,0,76,70,51,29,16,8,4,1,0,0,91,86,62,33,16,12,5,2,1,0,0
24,7,0,701,759,0,70,68,41,24,16,9,4,1,0,0,73,79,50,29,20,10,4,2,0,0,0
24,7,1,701,790,0,70,68,41,24,16,9,4,1,0,0,79,81,57,34,14,10,6,2,1,0,0
24,7,2,701,764,0,70,68,41,24,16,9,4,1,0,0,81,73,56,32,20,10,4,1,0,0,0
24,7,0,803,883,0,68,76,46,30,15,9,4,2,1,0,82,85,60,36,19,10,7,2,1,1,0
24,7,1,803,846,0,68,76,46,30,15,9,4,2,1,0,85,84,67,40,20,8,3,2,1,0,0
24,7,2,803,894,0,68,76,46,30,15,9,4,2,1,0,84,82,56,31,22,13,6,3,1,0,0
24,7,0,868,980,0,69,71,44,35,19,10,4,1,1,1,83,86,61,36,26,13,4,1,1,1,1
24,7,1,868,981,0,69,71,44,35,19,10,4,1,1,1,86,87,59,37,21,12,7,4,1,1,1
24,7,2,868,1041,0,69,71,44,35,19,10,4,1,1,1,87,83,67,43,25,12,7,3,2,1,0
24,7,0,853,966,0,71,77,54,29,19,8,4,4,1,0,96,86,66,43,20,13,7,3,1,0,0
24,7,1,853,1014,0,71,77,54,29,19,8,4,4,1,0,86,85,68,41,25,12,4,3,2,1,0
24,7,2,853,928,0,71,77,54,29,19,8,4,4,1,0,85,96,62,35,20,11,6,3,2,0,0
24,7,0,838,971,0,77,69,45,24,12,9,7,4,2,1,79,84,58,31,21,9,7,6,3,1,0
24,7,1,838,957,0,77,69,45,24,12,9,7,4,2,1,84,87,53,35,17,12,8,4,3,1,0
24,7,2,838,1017,0,77,69,45,24,12,9,7,4,2,1,87,79,62,38,21,14,8,4,1,1,1
24,7,0,804,958,0,74,65,48,30,14,6,4,3,2,1,82,83,58,34,19,12,6,4,3,1,0
24,7,1,804,901,0,74,65,48,30,14,6,4,3,2,1,83,82,55,36,20,10,6,2,1,1,1
24,7,2,804,919,0,74,65,48,30,14,6,4,3,2,1,82,82,60,38,21,8,4,4,2,1,0
24,7,0,851,1012,0,65,68,44,24,17,11,4,2,1,1,85,81,61,37,19,12,8,3,2,1,1
24,7,1,851,1019,0,65,68,44,24,17,11,4,2,1,1,81,73,61,38,22,12,6,3,1,1,1
24,7,2,851,986,0,65,68,44,24,17,11,4,2,1,1,73,85,52,31,21,14,7,4,3,2,1
24,7,0,825,942,0,68,74,39,24,15,10,6,2,1,1,72,86,58,32,20,12,6,3,1,1,1
24,7,1,825,984,0,68,74,39,24,15,10,6,2,1,1,86,83,56,31,18,13,8,5,2,1,1
24,7,2,825,931,0,68,74,39,24,15,10,6,2,1,1,83,72,59,36,22,11,7,3,2,1,0
24,7,0,771,856,0,71,70,46,33,16,7,2,1,1,1,88,82,58,37,21,11,3,2,1,0,0
24,7,1,771,854,0,71,70,46,33,16,7,2,1,1,1,82,78,60,37,23,10,4,1,1,1,0
24,7,2,771,846,0,71,70,46,33,16,7,2,1,1,1,78,88,59,33,17,7,5,2,1,1,1
24,7,0,794,920,0,70,74,44,22,17,9,5,3,1,0,80,79,58,32,19,14,7,3,1,1,0
24,7,1,794,862,0,70,74,44,22,17,9,5,3,1,0,79,86,54,34,19,12,7,3,1,0,0
24,7,2,794,840,0,70,74,44,22,17,9,5,3,1,0,86,80,63,35,19,9,4,3,2,0,0
24,7,0,735,786,0,74,71,46,23,12,8,6,2,1,0,79,82,50,29,19,11,7,2,0,0,0
24,7,1,735,841,0,74,71,46,23,12,8,6,2,1,0,82,82,59,38,16,6,5,4,1,1,0
24,7,2,735,844,0,74,71,46,23,12,8,6,2,1,0,82,79,60,31,17,12,5,3,2,0,0
24,7,0,721,763,0,72,76,47,27,13,6,3,2,1,0,77,83,54,34,18,9,4,1,0,0,0
24,7,1,721,826,0,72,76,47,27,13,6,3,2,1,0,83,87,59,35,18,7,3,3,1,1,0
24,7,2,721,810,0,72,76,47,27,13,6,3,2,1,0,87,77,62,30,16,9,5,2,2,0,0
24,7,0,766,805,0,76,68,48,30,16,10,4,0,0,0,83,82,56,35,19,11,6,1,0,0,0
24,7,1,766,851,0,76,68,48,30,16,10,4,0,0,0,82,87,58,39,21,8,5,2,0,0,0
24,7,2,766,807,0,76,68,48,30,16,10,4,0,0,0,87,83,62,34,20,11,3,1,0,0,0
24,7,0,742,798,0,68,72,44,27,19,8,3,1,0,0,83,79,60,34,18,10,5,1,0,0,0
24,7,1,742,794,0,68,72,44,27,19,8,3,1,0,0,79,80,57,33,20,9,3,2,1,0,0
24,7,2,742,814,0,68,72,44,27,19,8,3,1,0,0,80,83,57,35,20,12,4,1,0,0,0
24,7,0,800,906,0,76,66,47,30,14,8,4,2,2,1,81,87,54,34,17,10,6,4,2,1,0
24,7,1,800,967,0,76,66,47,30,14,8,4,2,2,1,87,82,59,43,22,11,6,2,2,1,0
24,7,2,800,908,0,76,66,47,30,14,8,4,2,2,1,82,81,61,31,22,10,5,3,1,1,1
24,7,0,797,892,0,66,73,46,31,17,8,4,2,1,0,83,83,65,38,18,8,4,3,2,1,0
24,7,1,797,879,0,66,73,46,31,17,8,4,2,1,0,83,82,60,37,23,13,5,1,1,0,0
24,7,2,797,868,0,66,73,46,31,17,8,4,2,1,0,82,83,57,34,22,11,6,3,0,0,0
24,7,0,768,844,0,73,76,48,24,16,9,5,2,0,0,81,89,61,31,17,9,6,3,1,0,0
24,7,1,768,816,0,73,76,48,24,16,9,5,2,0,0,89,83,58,33,17,12,6,1,0,0,0
24,7,2,768,908,0,73,76,48,24,16,9,5,2,0,0,83,81,61,40,22,11,4,3,1,0,0
24,7,0,667,682,0,64,74,44,26,15,7,2,0,0,0,80,81,58,27,13,7,4,1,0,0,0
24,7,1,667,716,0,64,74,44,26,15,7,2,0,0,0,81,71,52,34,19,9,3,0,0,0,0
24,7,2,667,721,0,64,74,44,26,15,7,2,0,0,0,71,80,58,33,18,8,2,1,0,0,0
24,7,0,720,755,0,74,72,49,27,13,7,3,3,0,0,83,80,59,31,17,9,3,2,0,0,0
24,7,1,720,845,0,74,72,49,27,13,7,3,3,0,0,80,85,55,33,16,10,6,3,2,0,0
24,7,2,720,822,0,74,72,49,27,13,7,3,3,0,0,85,83,60,38,20,7,4,1,1,0,0
24,7,0,711,780,0,72,64,43,27,17,8,4,0,0,0,74,78,47,35,22,12,4,0,0,0,0
24,7,1,711,750,0,72,64,43,27,17,8,4,0,0,0,78,83,57,30,18,7,4,2,0,0,0
24,7,2,711,780,0,72,64,43,27,17,8,4,0,0,0,83,74,59,34,16,10,4,2,0,0,0
24,7,0,734,818,0,70,68,44,26,16,9,4,2,0,0,75,84,54,37,22,10,4,2,1,0,0
24,7,1,734,824,0,70,68,44,26,16,9,4,2,0,0,84,80,58,31,18,10,5,3,1,0,0
24,7,2,734,786,0,70,68,44,26,16,9,4,2,0,0,80,75,57,33,17,11,6,1,0,0,0
24,7,0,809,923,0,68,67,43,25,15,9,4,3,2,1,80,77,54,34,19,11,8,4,2,1,0
24,7,1,809,919,0,68,67,43,25,15,9,4,3,2,1,77,80,56,37,20,11,5,3,3,1,0
24,7,2,809,899,0,68,67,43,25,15,9,4,3,2,1,80,80,59,31,20,12,6,3,1,1,1
24,7,0,773,860,0,67,70,46,27,14,7,5,2,2,0,80,77,58,33,19,8,4,3,2,2,0
24,7,1,773,873,0,67,70,46,27,14,7,5,2,2,0,77,83,54,35,19,11,5,3,2,0,0
24,7,2,773,858,0,67,70,46,27,14,7,5,2,2,0,83,80,61,35,19,11,7,3,0,0,0
24,7,0,787,932,0,68,74,48,29,15,9,5,2,1,0,93,78,65,38,20,11,5,3,1,1,0
24,7,1,787,928,0,68,74,48,29,15,9,5,2,1,0,78,80,57,37,23,12,6,3,2,0,0
24,7,2,787,842,0,68,74,48,29,15,9,5,2,1,0,80,93,61,34,18,9,6,2,0,0,0
24,7,0,767,864,0,74,65,42,23,17,9,5,3,1,0,76,83,52,27,18,13,6,4,1,1,0
24,7,1,767,900,0,74,65,42,23,17,9,5,3,1,0,83,80,52,37,18,12,8,3,2,0,0
24,7,2,767,843,0,74,65,42,23,17,9,5,3,1,0,80,76,61,36,22,10,4,2,1,0,0
24,7,0,761,857,0,65,68,42,28,14,7,5,3,1,1,76,77,52,33,21,10,5,3,1,1,0
24,7,1,761,925,0,65,68,42,28,14,7,5,3,1,1,77,81,61,35,18,9,5,4,2,1,1
24,7,2,761,892,0,65,68,42,28,14,7,5,3,1,1,81,76,56,33,20,12,7,3,2,0,0
24,7,0,723,867,0,65,69,44,29,14,6,4,2,1,1,79,77,52,33,18,10,7,4,1,1,0
24,7,1,723,899,0,65,69,44,29,14,6,4,2,1,1,77,79,60,39,21,8,4,2,2,1,1
24,7,2,723,770,0,65,69,44,29,14,6,4,2,1,1,79,79,58,29,18,10,3,2,1,0,0
24,7,0,801,876,0,69,71,46,25,15,11,3,1,1,1,78,85,59,36,19,10,6,2,2,1,0
24,7,1,801,952,0,69,71,46,25,15,11,3,1,1,1,85,81,62,34,19,10,6,3,1,1,1
24,7,2,801,890,0,69,71,46,25,15,11,3,1,1,1,81,78,54,34,20,13,6,2,1,1,1
24,7,0,795,878,0,71,65,40,25,17,9,6,3,1,0,77,85,57,33,21,12,6,3,1,0,0
24,7,1,795,876,0,71,65,40,25,17,9,6,3,1,0,85,75,60,32,18,12,7,4,1,0,0
24,7,2,795,901,0,71,65,40,25,17,9,6,3,1,0,75,77,49,36,22,12,6,3,2,1,0
24,7,0,780,831,0,70,72,48,25,14,9,6,1,1,0,82,80,62,36,19,11,4,2,1,0,0
24,7,1,780,835,0,70,72,48,25,14,9,6,1,1,0,80,84,57,31,18,11,7,4,0,0,0
24,7,2,780,868,0,70,72,48,25,14,9,6,1,1,0,84,82,57,37,19,9,6,2,1,1,0
24,7,0,697,729,0,72,65,40,26,17,9,3,1,0,0,78,76,52,31,20,11,3,0,0,0,0
24,7,1,697,741,0,72,65,40,26,17,9,3,1,0,0,76,79,51,31,19,10,4,2,0,0,0
24,7,2,697,823,0,72,65,40,26,17,9,3,1,0,0,79,78,58,34,17,9,6,2,1,0,0
24,7,0,745,843,0,65,70,43,25,13,7,4,4,1,0,84,72,57,34,16,11,6,3,2,0,0
24,7,1,745,827,0,65,70,43,25,13,7,4,4,1,0,72,76,54,33,22,10,5,2,1,1,0
24,7,2,745,813,0,65,70,43,25,13,7,4,4,1,0,76,84,56,30,16,8,5,4,2,0,0
24,7,0,797,873,0,65,75,45,29,16,9,4,2,1,0,85,80,62,34,20,11,6,2,1,0,0
24,7,1,797,855,0,65,75,45,29,16,9,4,2,1,0,80,81,61,37,20,9,5,2,1,1,0
24,7,2,797,872,0,65,75,45,29,16,9,4,2,1,0,81,85,58,35,21,12,5,3,1,0,0
24,7,0,785,840,0,75,71,52,24,14,7,6,3,0,0,79,89,58,35,17,9,6,3,1,0,0
24,7,1,785,843,0,75,71,52,24,14,7,6,3,0,0,89,84,62,36,15,10,5,3,1,0,0
24,7,2,785,873,0,75,71,52,24,14,7,6,3,0,0,84,79,57,35,22,11,5,3,1,0,0
24,7,0,762,838,0,71,65,39,26,15,9,3,2,2,1,74,81,53,35,21,9,5,3,1,0,0
24,7,1,762,879,0,71,65,39,26,15,9,3,2,2,1,81,78,58,32,17,10,5,3,2,2,0
24,7,2,762,904,0,71,65,39,26,15,9,3,2,2,1,78,74,51,30,20,13,7,2,2,1,1
24,7,0,710,788,0,71,67,41,24,12,7,4,3,1,0,75,74,54,32,19,9,6,3,0,0,0
24,7,1,710,788,0,71,67,41,24,12,7,4,3,1,0,74,81,52,27,15,8,5,3,2,1,0
24,7,2,710,799,0,71,67,41,24,12,7,4,3,1,0,81,75,53,33,17,10,4,2,2,0,0
24,7,0,739,785,0,67,71,46,32,16,8,3,0,0,0,83,81,57,34,22,10,4,0,0,0,0
24,7,1,739,772,0,67,71,46,32,16,8,3,0,0,0,81,79,60,36,18,7,4,2,0,0,0
24,7,2,739,781,0,67,71,46,32,16,8,3,0,0,0,79,83,59,35,19,10,3,1,0,0,0
24,7,0,712,764,0,71,71,48,24,15,8,4,1,0,0,81,80,58,37,16,10,4,1,0,0,0
24,7,1,712,800,0,71,71,48,24,15,8,4,1,0,0,80,81,58,33,19,10,4,2,1,0,0
24,7,2,712,761,0,71,71,48,24,15,8,4,1,0,0,81,81,55,30,17,8,5,2,0,0,0
24,7,0,573,638,0,59,67,33,17,12,6,2,1,1,0,64,72,46,22,12,7,5,2,1,0,0
24,7,1,573,602,0,59,67,33,17,12,6,2,1,1,0,72,62,53,24,10,6,4,1,0,0,0
24,7,2,573,644,0,59,67,33,17,12,6,2,1,1,0,62,64,40,26,17,9,1,1,1,1,0
24,7,0,638,679,0,67,62,41,24,9,5,4,3,0,0,66,71,50,32,17,6,4,2,0,0,0
24,7,1,638,665,0,67,62,41,24,9,5,4,3,0,0,71,78,51,25,13,5,3,3,2,0,0
24,7,2,638,721,0,67,62,41,24,9,5,4,3,0,0,78,66,47,29,15,10,5,2,1,0,0
24,7,0,656,714,0,62,59,42,23,12,5,3,1,1,1,73,70,51,31,16,6,2,1,1,1,1
24,7,1,656,717,0,62,59,42,23,12,5,3,1,1,1,70,66,49,28,15,10,4,3,1,0,0
24,7,2,656,717,0,62,59,42,23,12,5,3,1,1,1,66,73,47,29,15,7,5,2,1,1,0
24,7,0,660,763,0,71,60,41,24,13,7,5,1,0,0,76,71,51,30,17,10,5,2,1,0,0
24,7,1,660,679,0,71,60,41,24,13,7,5,1,0,0,71,75,49,32,16,8,4,1,0,0,0
24,7,2,660,732,0,71,60,41,24,13,7,5,1,0,0,75,76,51,29,17,8,4,3,0,0,0
24,7,0,649,687,0,60,56,38,27,17,8,3,0,0,0,69,70,50,30,16,9,4,1,0,0,0
24,7,1,649,697,0,60,56,38,27,17,8,3,0,0,0,70,70,48,33,18,9,3,1,0,0,0
24,7,2,649,745,0,60,56,38,27,17,8,3,0,0,0,70,69,51,30,21,10,4,1,0,0,0
24,7,0,648,677,0,56,71,41,23,14,7,2,1,0,0,71,74,53,29,15,7,3,2,0,0,0
24,7,1,648,710,0,56,71,41,23,14,7,2,1,0,0,74,70,54,30,14,8,4,1,1,0,0
24,7,2,648,681,0,56,71,41,23,14,7,2,1,0,0,70,71,52,29,18,9,3,0,0,0,0
24,7,0,713,814,0,63,66,44,28,13,8,5,2,0,0,77,75,60,33,18,8,4,3,2,0,0
24,7,1,713,741,0,63,66,44,28,13,8,5,2,0,0,75,77,54,32,17,11,5,1,0,0,0
24,7,2,713,819,0,63,66,44,28,13,8,5,2,0,0,77,77,52,35,21,9,6,3,0,0,0
24,7,0,751,850,0,66,64,46,23,15,9,4,3,1,0,74,81,54,33,18,10,6,3,2,0,0
24,7,1,751,788,0,66,64,46,23,15,9,4,3,1,0,81,76,56,34,18,11,6,2,0,0,0
24,7,2,751,861,0,66,64,46,23,15,9,4,3,1,0,76,74,55,34,19,11,5,3,2,1,0
24,7,0,716,836,0,64,63,36,23,14,8,4,3,2,0,74,69,53,32,18,11,7,3,2,0,0
24,7,1,716,794,0,64,63,36,23,14,8,4,3,2,0,69,74,49,30,19,10,6,2,1,1,0
24,7,2,716,808,0,64,63,36,23,14,8,4,3,2,0,74,74,51,28,17,10,4,4,2,1,0
24,7,0,755,816,0,61,68,42,30,18,7,3,2,1,0,73,80,57,37,20,10,4,2,1,0,0
24,7,1,755,817,0,61,68,42,30,18,7,3,2,1,0,80,79,57,32,21,10,4,2,1,0,0
24,7,2,755,828,0,61,68,42,30,18,7,3,2,1,0,79,73,57,34,20,11,5,2,1,1,0
24,7,0,712,776,0,68,65,46,20,13,10,6,2,0,0,78,76,53,32,15,10,5,2,1,0,0
24,7,1,712,841,0,68,65,46,20,13,10,6,2,0,0,76,76,53,34,18,12,7,3,0,0,0
24,7,2,712,815,0,68,65,46,20,13,10,6,2,0,0,76,78,56,31,18,9,6,3,1,0,0
24,7,0,689,781,0,65,61,35,25,15,10,6,1,0,0,76,69,54,31,19,11,6,2,0,0,0
24,7,1,689,747,0,65,61,35,25,15,10,6,1,0,0,69,73,47,29,20,11,5,2,0,0,0
24,7,2,689,777,0,65,61,35,25,15,10,6,1,0,0,73,76,52,32,18,10,6,3,1,0,0
24,7,0,736,825,0,65,64,44,24,14,7,4,3,1,1,72,77,52,31,16,10,5,2,2,1,1
24,7,1,736,814,0,65,64,44,24,14,7,4,3,1,1,77,78,51,34,19,11,5,3,1,0,0
24,7,2,736,863,0,65,64,44,24,14,7,4,3,1,1,78,72,59,33,19,9,6,4,2,1,0
24,7,0,712,779,0,64,65,41,25,15,9,4,1,1,0,76,75,51,31,18,10,5,3,0,0,0
24,7,1,712,792,0,64,65,41,25,15,9,4,1,1,0,75,74,56,34,19,10,5,1,1,1,0
24,7,2,712,771,0,64,65,41,25,15,9,4,1,1,0,74,76,54,31,18,10,5,2,1,0,0
24,7,0,673,717,0,65,65,40,24,16,9,3,1,0,0,69,71,49,31,17,9,5,1,1,0,0
24,7,1,673,739,0,65,65,40,24,16,9,3,1,0,0,71,83,51,32,17,10,4,1,0,0,0
24,7,2,673,754,0,65,65,40,24,16,9,3,1,0,0,83,69,58,30,19,10,4,2,0,0,0
24,7,0,661,694,0,61,64,36,27,16,8,3,1,0,0,68,80,51,28,17,9,3,1,0,0,0
24,7,1,661,738,0,61,64,36,27,16,8,3,1,0,0,80,68,53,32,18,9,5,2,0,0,0
24,7,2,661,758,0,61,64,36,27,16,8,3,1,0,0,68,68,51,31,20,10,4,1,1,0,0
24,7,0,672,763,0,64,69,44,22,11,5,4,3,1,0,75,75,56,33,16,8,5,3,0,0,0
24,7,1,672,781,0,64,69,44,22,11,5,4,3,1,0,75,73,55,27,15,8,4,3,2,1,0
24,7,2,672,714,0,64,69,44,22,11,5,4,3,1,0,73,75,48,30,15,8,4,2,2,0,0
24,7,0,646,723,0,69,61,44,25,10,6,3,1,1,0,69,74,48,31,17,7,4,1,1,1,0
24,7,1,646,679,0,69,61,44,25,10,6,3,1,1,0,74,77,48,28,16,6,3,2,1,0,0
24,7,2,646,708,0,69,61,44,25,10,6,3,1,1,0,77,69,55,31,13,8,4,2,0,0,0
24,7,0,605,651,0,64,63,41,23,12,6,2,1,0,0,69,73,48,30,14,8,3,1,0,0,0
24,7,1,605,670,0,64,63,41,23,12,6,2,1,0,0,73,70,50,27,16,7,3,1,1,0,0
24,7,2,605,629,0,64,63,41,23,12,6,2,1,0,0,70,69,50,28,14,6,3,1,0,0,0
24,7,0,674,792,0,63,63,41,26,14,6,2,1,1,1,76,72,53,31,18,9,4,1,1,1,1
24,7,1,674,720,0,63,63,41,26,14,6,2,1,1,1,72,70,52,30,17,8,4,2,1,0,0
24,7,2,674,741,0,63,63,41,26,14,6,2,1,1,1,70,76,50,31,16,8,3,2,1,1,0
24,7,0,648,660,0,63,64,41,24,12,6,4,1,1,0,68,74,48,31,16,8,4,1,0,0,0
24,7,1,648,761,0,63,64,41,24,12,6,4,1,1,0,74,74,52,30,17,8,3,3,1,1,0
24,7,2,648,700,0,63,64,41,24,12,6,4,1,1,0,74,68,53,28,15,8,5,2,1,0,0
24,7,0,629,667,0,63,63,40,22,14,6,3,1,0,0,71,73,47,30,15,7,3,2,0,0,0
24,7,1,629,663,0,63,63,40,22,14,6,3,1,0,0,73,68,55,30,16,8,3,1,0,0,0
24,7,2,629,673,0,63,63,40,22,14,6,3,1,0,0,68,71,47,26,15,9,4,1,1,0,0
24,7,0,595,700,0,63,58,39,20,10,5,3,2,1,0,64,66,47,30,16,7,4,3,1,0,0
24,7,1,595,631,0,63,58,39,20,10,5,3,2,1,0,66,71,45,22,12,7,5,1,1,1,0
24,7,2,595,633,0,63,58,39,20,10,5,3,2,1,0,71,64,46,28,13,7,2,2,1,0,0
24,7,0,565,621,0,58,63,34,21,10,7,3,1,0,0,67,68,43,25,14,9,4,1,0,0,0
24,7,1,565,643,0,58,63,34,21,10,7,3,1,0,0,68,62,49,29,16,5,4,2,0,0,0
24,7,2,565,597,0,58,63,34,21,10,7,3,1,0,0,62,67,47,22,12,7,3,1,1,0,0
24,7,0,661,704,0,60,64,40,22,12,5,3,2,1,1,72,71,50,33,16,8,3,2,1,0,0
24,7,1,661,730,0,60,64,40,22,12,5,3,2,1,1,71,67,54,25,15,9,5,3,1,1,0
24,7,2,661,752,0,60,64,40,22,12,5,3,2,1,1,67,72,46,28,15,7,4,2,2,1,1
24,7,0,655,734,0,64,64,39,20,11,7,2,1,1,1,68,68,47,28,18,9,4,2,1,1,1
24,7,1,655,727,0,64,64,39,20,11,7,2,1,1,1,68,75,46,26,15,8,4,2,2,1,0
24,7,2,655,746,0,64,64,39,20,11,7,2,1,1,1,75,68,54,29,11,7,5,2,1,1,1
24,7,0,632,685,0,64,60,37,21,11,6,4,2,1,0,75,65,47,25,14,8,5,2,1,1,0
24,7,1,632,715,0,64,60,37,21,11,6,4,2,1,0,65,66,47,31,18,9,4,2,1,0,0
24,7,2,632,690,0,64,60,37,21,11,6,4,2,1,0,66,75,48,26,13,7,4,3,1,0,0
24,7,0,747,812,0,70,66,45,27,16,11,3,1,0,0,78,82,60,36,19,7,4,2,1,0,0
24,7,1,747,792,0,70,66,45,27,16,11,3,1,0,0,82,79,56,32,18,13,5,1,0,0,0
24,7,2,747,822,0,70,66,45,27,16,11,3,1,0,0,79,78,53,35,21,11,6,1,0,0,0
24,7,0,725,808,0,66,66,39,22,16,8,5,2,1,0,77,73,56,30,17,11,5,3,1,0,0
24,7,1,725,804,0,66,66,39,22,16,8,5,2,1,0,73,75,48,29,19,12,6,3,1,0,0
24,7,2,725,798,0,66,66,39,22,16,8,5,2,1,0,75,77,55,34,18,9,5,2,1,1,0
24,7,0,671,724,0,66,70,43,25,11,6,4,2,0,0,83,70,57,30,16,8,3,1,1,0,0
24,7,1,671,729,0,66,70,43,25,11,6,4,2,0,0,70,74,48,30,18,8,5,2,0,0,0
24,7,2,671,756,0,66,70,43,25,11,6,4,2,0,0,74,83,56,31,14,7,4,3,1,0,0
24,7,0,678,727,0,60,67,43,26,14,5,4,2,0,0,68,75,51,31,16,7,4,3,1,0,0
24,7,1,678,741,0,60,67,43,26,14,5,4,2,0,0,75,78,55,32,15,9,4,1,1,0,0
24,7,2,678,734,0,60,67,43,26,14,5,4,2,0,0,78,68,55,31,20,9,3,2,0,0,0
24,7,0,658,735,0,67,64,40,21,13,7,3,1,1,1,69,75,46,30,13,7,4,2,1,1,1
24,7,1,658,774,0,67,64,40,21,13,7,3,1,1,1,75,74,55,33,17,9,4,2,1,0,0
24,7,2,658,734,0,67,64,40,21,13,7,3,1,1,1,74,69,50,24,17,10,5,2,1,1,0
24,7,0,639,705,0,64,60,40,27,13,7,2,1,1,0,71,72,54,33,17,7,3,2,0,0,0
24,7,1,639,758,0,64,60,40,27,13,7,2,1,1,0,72,72,50,27,18,10,5,1,1,1,0
24,7,2,639,678,0,64,60,40,27,13,7,2,1,1,0,72,71,47,31,16,7,3,1,1,0,0
24,7,0,669,707,0,64,66,43,24,11,7,3,1,1,0,75,73,54,31,15,8,4,2,0,0,0
24,7,1,669,724,0,64,66,43,24,11,7,3,1,1,0,73,72,49,31,17,7,4,1,1,1,0
24,7,2,669,713,0,64,66,43,24,11,7,3,1,1,0,72,75,53,28,15,8,4,2,1,0,0
24,7,0,650,650,0,66,66,40,22,14,9,4,0,0,0,72,78,50,29,13,8,5,1,0,0,0
24,7,1,650,732,0,66,66,40,22,14,9,4,0,0,0,78,71,52,32,17,10,4,1,0,0,0
24,7,2,650,726,0,66,66,40,22,14,9,4,0,0,0,71,72,53,28,19,9,4,2,0,0,0
24,7,0,684,734,0,66,64,38,22,14,6,5,3,0,0,71,74,50,31,18,8,5,3,0,0,0
24,7,1,684,759,0,66,64,38,22,14,6,5,3,0,0,74,73,52,26,16,9,4,3,2,0,0
24,7,2,684,758,0,66,64,38,22,14,6,5,3,0,0,73,71,50,31,16,11,5,2,1,0,0
24,7,0,768,855,0,61,67,42,27,16,8,4,3,2,0,75,76,51,35,20,11,7,3,1,0,0
24,7,1,768,886,0,61,67,42,27,16,8,4,3,2,0,76,79,62,39,20,8,4,3,2,1,0
24,7,2,768,891,0,61,67,42,27,16,8,4,3,2,0,79,75,56,28,20,14,6,3,2,1,0
24,7,0,702,819,0,67,60,42,22,13,7,5,3,1,0,70,73,53,34,18,8,4,3,2,1,0
24,7,1,702,779,0,67,60,42,22,13,7,5,3,1,0,73,77,50,28,16,11,6,3,2,0,0
24,7,2,702,772,0,67,60,42,22,13,7,5,3,1,0,77,70,50,31,17,10,6,3,0,0,0
24,7,0,721,867,0,60,61,35,21,12,8,5,2,2,2,72,75,50,29,14,11,8,4,2,1,1
24,7,1,721,823,0,60,61,35,21,12,8,5,2,2,2,75,61,53,31,20,10,5,3,2,1,0
24,7,2,721,851,0,60,61,35,21,12,8,5,2,2,2,61,72,45,27,18,10,6,4,2,2,1
24,7,0,799,891,0,64,64,44,24,16,9,5,4,1,1,75,81,56,36,18,11,6,3,2,1,0
24,7,1,799,956,0,64,64,44,24,16,9,5,4,1,1,81,76,57,33,21,15,7,3,1,1,1
24,7,2,799,922,0,64,64,44,24,16,9,5,4,1,1,76,75,55,35,21,10,7,5,3,0,0
24,7,0,781,912,0,64,64,42,23,14,8,5,2,2,1,70,76,48,30,21,11,8,5,2,1,0
24,7,1,781,914,0,64,64,42,23,14,8,5,2,2,1,76,80,55,33,17,10,6,2,2,2,1
24,7,2,781,919,0,64,64,42,23,14,8,5,2,2,1,80,70,59,35,18,12,5,4,2,1,1
24,7,0,730,802,0,64,64,36,25,15,10,4,2,1,0,76,66,50,34,21,11,6,2,1,0,0
24,7,1,730,800,0,64,64,36,25,15,10,4,2,1,0,66,79,53,30,19,10,6,3,1,0,0
24,7,2,730,808,0,64,64,36,25,15,10,4,2,1,0,79,76,54,29,17,11,5,2,1,1,0
24,7,0,760,892,0,64,63,40,26,15,8,4,3,1,1,77,76,57,32,19,10,6,3,2,1,1
24,7,1,760,870,0,64,63,40,26,15,8,4,3,1,1,76,73,51,32,19,10,6,4,2,1,0
24,7,2,760,983,0,64,63,40,26,15,8,4,3,1,1,73,77,54,35,21,13,6,3,2,1,1
24,7,0,803,907,0,63,69,43,25,13,8,5,3,3,1,81,79,59,36,19,10,5,4,2,1,0
24,7,1,803,987,0,63,69,43,25,13,8,5,3,3,1,79,73,57,32,20,13,7,5,3,2,0
24,7,2,803,930,0,63,69,43,25,13,8,5,3,3,1,73,81,54,33,19,10,8,3,2,1,1
24,7,0,790,936,0,69,64,46,23,11,7,5,2,1,1,75,78,53,32,18,10,6,4,3,2,1
24,7,1,790,903,0,69,64,46,23,11,7,5,2,1,1,78,78,52,32,19,10,6,3,2,1,1
24,7,2,790,935,0,69,64,46,23,11,7,5,2,1,1,78,75,57,34,15,9,6,4,1,1,1
24,7,0,694,821,0,65,60,42,25,14,8,4,2,1,0,73,75,54,32,22,12,4,1,1,1,0
24,7,1,694,751,0,65,60,42,25,14,8,4,2,1,0,75,73,50,26,18,9,6,3,1,0,0
24,7,2,694,768,0,65,60,42,25,14,8,4,2,1,0,73,73,52,38,14,8,5,3,1,0,0
24,7,0,689,752,0,60,61,40,25,14,9,5,2,0,0,77,67,51,30,20,12,7,1,0,0,0
24,7,1,689,738,0,60,61,40,25,14,9,5,2,0,0,67,72,51,33,19,9,4,2,0,0,0
24,7,2,689,816,0,60,61,40,25,14,9,5,2,0,0,72,77,54,32,16,9,5,4,2,0,0
24,7,0,715,834,0,61,65,38,24,17,9,3,2,1,1,77,67,56,29,21,11,7,2,1,1,0
24,7,1,715,810,0,61,65,38,24,17,9,3,2,1,1,67,77,48,31,18,10,3,2,2,1,1
24,7,2,715,857,0,61,65,38,24,17,9,3,2,1,1,77,77,56,35,18,12,6,3,1,0,0
24,7,0,588,591,0,63,64,43,21,9,5,3,1,0,0,70,68,48,27,14,5,2,2,0,0,0
24,7,1,588,630,0,63,64,43,21,9,5,3,1,0,0,68,71,50,28,11,5,4,2,1,0,0
24,7,2,588,619,0,63,64,43,21,9,5,3,1,0,0,71,70,48,27,14,8,3,0,0,0,0
24,7,0,590,634,0,64,62,41,24,11,5,2,1,0,0,67,69,47,26,16,7,2,1,1,0,0
24,7,1,590,598,0,64,62,41,24,11,5,2,1,0,0,69,74,48,27,11,5,4,1,0,0,0
24,7,2,590,659,0,64,62,41,24,11,5,2,1,0,0,74,67,51,31,16,7,2,1,0,0,0
24,7,0,566,591,0,62,63,37,20,13,4,1,1,1,0,67,65,43,27,13,6,2,1,1,0,0
24,7,1,566,624,0,62,63,37,20,13,4,1,1,1,0,65,70,49,30,14,6,2,1,0,0,0
24,7,2,566,621,0,62,63,37,20,13,4,1,1,1,0,70,67,48,20,13,8,3,1,1,1,0
24,7,0,728,856,0,65,59,38,28,15,9,5,2,1,0,72,76,53,34,19,11,7,4,1,0,0
24,7,1,728,816,0,65,59,38,28,15,9,5,2,1,0,76,74,58,34,19,9,5,2,1,0,0
24,7,2,728,822,0,65,59,38,28,15,9,5,2,1,0,74,72,46,30,22,12,5,2,1,1,0
24,7,0,708,803,0,59,72,42,24,14,5,3,2,1,1,69,81,57,34,15,6,3,2,2,1,1
24,7,1,708,766,0,59,72,42,24,14,5,3,2,1,1,81,73,58,30,15,10,4,2,1,0,0
24,7,2,708,787,0,59,72,42,24,14,5,3,2,1,1,73,69,49,28,20,10,5,3,1,1,0
24,7,0,722,852,0,72,65,41,23,11,6,3,2,2,1,76,81,57,33,12,8,5,2,2,1,1
24,7,1,722,843,0,72,65,41,23,11,6,3,2,2,1,81,70,52,28,19,11,5,3,1,1,1
24,7,2,722,833,0,72,65,41,23,11,6,3,2,2,1,70,76,46,29,18,7,5,4,3,2,0
24,7,0,677,768,0,68,60,41,26,13,8,5,1,0,0,74,74,49,34,20,10,4,2,0,0,0
24,7,1,677,754,0,68,60,41,26,13,8,5,1,0,0,74,74,55,31,18,8,5,2,0,0,0
24,7,2,677,734,0,68,60,41,26,13,8,5,1,0,0,74,74,50,29,15,9,5,2,1,0,0
24,7,0,660,700,0,60,64,42,27,16,7,2,0,0,0,71,73,52,32,19,9,3,0,0,0,0
24,7,1,660,683,0,60,64,42,27,16,7,2,0,0,0,73,74,53,30,17,9,3,0,0,0,0
24,7,2,660,684,0,60,64,42,27,16,7,2,0,0,0,74,71,53,32,16,7,3,2,0,0,0
24,7,0,693,714,0,64,68,42,24,15,9,3,1,0,0,76,76,53,31,15,10,6,1,0,0,0
24,7,1,693,750,0,64,68,42,24,15,9,3,1,0,0,76,74,56,34,20,9,3,1,0,0,0
24,7,2,693,720,0,64,68,42,24,15,9,3,1,0,0,74,76,53,29,17,9,4,2,1,0,0
24,7,0,642,706,0,55,60,35,22,15,9,5,0,0,0,70,66,52,31,17,9,4,1,0,0,0
24,7,1,642,694,0,55,60,35,22,15,9,5,0,0,0,66,65,48,25,17,11,5,2,0,0,0
24,7,2,642,697,0,55,60,35,22,15,9,5,0,0,0,65,70,46,30,17,9,5,2,0,0,0
24,7,0,641,684,0,60,65,39,22,13,6,3,3,0,0,69,70,48,27,16,9,3,2,1,0,0
24,7,1,641,704,0,60,65,39,22,13,6,3,3,0,0,70,72,48,29,16,9,4,2,1,0,0
24,7,2,641,725,0,60,65,39,22,13,6,3,3,0,0,72,69,55,30,15,7,5,2,1,0,0
24,7,0,710,808,0,65,55,38,22,11,10,5,3,2,0,75,65,49,29,18,10,6,4,2,0,0
24,7,1,710,828,0,65,55,38,22,11,10,5,3,2,0,65,71,47,32,18,11,7,3,1,1,0
24,7,2,710,835,0,65,55,38,22,11,10,5,3,2,0,71,75,50,30,17,10,7,3,2,1,0
24,7,0,629,707,0,64,56,39,22,12,5,4,3,0,0,66,68,46,29,17,9,4,3,1,0,0
24,7,1,629,660,0,64,56,39,22,12,5,4,3,0,0,68,71,47,28,14,6,5,2,1,0,0
24,7,2,629,675,0,64,56,39,22,12,5,4,3,0,0,71,66,48,28,15,9,3,2,1,0,0
24,7,0,619,673,0,56,59,37,24,14,6,3,1,1,0,69,71,49,31,15,9,3,1,1,0,0
24,7,1,619,703,0,56,59,37,24,14,6,3,1,1,0,71,61,53,30,18,8,4,2,0,0,0
24,7,2,619,688,0,56,59,37,24,14,6,3,1,1,0,61,69,43,25,16,8,4,2,1,1,0
24,7,0,614,655,0,59,64,41,20,12,7,3,1,0,0,66,73,53,29,13,7,4,1,0,0,0
24,7,1,614,648,0,59,64,41,20,12,7,3,1,0,0,73,68,49,25,15,9,3,1,0,0,0
24,7,2,614,683,0,59,64,41,20,12,7,3,1,0,0,68,66,46,30,15,7,4,2,1,0,0
24,7,0,673,699,0,68,66,46,24,13,8,3,1,1,0,76,78,54,30,15,8,4,1,0,0,0
24,7,1,673,805,0,68,66,46,24,13,8,3,1,1,0,78,76,54,35,17,9,4,2,1,1,0
24,7,2,673,782,0,68,66,46,24,13,8,3,1,1,0,76,76,54,31,18,9,5,2,1,0,0
24,7,0,746,791,0,66,67,39,29,17,9,5,2,0,0,78,76,59,33,21,11,4,1,0,0,0
24,7,1,746,832,0,66,67,39,29,17,9,5,2,0,0,76,80,53,30,20,12,6,4,0,0,0
24,7,2,746,870,0,66,67,39,29,17,9,5,2,0,0,80,78,56,38,21,10,6,2,2,0,0
24,7,0,762,819,0,67,68,46,25,15,7,4,3,1,0,80,77,54,34,18,11,6,3,1,0,0
24,7,1,762,835,0,67,68,46,25,15,7,4,3,1,0,77,79,56,35,19,9,4,2,2,1,0
24,7,2,762,816,0,67,68,46,25,15,7,4,3,1,0,79,80,59,32,18,10,5,3,1,0,0
24,7,0,704,767,0,60,67,37,29,17,6,2,2,2,0,74,75,55,31,16,8,4,2,1,1,0
24,7,1,704,805,0,60,67,37,29,17,6,2,2,2,0,75,73,56,34,20,9,2,2,2,1,0
24,7,2,704,828,0,60,67,37,29,17,6,2,2,2,0,73,74,51,30,22,12,6,2,1,0,0
24,7,0,700,765,0,67,70,49,24,11,7,4,2,0,0,73,82,56,34,15,5,3,3,2,0,0
24,7,1,700,730,0,67,70,49,24,11,7,4,2,0,0,82,79,57,29,14,10,5,1,0,0,0
24,7,2,700,773,0,67,70,49,24,11,7,4,2,0,0,79,73,54,34,19,9,5,2,0,0,0
24,7,0,713,823,0,70,60,42,26,14,7,3,2,1,1,76,76,51,35,16,9,5,4,2,0,0
24,7,1,713,816,0,70,60,42,26,14,7,3,2,1,1,76,74,54,32,20,10,5,1,1,1,0
24,7,2,713,786,0,70,60,42,26,14,7,3,2,1,1,74,76,51,29,18,9,4,2,1,1,1
24,7,0,691,753,0,67,66,42,19,11,8,4,2,1,1,77,73,54,30,15,8,6,2,1,1,0
24,7,1,691,778,0,67,66,42,19,11,8,4,2,1,1,73,71,53,30,15,8,4,2,1,1,1
24,7,2,691,807,0,67,66,42,19,11,8,4,2,1,1,71,77,47,28,16,11,6,4,2,0,0
24,7,0,687,814,0,66,58,36,25,14,9,6,1,1,0,68,74,51,31,19,10,6,3,1,0,0
24,7,1,687,748,0,66,58,36,25,14,9,6,1,1,0,74,74,48,28,17,11,6,2,0,0,0
24,7,2,687,807,0,66,58,36,25,14,9,6,1,1,0,74,68,51,33,20,10,5,3,1,1,0
24,7,0,659,709,0,58,67,40,25,15,7,3,1,0,0,73,74,50,33,16,8,5,1,0,0,0
24,7,1,659,734,0,58,67,40,25,15,7,3,1,0,0,74,69,56,32,19,8,2,1,1,0,0
24,7,2,659,708,0,58,67,40,25,15,7,3,1,0,0,69,73,52,26,16,10,4,2,0,0,0
24,7,0,668,764,0,71,56,41,25,14,8,1,1,1,1,71,74,46,32,16,9,4,1,1,1,1
24,7,1,668,749,0,71,56,41,25,14,8,1,1,1,1,74,74,51,32,18,8,5,2,1,0,0
24,7,2,668,714,0,71,56,41,25,14,8,1,1,1,1,74,71,51,28,17,9,3,1,1,1,0
24,7,0,669,721,0,56,63,36,20,12,7,5,3,1,0,68,68,49,31,16,8,6,3,1,0,0
24,7,1,669,767,0,56,63,36,20,12,7,5,3,1,0,68,67,50,27,17,10,4,2,2,1,0
24,7,2,669,712,0,56,63,36,20,12,7,5,3,1,0,67,68,48,26,15,10,6,4,1,0,0
24,7,0,624,698,0,63,71,40,22,10,5,5,1,0,0,74,76,53,28,14,7,3,2,1,0,0
24,7,1,624,664,0,63,71,40,22,10,5,5,1,0,0,76,67,53,25,16,8,4,2,0,0,0
24,7,2,624,660,0,63,71,40,22,10,5,5,1,0,0,67,74,48,30,13,6,4,2,0,0,0
24,7,0,625,667,0,59,66,41,20,13,5,3,2,1,0,70,74,50,25,13,8,4,2,0,0,0
24,7,1,625,745,0,59,66,41,20,13,5,3,2,1,0,74,66,49,27,15,10,5,2,1,1,0
24,7,2,625,697,0,59,66,41,20,13,5,3,2,1,0,66,70,52,33,16,6,2,2,2,0,0
24,7,0,668,740,0,66,64,39,22,11,9,3,2,1,0,71,68,46,31,20,10,6,1,0,0,0
24,7,1,668,700,0,66,64,39,22,11,9,3,2,1,0,68,78,51,26,16,6,4,3,1,1,0
24,7,2,668,739,0,66,64,39,22,11,9,3,2,1,0,78,71,54,30,12,10,5,2,2,0,0
24,7,0,687,742,0,64,59,41,28,17,7,4,1,0,0,74,68,46,32,22,12,3,1,0,0,0
24,7,1,687,807,0,64,59,41,28,17,7,4,1,0,0,68,79,52,34,18,9,5,3,1,0,0
24,7,2,687,726,0,64,59,41,28,17,7,4,1,0,0,79,74,59,32,17,8,4,1,0,0,0
24,7,0,763,854,0,74,65,47,26,14,8,2,1,1,1,78,81,51,35,18,11,4,2,1,1,1
24,7,1,763,848,0,74,65,47,26,14,8,2,1,1,1,81,81,58,33,17,8,6,3,2,1,0
24,7,2,763,856,0,74,65,47,26,14,8,2,1,1,1,81,78,57,33,19,9,4,1,1,1,1
24,7,0,666,784,0,65,62,41,23,14,7,4,2,1,0,76,70,52,37,19,10,3,1,1,1,0
24,7,1,666,781,0,65,62,41,23,14,7,4,2,1,0,70,73,52,28,20,10,5,3,1,0,0
24,7,2,666,718,0,65,62,41,23,14,7,4,2,1,0,73,76,50,27,12,8,6,3,1,0,0
24,7,0,660,758,0,62,74,41,25,11,4,3,2,1,1,75,79,53,27,14,8,5,3,2,1,0
24,7,1,660,769,0,62,74,41,25,11,4,3,2,1,1,79,70,54,32,18,9,3,1,1,1,1
24,7,2,660,709,0,62,74,41,25,11,4,3,2,1,1,70,75,55,29,15,5,3,3,1,0,0
24,7,0,863,926,0,68,79,53,31,16,7,5,4,1,0,84,91,64,35,22,12,6,4,1,0,0
24,7,1,863,966,0,68,79,53,31,16,7,5,4,1,0,91,89,64,39,21,10,5,3,2,1,0
24,7,2,863,975,0,68,79,53,31,16,7,5,4,1,0,89,84,68,43,21,11,6,3,2,0,0
24,7,0,857,954,0,79,70,49,25,14,10,6,3,2,1,88,83,59,35,23,10,7,4,3,1,0
24,7,1,857,966,0,79,70,49,25,14,10,6,3,2,1,83,88,62,36,17,12,7,4,1,1,1
24,7,2,857,1029,0,79,70,49,25,14,10,6,3,2,1,88,88,59,39,21,14,8,4,2,1,0
24,7,0,828,1028,0,70,68,38,30,19,11,5,2,2,1,81,77,58,37,26,15,9,4,2,0,0
24,7,1,828,894,0,70,68,38,30,19,11,5,2,2,1,77,88,57,34,22,11,7,3,1,1,0
24,7,2,828,1019,0,70,68,38,30,19,11,5,2,2,1,88,81,61,37,22,14,5,3,2,2,1
24,7,0,860,931,0,70,72,46,31,18,10,6,3,1,0,87,83,62,37,23,14,7,2,1,0,0
24,7,1,860,971,0,70,72,46,31,18,10,6,3,1,0,83,87,63,41,23,11,7,4,1,0,0
24,7,2,860,1007,0,70,72,46,31,18,10,6,3,1,0,87,87,62,37,23,13,6,4,2,1,0
24,7,0,842,943,0,72,77,50,31,18,10,5,1,1,0,88,90,67,40,23,11,5,1,1,1,0
24,7,1,842,898,0,72,77,50,31,18,10,5,1,1,0,90,87,65,35,21,13,5,2,1,0,0
24,7,2,842,951,0,72,77,50,31,18,10,5,1,1,0,87,88,61,41,22,11,7,4,0,0,0
24,7,0,824,907,0,77,70,46,25,17,11,6,3,0,0,85,88,59,37,19,11,8,3,1,0,0
24,7,1,824,867,0,77,70,46,25,17,11,6,3,0,0,88,82,62,37,20,13,5,2,1,0,0
24,7,2,824,951,0,77,70,46,25,17,11,6,3,0,0,82,85,57,34,23,13,7,4,1,0,0
24,7,0,895,1022,0,71,73,44,28,21,12,6,4,1,0,86,90,62,32,21,16,9,4,1,1,0
24,7,1,895,1056,0,71,73,44,28,21,12,6,4,1,0,90,84,63,42,24,14,8,4,2,0,0
24,7,2,895,1038,0,71,73,44,28,21,12,6,4,1,0,84,86,64,42,27,14,6,3,2,0,0
24,7,0,909,1069,0,73,81,51,30,14,8,7,4,2,1,89,90,67,39,26,11,8,6,1,1,0
24,7,1,909,1033,0,73,81,51,30,14,8,7,4,2,1,90,92,70,35,15,9,7,5,4,2,1
24,7,2,909,1056,0,73,81,51,30,14,8,7,4,2,1,92,89,61,43,25,16,7,3,2,0,0
24,7,0,887,1020,0,81,71,54,32,18,11,5,2,1,0,86,92,60,44,27,14,5,2,2,0,0
24,7,1,887,962,0,81,71,54,32,18,11,5,2,1,0,92,97,68,39,20,10,7,4,0,0,0
24,7,2,887,998,0,81,71,54,32,18,11,5,2,1,0,97,86,66,40,22,13,7,2,1,1,0
24,7,0,936,1058,0,75,75,47,27,15,10,6,4,2,2,83,96,64,39,23,12,7,5,3,1,0
24,7,1,936,1157,0,75,75,47,27,15,10,6,4,2,2,96,85,65,35,19,14,10,6,3,2,1
24,7,2,936,1141,0,75,75,47,27,15,10,6,4,2,2,85,83,60,40,25,14,8,4,3,2,2
24,7,0,975,1177,0,75,73,50,30,18,12,7,4,2,1,93,90,68,46,27,16,9,4,2,1,1
24,7,1,975,1115,0,75,73,50,30,18,12,7,4,2,1,90,90,66,38,26,14,8,6,3,1,0
24,7,2,975,1199,0,75,73,50,30,18,12,7,4,2,1,90,93,64,41,22,15,10,5,3,2,1
24,7,0,898,1078,0,73,75,44,26,19,10,6,4,2,1,88,84,62,38,22,14,7,3,3,2,1
24,7,1,898,1013,0,73,75,44,26,19,10,6,4,2,1,84,88,57,37,26,15,7,4,2,0,0
24,7,2,898,1060,0,73,75,44,26,19,10,6,4,2,1,88,88,68,37,20,13,9,6,2,1,0
24,7,0,942,1094,0,78,72,49,31,16,10,6,3,2,1,96,85,64,34,25,15,6,4,2,2,1
24,7,1,942,1124,0,78,72,49,31,16,10,6,3,2,1,85,88,60,43,21,12,10,6,3,1,1
24,7,2,942,1044,0,78,72,49,31,16,10,6,3,2,1,88,96,67,42,24,12,7,3,2,1,0
24,7,0,898,1019,0,72,76,51,33,17,8,5,3,2,1,88,85,64,37,24,14,6,3,1,1,1
24,7,1,898,1028,0,72,76,51,33,17,8,5,3,2,1,85,95,63,43,21,10,7,4,2,1,0
24,7,2,898,1074,0,72,76,51,33,17,8,5,3,2,1,95,88,69,40,24,12,6,4,3,1,0
24,7,0,940,1114,0,76,78,50,27,18,9,4,2,2,2,86,93,60,37,24,12,6,4,2,2,1
24,7,1,940,1114,0,76,78,50,27,18,9,4,2,2,2,93,91,69,40,20,12,6,4,3,3,2
24,7,2,940,1156,0,76,78,50,27,18,9,4,2,2,2,91,86,65,39,22,15,9,4,3,1,1
24,7,0,929,1099,0,72,72,48,31,19,13,8,4,1,0,86,94,65,42,24,12,10,7,1,0,0
24,7,1,929,1125,0,72,72,48,31,19,13,8,4,1,0,94,88,71,43,24,16,9,3,2,1,0
24,7,2,929,1019,0,72,72,48,31,19,13,8,4,1,0,88,86,60,39,28,17,7,3,2,0,0
24,7,0,933,1072,0,72,74,48,31,18,11,6,4,2,1,84,89,67,40,24,13,8,4,4,1,0
24,7,1,933,1053,0,72,74,48,31,18,11,6,4,2,1,89,94,63,39,23,13,8,4,1,1,1
24,7,2,933,1115,0,72,74,48,31,18,11,6,4,2,1,94,84,65,42,26,16,8,5,2,1,0
24,7,0,956,1100,0,74,72,48,30,19,11,7,4,3,0,92,90,66,44,24,15,7,4,3,0,0
24,7,1,956,1092,0,74,72,48,30,19,11,7,4,3,0,90,86,65,40,26,17,10,5,1,0,0
24,7,2,956,1107,0,74,72,48,30,19,11,7,4,3,0,86,92,63,38,24,12,8,5,3,3,0
24,7,0,849,949,0,70,77,48,29,16,9,5,2,1,1,91,84,62,42,23,12,5,2,1,0,0
24,7,1,849,922,0,70,77,48,29,16,9,5,2,1,1,84,83,68,35,20,9,6,5,1,1,0
24,7,2,849,968,0,70,77,48,29,16,9,5,2,1,1,83,91,58,34,20,13,7,2,2,1,1
24,7,0,831,954,0,77,71,52,27,16,10,5,2,1,0,84,84,61,40,23,12,5,3,1,1,0
24,7,1,831,922,0,77,71,52,27,16,10,5,2,1,0,84,93,56,35,22,11,5,3,2,0,0
24,7,2,831,891,0,77,71,52,27,16,10,5,2,1,0,93,84,67,38,16,11,8,2,0,0,0
24,7,0,797,876,0,71,70,47,30,16,8,5,3,1,0,87,87,55,35,15,9,6,4,2,1,0
24,7,1,797,957,0,71,70,47,30,16,8,5,3,1,0,87,77,64,45,26,13,5,2,1,0,0
24,7,2,797,883,0,71,70,47,30,16,8,5,3,1,0,77,87,61,30,22,11,6,3,1,0,0
24,7,0,834,993,0,73,70,43,27,16,11,7,3,1,0,86,83,63,39,22,13,7,3,2,1,0
24,7,1,834,942,0,73,70,43,27,16,11,7,3,1,0,83,82,58,34,22,14,8,3,1,0,0
24,7,2,834,910,0,73,70,43,27,16,11,7,3,1,0,82,86,57,35,21,11,7,5,1,0,0
24,7,0,831,970,0,70,74,44,29,17,9,6,2,1,1,85,90,62,35,20,11,8,4,1,1,0
24,7,1,831,986,0,70,74,44,29,17,9,6,2,1,1,90,78,62,40,22,13,5,2,2,1,1
24,7,2,831,907,0,70,74,44,29,17,9,6,2,1,1,78,85,59,34,23,12,6,4,1,0,0
24,7,0,848,939,0,74,73,47,26,18,10,3,2,1,1,82,89,63,38,22,10,6,2,2,1,0
24,7,1,848,954,0,74,73,47,26,18,10,3,2,1,1,89,85,61,33,19,13,5,3,1,1,1
24,7,2,848,993,0,74,73,47,26,18,10,3,2,1,1,85,82,58,38,21,13,7,3,2,1,1
24,7,0,832,928,0,73,68,46,28,16,10,6,3,1,0,81,79,60,40,23,11,6,4,1,0,0
24,7,1,832,959,0,73,68,46,28,16,10,6,3,1,0,79,91,55,32,20,14,8,4,2,1,0
24,7,2,832,876,0,73,68,46,28,16,10,6,3,1,0,91,81,63,38,21,11,6,2,1,0,0
24,7,0,830,932,0,68,71,46,31,18,10,4,2,1,1,83,88,52,33,21,16,7,3,1,0,0
24,7,1,830,1024,0,68,71,46,31,18,10,4,2,1,1,88,81,66,44,24,9,7,4,2,1,0
24,7,2,830,902,0,68,71,46,31,18,10,4,2,1,1,81,83,66,36,22,11,4,1,1,1,1
24,7,0,866,1031,0,71,73,48,28,19,9,5,4,2,0,87,78,65,41,26,13,4,3,2,2,0
24,7,1,866,1035,0,71,73,48,28,19,9,5,4,2,0,78,94,62,37,21,13,8,5,3,0,0
24,7,2,866,935,0,71,73,48,28,19,9,5,4,2,0,94,87,61,37,20,13,8,3,1,0,0
24,7,0,956,1103,0,74,77,51,30,17,10,7,2,2,1,88,95,60,37,21,13,9,5,2,1,1
24,7,1,956,1155,0,74,77,51,30,17,10,7,2,2,1,95,90,72,48,22,13,7,4,2,2,1
24,7,2,956,1209,0,74,77,51,30,17,10,7,2,2,1,90,88,67,37,28,15,8,5,3,2,1
24,7,0,966,1206,0,77,76,50,30,16,9,5,4,1,1,88,90,69,46,23,11,7,5,4,2,2
24,7,1,966,1218,0,77,76,50,30,16,9,5,4,1,1,90,94,67,36,24,14,7,4,3,1,1
24,7,2,966,1176,0,77,76,50,30,16,9,5,4,1,1,94,88,59,37,22,14,9,5,2,2,1
24,7,0,992,1197,0,76,74,46,26,16,10,6,5,4,2,86,96,63,36,20,14,10,6,4,2,1
24,7,1,992,1210,0,76,74,46,26,16,10,6,5,4,2,96,84,64,40,24,16,10,6,4,2,1
24,7,2,992,1201,0,76,74,46,26,16,10,6,5,4,2,84,86,63,40,26,14,8,6,4,3,1
24,7,0,966,1091,0,73,75,49,34,20,11,6,4,2,1,94,95,69,40,23,15,7,3,3,1,0
24,7,1,966,1152,0,73,75,49,34,20,11,6,4,2,1,95,86,65,43,28,17,8,4,1,1,1
24,7,2,966,1161,0,73,75,49,34,20,11,6,4,2,1,86,94,68,44,27,12,9,6,3,1,0
24,7,0,978,1150,0,75,81,54,30,19,11,7,2,1,1,99,90,74,43,23,13,9,4,2,1,1
24,7,1,978,1131,0,75,81,54,30,19,11,7,2,1,1,90,94,65,41,26,15,6,3,1,1,1
24,7,2,978,1242,0,75,81,54,30,19,11,7,2,1,1,94,99,69,43,24,15,9,6,3,2,1
24,7,0,939,1102,0,81,73,48,29,17,10,5,4,2,1,87,93,59,37,23,12,9,5,2,1,1
24,7,1,939,1117,0,81,73,48,29,17,10,5,4,2,1,93,91,62,39,22,14,8,4,3,2,1
24,7,2,939,1072,0,81,73,48,29,17,10,5,4,2,1,91,87,69,41,24,14,6,4,3,1,0
24,7,0,870,981,0,77,71,48,32,17,8,4,3,2,1,90,90,65,36,20,11,7,5,2,0,0
24,7,1,870,986,0,77,71,48,32,17,8,4,3,2,1,90,83,63,39,20,11,7,2,2,2,0
24,7,2,870,1028,0,77,71,48,32,17,8,4,3,2,1,83,90,58,40,27,13,4,3,2,1,1
24,7,0,942,1060,0,71,80,48,29,19,12,5,3,2,1,89,87,70,44,24,14,6,3,2,1,0
24,7,1,942,1073,0,71,80,48,29,19,12,5,3,2,1,87,94,62,35,24,15,9,5,2,1,0
24,7,2,942,1077,0,71,80,48,29,19,12,5,3,2,1,94,89,67,40,23,13,8,3,2,1,1
24,7,0,900,1038,0,80,77,51,29,16,9,6,2,1,1,95,93,63,38,22,14,6,4,1,1,1
24,7,1,900,1037,0,80,77,51,29,16,9,6,2,1,1,93,85,63,40,24,12,8,4,2,1,0
24,7,2,900,1007,0,80,77,51,29,16,9,6,2,1,1,85,95,67,38,19,10,6,3,2,1,1
24,7,0,890,984,0,71,71,47,30,18,9,5,3,2,1,87,86,66,40,24,13,6,3,1,0,0
24,7,1,890,1033,0,71,71,47,30,18,9,5,3,2,1,86,84,61,34,23,13,7,5,2,2,0
24,7,2,890,1032,0,71,71,47,30,18,9,5,3,2,1,84,87,59,41,21,12,7,3,3,1,1
24,7,0,852,969,0,71,76,48,29,15,8,6,2,1,1,83,85,58,36,22,11,6,3,2,1,1
24,7,1,852,992,0,71,76,48,29,15,8,6,2,1,1,85,90,60,38,20,13,6,4,2,1,0
24,7,2,852,1035,0,71,76,48,29,15,8,6,2,1,1,90,83,69,37,21,10,7,4,1,1,1
24,7,0,823,978,0,76,71,48,28,18,10,4,3,1,0,92,81,61,39,22,14,6,3,1,1,0
24,7,1,823,953,0,76,71,48,28,18,10,4,3,1,0,81,86,60,37,24,11,6,3,2,0,0
24,7,2,823,882,0,76,71,48,28,18,10,4,3,1,0,86,92,62,36,18,11,6,2,1,0,0
24,7,0,903,1051,0,72,71,47,24,18,12,5,3,2,2,90,80,66,38,19,13,6,5,3,1,1
24,7,1,903,1056,0,72,71,47,24,18,12,5,3,2,2,80,86,56,38,23,17,11,4,2,1,0
24,7,2,903,1058,0,72,71,47,24,18,12,5,3,2,2,86,90,62,37,24,12,7,3,2,2,1
24,7,0,880,1032,0,71,73,46,30,16,11,7,3,2,0,85,94,61,36,21,14,7,5,2,1,0
24,7,1,880,1026,0,71,73,46,30,16,11,7,3,2,0,94,80,65,39,25,13,8,3,2,1,0
24,7,2,880,994,0,71,73,46,30,16,11,7,3,2,0,80,85,62,40,23,12,8,4,1,0,0
24,7,0,877,994,0,73,72,49,33,20,9,5,3,1,0,87,88,64,43,26,12,4,3,2,0,0
24,7,1,877,987,0,73,72,49,33,20,9,5,3,1,0,88,90,67,37,23,15,8,3,0,0,0
24,7,2,877,982,0,73,72,49,33,20,9,5,3,1,0,90,87,61,40,22,11,6,3,2,1,0
24,7,0,802,914,0,79,71,47,25,16,10,4,2,2,0,78,87,55,33,20,13,9,3,1,0,0
24,7,1,802,860,0,79,71,47,25,16,10,4,2,2,0,87,91,58,35,19,9,5,2,1,1,0
24,7,2,802,935,0,79,71,47,25,16,10,4,2,2,0,91,78,64,38,20,12,4,3,2,1,0
24,7,0,777,844,0,71,72,44,27,16,8,5,3,0,0,85,81,56,38,20,9,6,2,0,0,0
24,7,1,777,889,0,71,72,44,27,16,8,5,3,0,0,81,80,64,36,20,9,4,4,2,0,0
24,7,2,777,840,0,71,72,44,27,16,8,5,3,0,0,80,85,55,29,19,14,6,2,1,0,0
24,7,0,793,940,0,72,79,51,31,13,6,4,2,1,1,87,87,68,37,21,9,4,2,1,1,1
24,7,1,793,863,0,72,79,51,31,13,6,4,2,1,1,87,86,60,31,17,10,5,4,2,0,0
24,7,2,793,879,0,72,79,51,31,13,6,4,2,1,1,86,87,60,41,20,8,5,2,1,1,0
24,7,0,998,1225,0,73,74,48,31,22,11,8,5,2,1,86,92,63,44,30,20,10,4,2,1,1
24,7,1,998,1141,0,73,74,48,31,22,11,8,5,2,1,92,97,70,41,25,12,8,6,3,1,0
24,7,2,998,1190,0,73,74,48,31,22,11,8,5,2,1,97,86,69,43,25,17,9,6,3,1,0
24,7,0,1033,1291,0,74,81,49,31,18,11,6,3,3,2,97,91,69,45,27,14,8,4,3,2,2
24,7,1,1033,1214,0,74,81,49,31,18,11,6,3,3,2,91,92,71,42,25,15,8,6,3,2,1
24,7,2,1033,1284,0,74,81,49,31,18,11,6,3,3,2,92,97,66,38,24,16,11,6,4,3,1
24,7,0,1009,1246,0,81,73,51,33,20,13,6,4,2,1,96,95,72,41,23,16,12,6,3,1,1
24,7,1,1009,1168,0,81,73,51,33,20,13,6,4,2,1,95,94,64,46,28,15,7,3,3,2,0
24,7,2,1009,1232,0,81,73,51,33,20,13,6,4,2,1,94,96,68,44,29,16,8,5,2,1,1
24,7,0,835,936,0,77,70,51,32,17,9,4,1,1,1,89,84,61,40,26,12,5,2,1,1,0
24,7,1,835,933,0,77,70,51,32,17,9,4,1,1,1,84,90,65,38,20,9,6,2,1,1,1
24,7,2,835,890,0,77,70,51,32,17,9,4,1,1,1,90,89,60,38,19,12,5,3,1,0,0
24,7,0,841,986,0,70,73,45,30,21,12,4,2,1,0,83,89,61,37,23,16,7,3,1,0,0
24,7,1,841,950,0,70,73,45,30,21,12,4,2,1,0,89,86,66,42,23,12,7,2,1,0,0
24,7,2,841,919,0,70,73,45,30,21,12,4,2,1,0,86,83,61,36,24,12,5,2,1,1,0
24,7,0,880,965,0,73,77,51,29,16,9,7,4,1,0,86,91,67,38,21,9,7,4,1,1,0
24,7,1,880,972,0,73,77,51,29,16,9,7,4,1,0,91,90,66,42,19,13,5,4,3,0,0
24,7,2,880,1041,0,73,77,51,29,16,9,7,4,1,0,90,86,61,37,26,15,9,4,1,0,0
24,7,0,939,1099,0,75,76,52,30,19,9,6,5,2,0,91,94,65,42,24,14,7,4,3,1,0
24,7,1,939,1050,0,75,76,52,30,19,9,6,5,2,0,94,89,67,40,26,14,6,4,2,0,0
24,7,2,939,1079,0,75,76,52,30,19,9,6,5,2,0,89,91,67,41,21,13,9,5,2,1,0
24,7,0,946,1083,0,76,80,48,28,14,11,8,4,2,1,97,87,70,35,21,12,9,6,3,1,0
24,7,1,946,1070,0,76,80,48,28,14,11,8,4,2,1,87,88,63,42,22,15,9,4,2,1,1
24,7,2,946,1084,0,76,80,48,28,14,11,8,4,2,1,88,97,63,39,25,13,8,5,2,1,0
24,7,0,985,1128,0,80,75,51,33,20,14,7,2,1,1,89,97,68,40,25,15,9,4,2,1,0
24,7,1,985,1186,0,80,75,51,33,20,14,7,2,1,1,97,99,66,44,25,16,9,4,1,1,1
24,7,2,985,1173,0,80,75,51,33,20,14,7,2,1,1,99,89,71,46,29,15,8,4,2,1,1
24,7,0,812,866,0,75,72,49,28,15,7,4,2,2,1,83,85,60,37,21,9,4,2,2,1,0
24,7,1,812,926,0,75,72,49,28,15,7,4,2,2,1,85,87,58,33,18,12,6,4,1,1,1
24,7,2,812,930,0,75,72,49,28,15,7,4,2,2,1,87,83,62,38,20,10,6,3,2,1,0
24,7,0,787,899,0,72,71,46,30,16,10,4,1,1,0,84,82,55,36,22,14,6,2,1,0,0
24,7,1,787,846,0,72,71,46,30,16,10,4,1,1,0,82,85,60,35,22,9,5,2,0,0,0
24,7,2,787,870,0,72,71,46,30,16,10,4,1,1,0,85,84,64,37,18,9,5,2,1,1,0
24,7,0,805,873,0,71,75,47,28,17,9,5,3,0,0,88,78,59,37,22,11,5,2,1,0,0
24,7,1,805,876,0,71,75,47,28,17,9,5,3,0,0,78,89,60,38,22,11,5,3,1,0,0
24,7,2,805,912,0,71,75,47,28,17,9,5,3,0,0,89,88,65,34,18,12,7,3,1,0,0
24,7,0,804,937,0,70,69,43,29,19,10,4,2,1,0,80,86,57,35,23,13,6,2,1,1,0
24,7,1,804,891,0,70,69,43,29,19,10,4,2,1,0,86,81,62,37,22,10,5,3,1,0,0
24,7,2,804,840,0,70,69,43,29,19,10,4,2,1,0,81,80,58,36,20,13,6,2,1,0,0
24,7,0,775,861,0,69,68,45,26,13,8,7,3,0,0,78,81,57,36,18,8,6,4,2,0,0
24,7,1,775,846,0,69,68,45,26,13,8,7,3,0,0,81,80,60,34,18,12,5,2,1,0,0
24,7,2,775,846,0,69,68,45,26,13,8,7,3,0,0,80,78,53,32,21,11,7,4,0,0,0
24,7,0,741,829,0,68,70,44,28,16,9,4,1,0,0,76,83,57,35,18,9,5,3,1,0,0
24,7,1,741,813,0,68,70,44,28,16,9,4,1,0,0,83,81,58,33,19,11,5,1,0,0,0
24,7,2,741,775,0,68,70,44,28,16,9,4,1,0,0,81,76,57,34,21,10,4,1,0,0,0
24,7,0,810,901,0,71,72,49,25,15,10,4,2,1,1,85,83,61,36,17,8,6,4,2,1,0
24,7,1,810,939,0,71,72,49,25,15,10,4,2,1,1,83,82,61,37,19,14,6,1,1,1,1
24,7,2,810,890,0,71,72,49,25,15,10,4,2,1,1,82,85,57,34,22,11,6,3,1,0,0
24,7,0,795,922,0,72,66,44,27,18,10,5,2,1,0,79,85,59,39,20,12,6,3,2,0,0
24,7,1,795,868,0,72,66,44,27,18,10,5,2,1,0,85,81,58,32,22,13,6,2,0,0,0
24,7,2,795,901,0,72,66,44,27,18,10,5,2,1,0,81,79,56,36,21,11,6,3,1,1,0
24,7,0,756,830,0,66,71,45,30,17,7,3,2,1,0,85,82,61,35,21,11,3,2,1,0,0
24,7,1,756,857,0,66,71,45,30,17,7,3,2,1,0,82,75,59,34,20,11,7,2,1,0,0
24,7,2,756,811,0,66,71,45,30,17,7,3,2,1,0,75,85,56,36,19,8,3,2,1,1,0
24,7,0,935,1129,0,84,68,45,28,18,13,7,3,1,1,91,87,61,40,26,13,8,5,2,1,1
24,7,1,935,1119,0,84,68,45,28,18,13,7,3,1,1,87,91,65,40,22,14,9,5,2,1,1
24,7,2,935,1061,0,84,68,45,28,18,13,7,3,1,1,91,91,59,37,24,17,9,3,2,1,0
24,7,0,930,1077,0,68,74,45,34,20,8,5,4,3,1,85,85,66,40,25,13,7,4,3,1,1
24,7,1,930,1057,0,68,74,45,34,20,8,5,4,3,1,85,92,61,40,25,14,7,4,2,1,0
24,7,2,930,1107,0,68,74,45,34,20,8,5,4,3,1,92,85,67,40,25,14,7,5,3,2,0
24,7,0,952,1118,0,74,84,54,26,15,11,6,2,1,1,97,93,70,37,20,11,7,4,2,1,1
24,7,1,952,1101,0,74,84,54,26,15,11,6,2,1,1,93,86,67,43,23,14,8,3,2,2,1
24,7,2,952,1100,0,74,84,54,26,15,11,6,2,1,1,86,97,65,38,21,13,8,5,2,1,1
24,7,0,941,1105,0,73,74,53,31,17,10,7,3,2,1,91,91,67,44,23,14,10,3,1,1,1
24,7,1,941,1060,0,73,74,53,31,17,10,7,3,2,1,91,89,68,42,24,13,6,4,2,1,0
24,7,2,941,1067,0,73,74,53,31,17,10,7,3,2,1,89,91,63,38,24,13,7,6,3,1,0
24,7,0,945,1115,0,74,72,45,27,19,11,5,4,2,2,86,89,65,38,23,13,8,3,2,2,1
24,7,1,945,1133,0,74,72,45,27,19,11,5,4,2,2,89,87,60,38,23,14,7,6,3,2,2
24,7,2,945,1166,0,74,72,45,27,19,11,5,4,2,2,87,86,63,40,25,17,10,5,4,1,0
24,7,0,945,1081,0,72,73,45,30,16,10,8,6,3,0,91,88,66,39,22,13,10,6,2,0,0
24,7,1,945,1147,0,72,73,45,30,16,10,8,6,3,0,88,84,63,39,24,15,8,6,4,2,0
24,7,2,945,1143,0,72,73,45,30,16,10,8,6,3,0,84,91,62,40,27,15,9,5,3,1,0
24,7,0,968,1097,0,70,76,55,35,17,8,4,3,2,2,92,91,69,40,25,12,7,4,2,2,1
24,7,1,968,1124,0,70,76,55,35,17,8,4,3,2,2,91,90,70,44,21,10,6,5,4,2,1
24,7,2,968,1146,0,70,76,55,35,17,8,4,3,2,2,90,92,64,43,26,15,7,3,2,1,1
24,7,0,896,1059,0,76,71,49,27,19,12,6,3,2,0,82,91,62,41,26,16,6,3,2,1,0
24,7,1,896,1012,0,76,71,49,27,19,12,6,3,2,0,91,92,65,36,22,12,10,5,1,0,0
24,7,2,896,1005,0,76,71,49,27,19,12,6,3,2,0,92,82,62,41,21,14,7,3,2,1,0
24,7,0,845,978,0,71,70,41,26,16,10,7,3,1,1,84,78,58,34,20,13,9,4,2,1,0
24,7,1,845,946,0,71,70,41,26,16,10,7,3,1,1,78,84,57,39,22,12,5,2,2,1,1
24,7,2,845,979,0,71,70,41,26,16,10,7,3,1,1,84,84,60,32,22,13,8,6,1,0,0
24,7,0,838,927,0,74,74,48,30,15,10,6,2,1,0,91,81,62,37,22,12,6,1,1,1,0
24,7,1,838,948,0,74,74,48,30,15,10,6,2,1,0,81,88,57,37,23,12,6,4,1,0,0
24,7,2,838,960,0,74,74,48,30,15,10,6,2,1,0,88,91,67,38,19,10,7,4,1,0,0
24,7,0,830,968,0,74,66,48,29,18,8,5,3,1,1,90,80,60,36,21,15,6,3,1,1,0
24,7,1,830,1033,0,74,66,48,29,18,8,5,3,1,1,80,83,56,39,25,12,7,4,2,1,1
24,7,2,830,907,0,74,66,48,29,18,8,5,3,1,1,83,90,63,38,19,9,5,3,2,0,0
24,7,0,861,983,0,66,74,47,26,15,9,3,3,3,1,82,83,58,32,21,13,7,4,3,2,0
24,7,1,861,1024,0,66,74,47,26,15,9,3,3,3,1,83,83,61,39,19,10,7,3,3,2,1
24,7,2,861,990,0,66,74,47,26,15,9,3,3,3,1,83,82,63,37,21,12,6,4,2,1,1
24,7,0,793,945,0,68,73,44,30,13,7,6,4,1,0,80,79,58,37,18,10,5,5,3,1,0
24,7,1,793,932,0,68,73,44,30,13,7,6,4,1,0,79,87,56,36,23,11,7,3,2,0,0
24,7,2,793,850,0,68,73,44,30,13,7,6,4,1,0,87,80,64,32,20,10,6,3,0,0,0
24,7,0,805,885,0,73,66,49,28,17,10,4,1,1,1,86,88,58,34,18,10,6,4,1,0,0
24,7,1,805,914,0,73,66,49,28,17,10,4,1,1,1,88,76,62,41,22,12,6,2,1,1,0
24,7,2,805,903,0,73,66,49,28,17,10,4,1,1,1,76,86,57,36,22,12,5,1,1,1,1
24,7,0,757,868,0,66,68,38,21,16,10,5,3,1,0,72,77,56,33,19,10,5,3,2,1,0
24,7,1,757,849,0,66,68,38,21,16,10,5,3,1,0,77,79,55,28,18,13,7,3,1,0,0
24,7,2,757,849,0,66,68,38,21,16,10,5,3,1,0,79,72,51,33,19,12,7,3,1,0,0
24,7,0,742,824,0,71,66,47,30,17,8,3,1,0,0,79,87,60,37,20,9,4,1,0,0,0
24,7,1,742,797,0,71,66,47,30,17,8,3,1,0,0,87,77,57,32,21,10,4,1,1,0,0
24,7,2,742,792,0,71,66,47,30,17,8,3,1,0,0,77,79,55,37,18,10,4,2,0,0,0
24,7,0,792,889,0,66,71,48,27,16,8,4,3,1,0,83,80,60,37,18,11,7,1,1,1,0
24,7,1,792,856,0,66,71,48,27,16,8,4,3,1,0,80,81,57,34,22,12,4,3,1,0,0
24,7,2,792,896,0,66,71,48,27,16,8,4,3,1,0,81,83,61,36,19,9,5,4,2,0,0
24,7,0,719,837,0,71,71,40,24,16,10,6,1,0,0,85,74,58,31,21,12,6,2,0,0,0
24,7,1,719,787,0,71,71,40,24,16,10,6,1,0,0,74,80,50,30,19,10,5,2,1,0,0
24,7,2,719,850,0,71,71,40,24,16,10,6,1,0,0,80,85,60,36,17,11,6,3,0,0,0
