q,K,digit,G,G2,n0,n1,n2,n3,n4,n5,n6,n7,n8,n9,n10,m0,m1,m2,m3,m4,m5,m6,m7,m8,m9,m10
26,0,1,629,900,0,44,31,22,14,10,7,5,2,2,1,47,48,32,22,14,10,7,4,3,2,1
26,0,2,629,834,0,44,31,22,14,10,7,5,2,2,1,48,46,31,22,16,10,6,4,3,2,2
26,1,0,900,978,47,48,32,22,14,10,7,4,3,2,1,0,66,50,32,22,16,11,7,5,2,2
26,1,2,900,1017,47,48,32,22,14,10,7,4,3,2,1,0,68,47,34,22,15,9,7,5,4,3
26,1,0,834,838,48,46,31,22,16,10,6,4,3,2,2,0,64,50,34,23,15,8,6,4,3,3
26,1,1,834,890,48,46,31,22,16,10,6,4,3,2,2,0,64,48,30,22,16,10,8,5,2,1
26,1,2,834,893,48,46,31,22,16,10,6,4,3,2,2,0,64,46,34,22,14,11,5,4,4,2
26,2,0,978,1291,0,66,50,32,22,16,11,7,5,2,2,72,76,55,34,23,14,10,8,4,3,2
26,2,1,978,1302,0,66,50,32,22,16,11,7,5,2,2,70,72,45,35,26,18,12,5,3,3,3
26,2,2,978,1322,0,66,50,32,22,16,11,7,5,2,2,76,70,52,33,21,16,10,8,7,3,2
26,2,0,1017,1357,0,68,47,34,22,15,9,7,5,4,3,79,72,53,35,20,16,12,9,6,3,2
26,2,1,1017,1417,0,68,47,34,22,15,9,7,5,4,3,68,79,49,33,23,15,10,8,6,5,3
26,2,2,1017,1409,0,68,47,34,22,15,9,7,5,4,3,72,68,49,36,27,17,11,7,5,4,3
26,2,0,838,1051,0,64,50,34,23,15,8,6,4,3,3,74,66,48,33,21,14,8,6,4,3,1
26,2,1,838,1025,0,64,50,34,23,15,8,6,4,3,3,71,74,51,31,19,13,9,6,3,2,1
26,2,2,838,1078,0,64,50,34,23,15,8,6,4,3,3,66,71,48,33,23,13,8,5,4,2,2
26,2,0,890,1141,0,64,48,30,22,16,10,8,5,2,1,68,73,45,32,23,15,10,7,4,2,2
26,2,1,890,1126,0,64,48,30,22,16,10,8,5,2,1,68,68,47,32,22,16,10,6,3,3,1
26,2,2,890,1151,0,64,48,30,22,16,10,8,5,2,1,73,68,53,33,22,14,9,6,4,1,1
26,2,0,893,1122,0,64,46,34,22,14,11,5,4,4,2,66,70,46,33,22,15,11,5,4,3,2
26,2,1,893,1184,0,64,46,34,22,14,11,5,4,4,2,73,66,49,32,21,15,10,7,5,3,1
26,2,2,893,1122,0,64,46,34,22,14,11,5,4,4,2,70,73,50,34,22,13,8,6,4,3,2
26,3,0,1291,1715,72,76,55,34,23,14,10,8,4,3,2,0,105,79,52,33,19,12,10,9,4,3
26,3,1,1291,1813,72,76,55,34,23,14,10,8,4,3,2,0,96,75,55,38,23,16,10,6,5,3
26,3,2,1291,1765,72,76,55,34,23,14,10,8,4,3,2,0,103,78,49,30,25,16,10,5,3,2
26,3,0,1302,1716,70,72,45,35,26,18,12,5,3,3,3,0,101,76,49,33,22,18,12,5,4,2
26,3,1,1302,1762,70,72,45,35,26,18,12,5,3,3,3,0,98,72,49,39,27,15,10,5,3,3
26,3,2,1302,1758,70,72,45,35,26,18,12,5,3,3,3,0,96,77,55,36,24,14,7,7,5,4
26,3,0,1322,1840,76,70,52,33,21,16,10,8,7,3,2,0,100,75,50,33,23,15,10,9,7,3
26,3,1,1322,1787,76,70,52,33,21,16,10,8,7,3,2,0,101,76,51,35,22,17,11,7,5,2
26,3,2,1322,1813,76,70,52,33,21,16,10,8,7,3,2,0,100,74,54,35,25,17,12,7,3,3
26,3,0,1357,1845,79,72,53,35,20,16,12,9,6,3,2,0,104,80,55,35,22,17,11,6,5,4
26,3,1,1357,1843,79,72,53,35,20,16,12,9,6,3,2,0,103,75,52,35,25,18,12,8,4,2
26,3,2,1357,1861,79,72,53,35,20,16,12,9,6,3,2,0,103,76,52,36,24,16,12,9,5,2
26,3,0,1417,2071,68,79,49,33,23,15,10,8,6,5,3,0,102,76,52,33,27,18,11,8,5,5
26,3,1,1417,2009,68,79,49,33,23,15,10,8,6,5,3,0,103,79,48,35,22,16,13,10,7,3
26,3,0,1409,1974,72,68,49,36,27,17,11,7,5,4,3,0,100,76,58,41,26,16,10,9,5,4
26,3,1,1409,2021,72,68,49,36,27,17,11,7,5,4,3,0,97,78,54,36,26,18,13,8,7,3
26,3,2,1409,1965,72,68,49,36,27,17,11,7,5,4,3,0,106,77,51,37,26,17,11,6,4,4
26,3,0,1051,1349,74,66,48,33,21,14,8,6,4,3,1,0,92,73,43,30,20,11,7,4,3,2
26,3,1,1051,1373,74,66,48,33,21,14,8,6,4,3,1,0,97,67,51,31,17,11,8,5,2,1
26,3,2,1051,1341,74,66,48,33,21,14,8,6,4,3,1,0,89,64,44,29,20,14,7,5,3,1
26,3,0,1025,1270,71,74,51,31,19,13,9,6,3,2,1,0,89,71,46,28,18,12,6,3,2,1
26,3,1,1025,1277,71,74,51,31,19,13,9,6,3,2,1,0,97,70,43,26,19,11,7,5,2,1
26,3,2,1025,1304,71,74,51,31,19,13,9,6,3,2,1,0,94,68,46,30,16,11,8,4,2,1
26,3,0,1078,1393,66,71,48,33,23,13,8,5,4,2,2,0,95,66,48,29,19,12,8,5,2,2
26,3,1,1078,1415,66,71,48,33,23,13,8,5,4,2,2,0,87,72,45,31,18,10,7,5,4,2
26,3,2,1078,1424,66,71,48,33,23,13,8,5,4,2,2,0,94,72,46,31,21,13,7,4,3,1
26,3,0,1141,1554,68,73,45,32,23,15,10,7,4,2,2,0,88,68,48,33,24,14,9,6,3,1
26,3,1,1141,1476,68,73,45,32,23,15,10,7,4,2,2,0,95,78,46,29,18,13,10,5,3,2
26,3,2,1141,1489,68,73,45,32,23,15,10,7,4,2,2,0,99,68,47,34,22,14,7,5,3,2
26,3,0,1126,1492,68,68,47,32,22,16,10,6,3,3,1,0,88,69,49,35,22,12,7,5,3,2
26,3,1,1126,1587,68,68,47,32,22,16,10,6,3,3,1,0,95,71,49,28,21,15,9,6,3,2
26,3,2,1126,1469,68,68,47,32,22,16,10,6,3,3,1,0,95,70,44,32,20,14,9,4,3,2
26,3,0,1151,1528,73,68,53,33,22,14,9,6,4,1,1,0,100,73,45,30,20,12,8,5,3,2
26,3,1,1151,1578,73,68,53,33,22,14,9,6,4,1,1,0,93,72,55,33,19,12,7,5,3,1
26,3,2,1151,1565,73,68,53,33,22,14,9,6,4,1,1,0,94,69,46,30,21,14,9,5,3,2
26,3,0,1122,1550,66,70,46,33,22,15,11,5,4,3,2,0,92,70,50,34,22,14,9,5,5,2
26,3,1,1122,1471,66,70,46,33,22,15,11,5,4,3,2,0,92,71,45,29,22,14,8,3,2,2
26,3,2,1122,1513,66,70,46,33,22,15,11,5,4,3,2,0,94,71,47,33,19,13,9,7,3,2
26,3,0,1184,1551,73,66,49,32,21,15,10,7,5,3,1,0,93,70,48,32,21,14,11,6,2,1
26,3,1,1184,1609,73,66,49,32,21,15,10,7,5,3,1,0,96,70,49,35,21,12,7,6,5,4
26,3,2,1184,1585,73,66,49,32,21,15,10,7,5,3,1,0,95,71,48,29,22,17,10,6,4,1
26,3,0,1122,1443,70,73,50,34,22,13,8,6,4,3,2,0,96,71,47,30,18,13,8,6,4,2
26,3,1,1122,1545,70,73,50,34,22,13,8,6,4,3,2,0,92,73,49,32,22,14,9,4,2,2
26,3,2,1122,1454,70,73,50,34,22,13,8,6,4,3,2,0,98,72,47,31,19,10,7,6,4,2
26,4,0,1715,1724,0,105,79,52,33,19,12,10,9,4,3,0,105,112,77,46,30,20,14,10,5,2
26,4,1,1715,1867,0,105,79,52,33,19,12,10,9,4,3,0,112,112,76,46,30,20,15,10,7,4
26,4,2,1715,1877,0,105,79,52,33,19,12,10,9,4,3,0,112,105,71,53,33,20,12,9,7,4
26,4,0,1813,1884,0,96,75,55,38,23,16,10,6,5,3,0,112,108,76,55,31,21,16,9,6,3
26,4,1,1813,1867,0,96,75,55,38,23,16,10,6,5,3,0,108,110,78,58,40,22,12,7,5,4
26,4,2,1813,1898,0,96,75,55,38,23,16,10,6,5,3,0,110,112,80,46,33,23,15,11,6,4
26,4,0,1765,1850,0,103,78,49,30,25,16,10,5,3,2,0,103,111,70,51,35,21,13,9,5,4
26,4,1,1765,1892,0,103,78,49,30,25,16,10,5,3,2,0,111,112,81,47,27,20,14,9,6,3
26,4,2,1765,1861,0,103,78,49,30,25,16,10,5,3,2,0,112,103,72,47,34,25,14,7,4,3
26,4,0,1716,1776,0,101,76,49,33,22,18,12,5,4,2,0,100,113,66,52,34,21,13,7,4,4
26,4,1,1716,1929,0,101,76,49,33,22,18,12,5,4,2,0,113,113,86,50,33,23,14,11,6,4
26,4,2,1716,1822,0,101,76,49,33,22,18,12,5,4,2,0,113,100,73,47,33,23,18,9,5,2
26,4,0,1762,1834,0,98,72,49,39,27,15,10,5,3,3,0,116,103,73,47,34,23,14,8,5,3
26,4,1,1762,1883,0,98,72,49,39,27,15,10,5,3,3,0,103,106,74,56,34,20,14,10,5,3
26,4,2,1762,1882,0,98,72,49,39,27,15,10,5,3,3,0,106,116,80,52,38,24,12,7,5,4
26,4,0,1758,1790,0,96,77,55,36,24,14,7,7,5,4,0,110,108,76,52,33,23,12,6,6,4
26,4,1,1758,1801,0,96,77,55,36,24,14,7,7,5,4,0,108,109,75,51,36,22,12,9,4,3
26,4,2,1758,1812,0,96,77,55,36,24,14,7,7,5,4,0,109,110,80,51,30,18,15,10,8,4
26,4,0,1840,1946,0,100,75,50,33,23,15,10,9,7,3,0,108,109,74,51,35,21,13,10,8,6
26,4,1,1840,1956,0,100,75,50,33,23,15,10,9,7,3,0,109,111,77,49,34,26,14,12,8,3
26,4,2,1840,1960,0,100,75,50,33,23,15,10,9,7,3,0,111,108,77,53,34,23,20,10,6,4
26,4,0,1787,1890,0,101,76,51,35,22,17,11,7,5,2,0,112,114,77,49,36,24,15,8,5,2
26,4,1,1787,1847,0,101,76,51,35,22,17,11,7,5,2,0,114,104,76,49,32,20,17,12,5,3
26,4,2,1787,1890,0,101,76,51,35,22,17,11,7,5,2,0,104,112,76,55,34,23,13,8,7,5
26,4,0,1813,1874,0,100,74,54,35,25,17,12,7,3,3,0,110,111,74,53,32,24,17,9,5,2
26,4,1,1813,1886,0,100,74,54,35,25,17,12,7,3,3,0,111,112,79,56,37,25,15,8,3,3
26,4,2,1813,1891,0,100,74,54,35,25,17,12,7,3,3,0,112,110,80,50,36,21,13,11,8,4
26,4,0,1845,1951,0,104,80,55,35,22,17,11,6,5,4,0,117,111,79,54,35,21,15,12,7,5
26,4,1,1845,1880,0,104,80,55,35,22,17,11,6,5,4,0,111,114,79,51,34,23,15,8,7,3
26,4,2,1845,1940,0,104,80,55,35,22,17,11,6,5,4,0,114,117,80,53,34,24,16,9,4,4
26,4,0,1843,1941,0,103,75,52,35,25,18,12,8,4,2,0,115,112,83,56,36,23,15,10,6,3
26,4,1,1843,1914,0,103,75,52,35,25,18,12,8,4,2,0,112,110,73,51,37,24,15,10,7,3
26,4,2,1843,1882,0,103,75,52,35,25,18,12,8,4,2,0,110,115,78,52,34,25,17,9,4,3
26,4,0,1861,1993,0,103,76,52,36,24,16,12,9,5,2,0,109,115,81,55,37,23,16,9,5,3
26,4,1,1861,1894,0,103,76,52,36,24,16,12,9,5,2,0,115,114,77,50,33,23,15,11,7,4
26,4,2,1861,1959,0,103,76,52,36,24,16,12,9,5,2,0,114,109,77,54,37,25,16,11,7,3
26,4,0,2071,2280,0,102,76,52,33,27,18,11,8,5,5,0,117,116,84,56,37,27,19,11,6,5
26,4,1,2071,2239,0,102,76,52,33,27,18,11,8,5,5,0,116,111,81,55,39,25,16,14,10,6
26,4,2,2071,2304,0,102,76,52,33,27,18,11,8,5,5,0,111,117,77,55,38,29,19,11,9,6
26,4,0,2009,2200,0,103,79,48,35,22,16,13,10,7,3,0,112,115,79,57,39,27,20,12,8,4
26,4,1,2009,2240,0,103,79,48,35,22,16,13,10,7,3,0,115,114,81,52,38,23,16,12,8,6
26,4,2,2009,2227,0,103,79,48,35,22,16,13,10,7,3,0,114,112,78,50,34,26,18,14,9,5
26,4,0,1974,2101,0,100,76,58,41,26,16,10,9,5,4,0,121,122,88,59,35,23,14,9,8,6
26,4,1,1974,2055,0,100,76,58,41,26,16,10,9,5,4,0,122,106,82,57,39,27,16,12,7,3
26,4,2,1974,2144,0,100,76,58,41,26,16,10,9,5,4,0,106,121,79,57,41,24,18,11,7,4
26,4,0,2021,2203,0,97,78,54,36,26,18,13,8,7,3,0,112,116,82,55,37,26,19,13,8,4
26,4,1,2021,2137,0,97,78,54,36,26,18,13,8,7,3,0,116,116,84,60,35,24,18,11,7,4
26,4,2,2021,2236,0,97,78,54,36,26,18,13,8,7,3,0,116,112,81,54,43,29,16,11,7,6
26,4,0,1965,2106,0,106,77,51,37,26,17,11,6,4,4,0,111,113,75,53,39,27,16,8,6,5
26,4,1,1965,2097,0,106,77,51,37,26,17,11,6,4,4,0,113,121,84,57,37,23,15,12,5,4
26,4,2,1965,2133,0,106,77,51,37,26,17,11,6,4,4,0,121,111,80,52,35,24,17,11,9,5
26,4,0,1349,1356,0,92,73,43,30,20,11,7,4,3,2,0,99,94,63,38,28,17,10,5,3,2
26,4,1,1349,1279,0,92,73,43,30,20,11,7,4,3,2,0,94,92,66,43,24,13,8,6,3,1
26,4,2,1349,1304,0,92,73,43,30,20,11,7,4,3,2,0,92,99,64,39,25,17,9,5,3,2
26,4,0,1373,1294,0,97,67,51,31,17,11,8,5,2,1,0,96,93,62,44,27,16,9,4,3,2
26,4,1,1373,1344,0,97,67,51,31,17,11,8,5,2,1,0,93,102,66,41,27,16,9,6,2,1
26,4,2,1373,1321,0,97,67,51,31,17,11,8,5,2,1,0,102,96,66,42,22,13,10,7,4,1
26,4,0,1341,1320,0,89,64,44,29,20,14,7,5,3,1,0,98,91,68,44,23,16,9,6,4,1
26,4,1,1341,1319,0,89,64,44,29,20,14,7,5,3,1,0,91,87,60,40,30,19,12,5,2,1
26,4,2,1341,1300,0,89,64,44,29,20,14,7,5,3,1,0,87,98,59,39,26,15,9,5,3,2
26,4,0,1270,1243,0,89,71,46,28,18,12,6,3,2,1,0,90,98,65,39,23,13,11,6,2,1
26,4,1,1270,1255,0,89,71,46,28,18,12,6,3,2,1,0,98,89,67,40,21,13,8,3,3,2
26,4,2,1270,1191,0,89,71,46,28,18,12,6,3,2,1,0,89,90,56,38,27,17,6,4,2,1
26,4,0,1277,1225,0,97,70,43,26,19,11,7,5,2,1,0,92,91,56,41,25,16,9,4,3,2
26,4,1,1277,1237,0,97,70,43,26,19,11,7,5,2,1,0,91,98,67,39,26,15,7,4,2,1
26,4,2,1277,1192,0,97,70,43,26,19,11,7,5,2,1,0,98,92,61,34,20,14,10,7,3,0
26,4,0,1304,1217,0,94,68,46,30,16,11,8,4,2,1,0,97,92,61,38,26,14,7,6,3,1
26,4,1,1304,1223,0,94,68,46,30,16,11,8,4,2,1,0,92,91,61,38,22,14,11,6,3,1
26,4,2,1304,1199,0,94,68,46,30,16,11,8,4,2,1,0,91,97,64,42,24,14,8,3,1,1
26,4,0,1393,1347,0,95,66,48,29,19,12,8,5,2,2,0,97,91,60,42,26,18,11,6,3,2
26,4,1,1393,1428,0,95,66,48,29,19,12,8,5,2,2,0,91,99,66,44,27,14,10,6,3,2
26,4,2,1393,1348,0,95,66,48,29,19,12,8,5,2,2,0,99,97,66,40,25,17,9,6,4,1
26,4,0,1415,1369,0,87,72,45,31,18,10,7,5,4,2,0,95,97,66,38,26,17,10,7,3,2
26,4,1,1415,1376,0,87,72,45,31,18,10,7,5,4,2,0,97,90,64,43,26,14,10,7,5,3
26,4,2,1415,1416,0,87,72,45,31,18,10,7,5,4,2,0,90,95,65,42,26,16,9,5,4,2
26,4,0,1424,1450,0,94,72,46,31,21,13,7,4,3,1,0,103,95,70,45,28,17,10,5,3,1
26,4,1,1424,1389,0,94,72,46,31,21,13,7,4,3,1,0,95,96,64,41,29,17,9,5,3,3
26,4,2,1424,1433,0,94,72,46,31,21,13,7,4,3,1,0,96,103,66,42,25,17,11,7,4,2
26,4,0,1554,1515,0,88,68,48,33,24,14,9,6,3,1,0,97,100,72,47,31,20,11,7,4,2
26,4,1,1554,1525,0,88,68,48,33,24,14,9,6,3,1,0,100,99,67,42,30,21,13,8,4,1
26,4,2,1554,1604,0,88,68,48,33,24,14,9,6,3,1,0,99,97,69,51,31,18,11,6,4,3
26,4,0,1476,1494,0,95,78,46,29,18,13,10,5,3,2,0,99,105,70,43,24,16,13,9,4,2
26,4,1,1476,1428,0,95,78,46,29,18,13,10,5,3,2,0,105,96,70,43,29,18,10,5,4,2
26,4,2,1476,1458,0,95,78,46,29,18,13,10,5,3,2,0,96,99,65,41,28,18,11,7,3,2
26,4,0,1489,1432,0,99,68,47,34,22,14,7,5,3,2,0,98,96,63,44,32,19,11,6,2,2
26,4,1,1489,1418,0,99,68,47,34,22,14,7,5,3,2,0,96,108,69,47,27,14,10,7,5,2
26,4,2,1489,1530,0,99,68,47,34,22,14,7,5,3,2,0,108,98,71,44,29,21,11,5,4,2
26,4,0,1492,1538,0,88,69,49,35,22,12,7,5,3,2,0,100,97,72,45,28,16,10,8,5,1
26,4,1,1492,1452,0,88,69,49,35,22,12,7,5,3,2,0,97,97,65,45,29,20,11,5,3,3
26,4,2,1492,1558,0,88,69,49,35,22,12,7,5,3,2,0,97,100,69,47,31,17,10,6,4,3
26,4,0,1587,1631,0,95,71,49,28,21,15,9,6,3,2,0,97,104,67,44,28,19,12,8,4,3
26,4,1,1587,1648,0,95,71,49,28,21,15,9,6,3,2,0,104,101,71,46,27,19,13,8,6,3
26,4,2,1587,1639,0,95,71,49,28,21,15,9,6,3,2,0,101,97,69,46,32,21,13,7,4,2
26,4,0,1469,1448,0,95,70,44,32,20,14,9,4,3,2,0,96,99,61,41,28,19,14,6,3,2
26,4,1,1469,1438,0,95,70,44,32,20,14,9,4,3,2,0,99,99,68,46,28,15,9,7,4,2
26,4,2,1469,1451,0,95,70,44,32,20,14,9,4,3,2,0,99,96,70,42,29,19,10,6,3,2
26,4,0,1528,1521,0,100,73,45,30,20,12,8,5,3,2,0,100,103,72,41,27,17,9,7,4,3
26,4,1,1528,1566,0,100,73,45,30,20,12,8,5,3,2,0,103,98,62,39,27,20,12,8,5,3
26,4,2,1528,1541,0,100,73,45,30,20,12,8,5,3,2,0,98,100,67,48,29,16,12,6,4,2
26,4,0,1578,1658,0,93,72,55,33,19,12,7,5,3,1,0,101,102,73,47,27,16,11,7,5,3
26,4,1,1578,1640,0,93,72,55,33,19,12,7,5,3,1,0,102,101,66,46,28,19,10,6,5,2
26,4,2,1578,1609,0,93,72,55,33,19,12,7,5,3,1,0,101,101,72,46,29,16,11,7,3,3
26,4,0,1565,1585,0,94,69,46,30,21,14,9,5,3,2,0,90,104,64,44,30,20,13,7,4,3
26,4,1,1565,1561,0,94,69,46,30,21,14,9,5,3,2,0,104,102,73,43,26,17,12,7,4,3
26,4,2,1565,1638,0,94,69,46,30,21,14,9,5,3,2,0,102,90,65,46,31,20,11,8,5,2
26,4,0,1550,1513,0,92,70,50,34,22,14,9,5,5,2,0,98,101,69,51,31,18,10,6,4,2
26,4,1,1550,1530,0,92,70,50,34,22,14,9,5,5,2,0,101,104,74,47,31,19,12,7,4,2
26,4,2,1550,1541,0,92,70,50,34,22,14,9,5,5,2,0,104,98,68,43,29,20,13,8,4,3
26,4,0,1471,1478,0,92,71,45,29,22,14,8,3,2,2,0,97,97,65,43,28,15,9,6,4,2
26,4,1,1471,1501,0,92,71,45,29,22,14,8,3,2,2,0,97,97,69,43,26,19,11,6,2,2
26,4,2,1471,1490,0,92,71,45,29,22,14,8,3,2,2,0,97,97,65,42,29,20,12,6,4,3
26,4,0,1513,1450,0,94,71,47,33,19,13,9,7,3,2,0,101,98,67,45,31,17,9,7,5,2
26,4,1,1513,1565,0,94,71,47,33,19,13,9,7,3,2,0,98,100,67,44,28,20,13,9,4,1
26,4,2,1513,1454,0,94,71,47,33,19,13,9,7,3,2,0,100,101,71,45,28,17,13,6,4,3
26,4,0,1551,1583,0,93,70,48,32,21,14,11,6,2,1,0,98,97,65,45,31,18,11,7,4,2
26,4,1,1551,1639,0,93,70,48,32,21,14,11,6,2,1,0,97,106,71,46,27,20,12,9,5,2
26,4,2,1551,1629,0,93,70,48,32,21,14,11,6,2,1,0,106,98,72,47,32,20,14,7,3,2
26,4,0,1609,1618,0,96,70,49,35,21,12,7,6,5,4,0,109,98,71,44,30,21,12,7,4,3
26,4,1,1609,1665,0,96,70,49,35,21,12,7,6,5,4,0,98,99,66,47,31,18,13,9,6,4
26,4,2,1609,1594,0,96,70,49,35,21,12,7,6,5,4,0,99,109,73,49,30,17,10,7,6,3
26,4,0,1585,1667,0,95,71,48,29,22,17,10,6,4,1,0,99,102,71,46,31,23,14,7,4,2
26,4,1,1585,1565,0,95,71,48,29,22,17,10,6,4,1,0,102,104,68,45,31,21,14,7,3,2
26,4,2,1585,1638,0,95,71,48,29,22,17,10,6,4,1,0,104,99,71,48,29,18,12,9,6,3
26,4,0,1443,1451,0,96,71,47,30,18,13,8,6,4,2,0,96,101,64,42,28,17,12,7,4,2
26,4,1,1443,1382,0,96,71,47,30,18,13,8,6,4,2,0,101,98,67,41,28,16,10,7,4,1
26,4,2,1443,1462,0,96,71,47,30,18,13,8,6,4,2,0,98,96,68,45,25,18,11,6,4,3
26,4,0,1545,1542,0,92,73,49,32,22,14,9,4,2,2,0,99,103,67,44,29,18,12,7,3,2
26,4,1,1545,1588,0,92,73,49,32,22,14,9,4,2,2,0,103,100,72,47,29,18,11,6,4,3
26,4,2,1545,1567,0,92,73,49,32,22,14,9,4,2,2,0,100,99,71,46,30,20,11,7,4,2
26,4,0,1454,1446,0,98,72,47,31,19,10,7,6,4,2,0,101,102,64,41,28,16,11,7,3,2
26,4,1,1454,1470,0,98,72,47,31,19,10,7,6,4,2,0,102,94,69,46,26,14,10,7,5,3
26,4,2,1454,1422,0,98,72,47,31,19,10,7,6,4,2,0,94,101,66,40,26,19,9,6,5,2
26,5,0,1724,2169,0,105,112,77,46,30,20,14,10,5,2,140,145,108,71,39,27,18,12,8,3,1
26,5,1,1724,2170,0,105,112,77,46,30,20,14,10,5,2,145,139,106,71,47,30,18,9,6,4,2
26,5,2,1724,2123,0,105,112,77,46,30,20,14,10,5,2,139,140,105,65,44,27,18,13,6,3,2
26,5,0,1867,2424,0,112,112,76,46,30,20,15,10,7,4,146,146,112,69,45,30,21,14,10,4,2
26,5,1,1867,2398,0,112,112,76,46,30,20,15,10,7,4,146,144,103,69,46,31,21,12,7,5,2
26,5,2,1867,2439,0,112,112,76,46,30,20,15,10,7,4,144,146,109,74,45,29,18,14,8,6,4
26,5,0,1877,2359,0,112,105,71,53,33,20,12,9,7,4,146,142,106,72,48,32,20,13,8,5,3
26,5,1,1877,2427,0,112,105,71,53,33,20,12,9,7,4,142,143,104,70,50,29,20,12,9,5,2
26,5,2,1877,2391,0,112,105,71,53,33,20,12,9,7,4,143,146,109,72,45,29,17,12,8,6,4
26,5,0,1884,2331,0,112,108,76,55,31,21,16,9,6,3,154,142,112,77,46,30,19,10,8,5,3
26,5,1,1884,2398,0,112,108,76,55,31,21,16,9,6,3,142,145,106,74,55,33,18,11,6,4,3
26,5,2,1884,2374,0,112,108,76,55,31,21,16,9,6,3,145,154,111,70,44,27,22,17,8,4,1
26,5,0,1867,2282,0,108,110,78,58,40,22,12,7,5,4,150,148,113,73,47,33,20,11,7,2,2
26,5,1,1867,2300,0,108,110,78,58,40,22,12,7,5,4,148,149,106,78,54,33,19,8,5,5,2
26,5,2,1867,2282,0,108,110,78,58,40,22,12,7,5,4,149,150,120,78,50,27,14,12,7,5,3
26,5,0,1898,2364,0,110,112,80,46,33,23,15,11,6,4,151,149,109,72,50,33,22,13,7,4,2
26,5,1,1898,2366,0,110,112,80,46,33,23,15,11,6,4,149,143,114,74,45,29,20,14,10,5,2
26,5,2,1898,2392,0,110,112,80,46,33,23,15,11,6,4,143,151,110,75,46,33,20,12,7,4,3
26,5,0,1850,2324,0,103,111,70,51,35,21,13,9,5,4,148,136,110,69,47,34,19,11,6,4,3
26,5,1,1850,2411,0,103,111,70,51,35,21,13,9,5,4,136,143,98,70,51,31,20,13,8,5,3
26,5,2,1850,2356,0,103,111,70,51,35,21,13,9,5,4,143,148,116,74,45,27,18,12,9,5,3
26,5,0,1892,2469,0,111,112,81,47,27,20,14,9,6,3,147,144,101,69,46,31,20,12,8,6,4
26,5,1,1892,2539,0,111,112,81,47,27,20,14,9,6,3,144,146,108,72,46,27,19,14,9,5,3
26,5,2,1892,2398,0,111,112,81,47,27,20,14,9,6,3,146,147,117,73,41,28,20,13,8,5,3
26,5,1,1861,2481,0,112,103,72,47,34,25,14,7,4,3,136,151,108,74,45,30,20,12,8,5,3
26,5,2,1861,2372,0,112,103,72,47,34,25,14,7,4,3,151,140,112,68,46,31,18,10,7,4,3
26,5,0,1776,2188,0,100,113,66,52,34,21,13,7,4,4,138,147,107,65,45,28,19,11,5,5,3
26,5,1,1776,2211,0,100,113,66,52,34,21,13,7,4,4,147,133,109,70,44,27,17,12,9,4,3
26,5,2,1776,2234,0,100,113,66,52,34,21,13,7,4,4,133,138,102,70,50,32,17,9,5,3,2
26,5,0,1929,2375,0,113,113,86,50,33,23,14,11,6,4,150,151,118,82,54,30,15,10,8,5,3
26,5,1,1929,2421,0,113,113,86,50,33,23,14,11,6,4,151,155,114,67,44,34,22,16,7,3,2
26,5,2,1929,2376,0,113,113,86,50,33,23,14,11,6,4,155,150,111,81,46,30,24,12,9,5,2
26,5,0,1822,2382,0,113,100,73,47,33,23,18,9,5,2,145,138,101,70,47,34,22,13,8,3,2
26,5,1,1822,2247,0,113,100,73,47,33,23,18,9,5,2,138,145,101,75,50,31,18,10,6,5,3
26,5,2,1822,2450,0,113,100,73,47,33,23,18,9,5,2,145,145,113,70,45,30,22,16,7,4,2
26,5,0,1834,2341,0,116,103,73,47,34,23,14,8,5,3,149,138,107,66,45,30,19,15,9,5,3
26,5,1,1834,2302,0,116,103,73,47,34,23,14,8,5,3,138,144,99,72,46,32,23,11,7,3,2
26,5,2,1834,2263,0,116,103,73,47,34,23,14,8,5,3,144,149,109,74,48,30,16,9,5,5,3
26,5,0,1883,2419,0,103,106,74,56,34,20,14,10,5,3,149,141,112,71,49,34,18,13,7,5,3
26,5,1,1883,2426,0,103,106,74,56,34,20,14,10,5,3,141,140,108,75,49,28,22,13,8,3,3
26,5,2,1883,2396,0,103,106,74,56,34,20,14,10,5,3,140,149,107,75,49,29,17,11,8,5,2
26,5,0,1882,2370,0,106,116,80,52,38,24,12,7,5,4,145,156,113,77,53,33,15,8,7,5,3
26,5,1,1882,2314,0,106,116,80,52,38,24,12,7,5,4,156,147,119,71,46,32,20,11,5,4,4
26,5,2,1882,2386,0,106,116,80,52,38,24,12,7,5,4,147,145,110,78,47,29,21,13,8,4,1
26,5,0,1790,2184,0,110,108,76,52,33,23,12,6,6,4,139,150,105,73,45,26,19,12,7,5,2
26,5,1,1790,2235,0,110,108,76,52,33,23,12,6,6,4,150,144,112,73,48,31,16,8,7,4,2
26,5,2,1790,2233,0,110,108,76,52,33,23,12,6,6,4,144,139,106,69,46,30,19,11,5,4,3
26,5,0,1801,2240,0,108,109,75,51,36,22,12,9,4,3,143,144,110,73,47,28,18,11,8,4,2
26,5,1,1801,2192,0,108,109,75,51,36,22,12,9,4,3,144,146,108,69,47,32,18,10,5,3,3
26,5,2,1801,2260,0,108,109,75,51,36,22,12,9,4,3,146,143,107,74,47,30,18,11,7,4,2
26,5,0,1812,2232,0,109,110,80,51,30,18,15,10,8,4,149,143,111,73,46,32,19,13,8,3,1
26,5,1,1812,2229,0,109,110,80,51,30,18,15,10,8,4,143,144,107,71,47,27,21,12,6,5,2
26,5,2,1812,2230,0,109,110,80,51,30,18,15,10,8,4,144,149,109,73,44,27,16,13,9,5,2
26,5,0,1946,2477,0,108,109,74,51,35,21,13,10,8,6,150,144,108,71,49,34,24,13,8,5,3
26,5,1,1946,2515,0,108,109,74,51,35,21,13,10,8,6,144,145,111,78,50,29,19,13,10,8,4
26,5,2,1946,2505,0,108,109,74,51,35,21,13,10,8,6,145,150,112,73,49,34,19,15,10,5,3
26,5,0,1956,2476,0,109,111,77,49,34,26,14,12,8,3,150,143,116,77,51,35,20,13,8,4,2
26,5,1,1956,2472,0,109,111,77,49,34,26,14,12,8,3,143,153,108,72,49,33,25,15,9,5,1
26,5,2,1956,2451,0,109,111,77,49,34,26,14,12,8,3,153,150,113,77,49,32,21,12,9,5,3
26,5,0,1960,2452,0,111,108,77,53,34,23,20,10,6,4,151,153,110,72,51,35,24,15,5,4,2
26,5,1,1960,2456,0,111,108,77,53,34,23,20,10,6,4,153,145,114,81,51,30,21,15,10,6,2
26,5,2,1960,2472,0,111,108,77,53,34,23,20,10,6,4,145,151,114,77,51,35,21,13,8,3,3
26,5,0,1890,2410,0,112,114,77,49,36,24,15,8,5,2,150,150,112,73,47,33,23,11,5,3,2
26,5,1,1890,2372,0,112,114,77,49,36,24,15,8,5,2,150,147,112,75,48,31,19,11,6,5,2
26,5,2,1890,2445,0,112,114,77,49,36,24,15,8,5,2,147,150,111,73,49,31,17,13,9,4,3
26,5,0,1847,2343,0,114,104,76,49,32,20,17,12,5,3,147,145,111,74,47,28,22,13,7,4,1
26,5,1,1847,2342,0,114,104,76,49,32,20,17,12,5,3,145,143,106,72,48,29,16,13,10,5,3
26,5,2,1847,2282,0,114,104,76,49,32,20,17,12,5,3,143,147,104,71,46,35,22,14,6,2,2
26,5,0,1890,2333,0,104,112,76,55,34,23,13,8,7,5,145,149,113,71,48,30,19,13,8,5,3
26,5,1,1890,2408,0,104,112,76,55,34,23,13,8,7,5,149,146,109,76,46,33,22,14,8,4,2
26,5,2,1890,2365,0,104,112,76,55,34,23,13,8,7,5,146,145,114,77,54,30,18,9,7,6,3
26,5,0,1874,2312,0,110,111,74,53,32,24,17,9,5,2,148,146,110,76,53,33,19,9,5,4,2
26,5,1,1874,2336,0,110,111,74,53,32,24,17,9,5,2,146,147,113,71,47,28,19,15,8,5,2
26,5,2,1874,2340,0,110,111,74,53,32,24,17,9,5,2,147,148,108,73,46,32,23,13,7,2,2
26,5,0,1886,2371,0,111,112,79,56,37,25,15,8,3,3,150,148,113,79,50,33,19,11,5,3,2
26,5,1,1886,2405,0,111,112,79,56,37,25,15,8,3,3,148,155,111,77,53,32,19,12,7,4,2
26,5,2,1886,2285,0,111,112,79,56,37,25,15,8,3,3,155,150,118,74,48,30,20,10,6,3,3
26,5,0,1891,2394,0,112,110,80,50,36,21,13,11,8,4,152,149,111,72,44,30,23,15,10,6,1
26,5,1,1891,2365,0,112,110,80,50,36,21,13,11,8,4,149,146,110,81,51,31,17,10,10,5,2
26,5,2,1891,2312,0,112,110,80,50,36,21,13,11,8,4,146,152,114,72,50,34,19,13,5,3,3
26,5,0,1951,2401,0,117,111,79,54,35,21,15,12,7,5,155,154,116,80,52,32,19,12,9,4,2
26,5,1,1951,2424,0,117,111,79,54,35,21,15,12,7,5,154,149,115,75,50,34,20,14,7,4,3
26,5,2,1951,2475,0,117,111,79,54,35,21,15,12,7,5,149,155,110,75,49,31,23,15,10,6,2
26,5,0,1880,2412,0,111,114,79,51,34,23,15,8,7,3,155,145,120,76,44,31,22,11,8,4,3
26,5,1,1880,2316,0,111,114,79,51,34,23,15,8,7,3,145,149,104,77,53,34,17,11,6,4,2
26,5,2,1880,2411,0,111,114,79,51,34,23,15,8,7,3,149,155,114,71,48,29,21,15,8,6,2
26,5,0,1940,2407,0,114,117,80,53,34,24,16,9,4,4,156,157,119,69,45,31,21,12,7,4,4
26,5,1,1940,2497,0,114,117,80,53,34,24,16,9,4,4,157,147,108,80,51,33,21,14,7,4,3
26,5,2,1940,2478,0,114,117,80,53,34,24,16,9,4,4,147,156,119,80,53,32,20,12,8,5,2
26,5,0,1941,2381,0,115,112,83,56,36,23,15,10,6,3,151,156,109,77,53,37,21,13,6,2,1
26,5,1,1941,2423,0,115,112,83,56,36,23,15,10,6,3,156,155,120,81,50,28,22,12,7,5,2
26,5,2,1941,2414,0,115,112,83,56,36,23,15,10,6,3,155,151,118,77,49,31,17,12,9,5,3
26,5,0,1914,2389,0,112,110,73,51,37,24,15,10,7,3,147,146,110,77,51,31,20,11,9,7,2
26,5,1,1914,2422,0,112,110,73,51,37,24,15,10,7,3,146,152,114,77,51,33,17,12,8,3,3
26,5,2,1914,2356,0,112,110,73,51,37,24,15,10,7,3,152,147,109,69,48,35,25,15,6,3,1
26,5,0,1882,2304,0,110,115,78,52,34,25,17,9,4,3,144,155,112,72,45,31,23,14,6,2,2
26,5,1,1882,2327,0,110,115,78,52,34,25,17,9,4,3,155,151,114,78,50,32,21,11,5,3,2
26,5,2,1882,2298,0,110,115,78,52,34,25,17,9,4,3,151,144,114,75,52,32,17,11,8,5,2
26,5,0,1993,2511,0,109,115,81,55,37,23,16,9,5,3,154,155,118,78,49,31,20,14,8,3,3
26,5,1,1993,2543,0,109,115,81,55,37,23,16,9,5,3,155,149,115,80,51,34,22,12,6,5,2
26,5,2,1993,2507,0,109,115,81,55,37,23,16,9,5,3,149,154,116,76,53,33,19,12,8,5,3
26,5,0,1894,2346,0,115,114,77,50,33,23,15,11,7,4,148,150,112,72,45,32,21,14,8,4,2
26,5,1,1894,2520,0,115,114,77,50,33,23,15,11,7,4,150,154,108,77,50,33,22,13,9,5,2
26,5,2,1894,2478,0,115,114,77,50,33,23,15,11,7,4,154,148,117,74,51,31,20,13,8,5,3
26,5,0,1959,2398,0,114,109,77,54,37,25,16,11,7,3,152,152,112,78,53,33,20,12,8,5,2
26,5,1,1959,2454,0,114,109,77,54,37,25,16,11,7,3,152,152,114,76,52,35,23,14,8,4,2
26,5,2,1959,2513,0,114,109,77,54,37,25,16,11,7,3,152,152,116,79,51,34,22,14,8,4,2
26,5,0,2280,3016,0,117,116,84,56,37,27,19,11,6,5,164,161,121,85,59,40,27,18,10,5,4
26,5,1,2280,3003,0,117,116,84,56,37,27,19,11,6,5,161,162,125,84,57,36,25,15,10,7,4
26,5,2,2280,2952,0,117,116,84,56,37,27,19,11,6,5,162,164,124,85,54,38,25,17,11,8,6
26,5,0,2239,3076,0,116,111,81,55,39,25,16,14,10,6,160,158,120,86,59,39,26,18,13,9,4
26,5,1,2239,3017,0,116,111,81,55,39,25,16,14,10,6,158,161,122,83,57,39,26,17,13,7,5
26,5,2,2239,2916,0,116,111,81,55,39,25,16,14,10,6,161,160,121,83,55,38,25,17,10,6,3
26,5,0,2304,3120,0,111,117,77,55,38,29,19,11,9,6,158,164,120,84,60,41,30,18,11,8,6
26,5,1,2304,3005,0,111,117,77,55,38,29,19,11,9,6,164,158,127,86,59,37,27,18,11,6,4
26,5,2,2304,3039,0,111,117,77,55,38,29,19,11,9,6,158,158,122,82,56,42,25,17,12,9,4
26,5,0,2200,2837,0,112,115,79,57,39,27,20,12,8,4,164,154,126,85,56,37,25,18,11,6,2
26,5,1,2200,2846,0,112,115,79,57,39,27,20,12,8,4,154,160,118,82,59,42,27,15,10,5,3
26,5,2,2200,2808,0,112,115,79,57,39,27,20,12,8,4,160,164,122,84,57,36,24,16,8,6,4
26,5,0,2240,2972,0,115,114,81,52,38,23,16,12,8,6,154,163,114,79,57,38,25,18,11,8,4
26,5,1,2240,2944,0,115,114,81,52,38,23,16,12,8,6,163,156,121,80,53,37,25,16,13,7,4
26,5,2,2240,2973,0,115,114,81,52,38,23,16,12,8,6,156,154,123,85,53,36,23,16,10,7,6
26,5,0,2227,2933,0,114,112,78,50,34,26,18,14,9,5,160,148,117,81,59,38,25,15,11,8,3
26,5,1,2227,3008,0,114,112,78,50,34,26,18,14,9,5,148,158,119,80,53,37,26,19,11,6,5
26,5,0,2101,2684,0,121,122,88,59,35,23,14,9,8,6,159,163,121,79,56,35,22,13,10,6,4
26,5,1,2101,2644,0,121,122,88,59,35,23,14,9,8,6,163,168,119,79,52,34,22,14,9,6,3
26,5,2,2101,2715,0,121,122,88,59,35,23,14,9,8,6,168,159,129,89,51,31,21,15,9,7,4
26,5,0,2055,2555,0,122,106,82,57,39,27,16,12,7,3,164,151,114,81,58,37,24,12,7,5,2
26,5,1,2055,2568,0,122,106,82,57,39,27,16,12,7,3,151,159,119,84,53,34,22,15,9,4,2
26,5,2,2055,2589,0,122,106,82,57,39,27,16,12,7,3,159,164,119,81,53,36,22,14,9,4,2
26,5,0,2144,2761,0,106,121,79,57,41,24,18,11,7,4,158,153,123,82,58,40,23,14,8,6,3
26,5,1,2144,2710,0,106,121,79,57,41,24,18,11,7,4,153,162,120,80,55,35,22,16,10,6,3
26,5,2,2144,2719,0,106,121,79,57,41,24,18,11,7,4,162,158,124,84,54,35,24,15,9,4,3
26,5,0,2203,2861,0,112,116,82,55,37,26,19,13,8,4,162,161,120,84,57,36,23,16,10,7,4
26,5,1,2203,2995,0,112,116,82,55,37,26,19,13,8,4,161,155,127,84,55,38,25,18,12,6,3
26,5,2,2203,2812,0,112,116,82,55,37,26,19,13,8,4,155,162,119,82,56,39,28,16,9,5,3
26,5,1,2137,2827,0,116,116,84,60,35,24,18,11,7,4,160,165,122,80,52,34,25,15,9,6,3
26,5,2,2137,2715,0,116,116,84,60,35,24,18,11,7,4,165,155,122,86,55,33,21,13,9,5,3
26,5,0,2236,2899,0,116,112,81,54,43,29,16,11,7,6,161,160,119,84,60,38,25,16,11,6,3
26,5,1,2236,2874,0,116,112,81,54,43,29,16,11,7,6,160,160,126,86,57,37,23,15,10,7,4
26,5,2,2236,2895,0,116,112,81,54,43,29,16,11,7,6,160,161,120,83,55,43,27,15,9,6,5
26,5,0,2106,2793,0,111,113,75,53,39,27,16,8,6,5,153,159,116,81,55,37,24,15,8,6,5
26,5,1,2106,2795,0,111,113,75,53,39,27,16,8,6,5,159,149,124,77,54,34,23,16,10,6,3
26,5,2,2106,2744,0,111,113,75,53,39,27,16,8,6,5,149,153,110,79,53,38,23,12,9,7,5
26,5,0,2097,2718,0,113,121,84,57,37,23,15,12,5,4,160,159,127,84,54,31,20,14,10,7,4
26,5,1,2097,2642,0,113,121,84,57,37,23,15,12,5,4,159,159,122,79,51,36,21,14,10,5,4
26,5,2,2097,2777,0,113,121,84,57,37,23,15,12,5,4,159,160,116,81,55,36,25,15,8,4,3
26,5,0,2133,2781,0,121,111,80,52,35,24,17,11,9,5,155,162,118,79,49,33,24,16,11,7,2
26,5,1,2133,2735,0,121,111,80,52,35,24,17,11,9,5,162,153,116,80,53,39,23,14,9,6,4
26,5,2,2133,2765,0,121,111,80,52,35,24,17,11,9,5,153,155,115,79,56,34,24,17,10,6,4
26,5,0,1356,1626,0,99,94,63,38,28,17,10,5,3,2,120,120,88,55,33,23,13,7,3,2,2
26,5,1,1356,1569,0,99,94,63,38,28,17,10,5,3,2,120,120,86,57,34,22,14,8,4,1,0
26,5,2,1356,1625,0,99,94,63,38,28,17,10,5,3,2,120,120,87,55,37,21,11,6,4,3,1
26,5,0,1279,1467,0,94,92,66,43,24,13,8,6,3,1,119,117,89,56,31,17,11,5,2,2,1
26,5,1,1279,1497,0,94,92,66,43,24,13,8,6,3,1,117,115,84,55,35,18,8,8,5,2,1
26,5,2,1279,1507,0,94,92,66,43,24,13,8,6,3,1,115,119,84,54,33,21,13,6,4,1,0
26,5,0,1304,1510,0,92,99,64,39,25,17,9,5,3,2,122,119,93,52,33,19,11,6,4,2,1
26,5,1,1304,1534,0,92,99,64,39,25,17,9,5,3,2,119,114,84,52,32,22,13,7,3,2,1
26,5,2,1304,1521,0,92,99,64,39,25,17,9,5,3,2,114,122,86,60,35,20,12,6,3,1,0
26,5,0,1294,1502,0,96,93,62,44,27,16,9,4,3,2,113,121,86,55,36,19,11,4,3,2,1
26,5,1,1294,1506,0,96,93,62,44,27,16,9,4,3,2,121,122,88,56,33,21,9,6,3,2,1
26,5,2,1294,1520,0,96,93,62,44,27,16,9,4,3,2,122,113,86,56,36,21,14,8,3,1,0
26,5,0,1344,1596,0,93,102,66,41,27,16,9,6,2,1,120,122,90,54,32,19,13,7,3,1,1
26,5,1,1344,1600,0,93,102,66,41,27,16,9,6,2,1,122,123,92,61,33,21,11,7,3,2,1
26,5,2,1344,1682,0,93,102,66,41,27,16,9,6,2,1,123,120,90,55,39,23,12,6,5,2,1
26,5,0,1321,1590,0,102,96,66,42,22,13,10,7,4,1,120,120,91,58,34,16,13,9,4,2,1
26,5,1,1321,1537,0,102,96,66,42,22,13,10,7,4,1,120,124,85,53,31,19,11,7,6,3,0
26,5,2,1321,1599,0,102,96,66,42,22,13,10,7,4,1,124,120,86,55,35,23,12,7,3,1,1
26,5,0,1320,1518,0,98,91,68,44,23,16,9,6,4,1,119,120,89,56,32,19,12,7,4,2,0
26,5,1,1320,1555,0,98,91,68,44,23,16,9,6,4,1,120,121,87,58,34,20,12,6,4,2,1
26,5,2,1320,1522,0,98,91,68,44,23,16,9,6,4,1,121,119,86,57,37,20,12,7,3,1,0
26,5,0,1319,1475,0,91,87,60,40,30,19,12,5,2,1,112,122,84,58,35,23,13,6,3,0,0
26,5,1,1319,1571,0,91,87,60,40,30,19,12,5,2,1,122,113,90,55,36,24,14,7,2,1,0
26,5,2,1319,1582,0,91,87,60,40,30,19,12,5,2,1,113,112,82,56,38,22,12,7,3,2,1
26,5,0,1300,1542,0,87,98,59,39,26,15,9,5,3,2,114,113,87,55,33,20,12,6,3,3,1
26,5,1,1300,1547,0,87,98,59,39,26,15,9,5,3,2,113,117,85,52,34,21,10,7,5,2,1
26,5,2,1300,1533,0,87,98,59,39,26,15,9,5,3,2,117,114,85,52,33,20,13,7,3,1,1
26,5,0,1243,1474,0,90,98,65,39,23,13,11,6,2,1,116,114,87,54,31,18,13,7,4,1,0
26,5,1,1243,1414,0,90,98,65,39,23,13,11,6,2,1,114,118,80,52,34,21,10,5,2,1,1
26,5,2,1243,1455,0,90,98,65,39,23,13,11,6,2,1,118,116,91,54,30,17,10,8,3,1,0
26,5,0,1255,1449,0,98,89,67,40,21,13,8,3,3,2,119,114,80,52,27,18,13,6,4,2,1
26,5,1,1255,1510,0,98,89,67,40,21,13,8,3,3,2,114,113,81,57,36,16,9,6,3,2,1
26,5,2,1255,1452,0,98,89,67,40,21,13,8,3,3,2,113,119,87,50,29,18,9,6,3,3,2
26,5,0,1191,1455,0,89,90,56,38,27,17,6,4,2,1,114,107,84,48,35,20,9,5,2,2,1
26,5,1,1191,1408,0,89,90,56,38,27,17,6,4,2,1,107,110,77,47,29,19,14,6,4,1,1
26,5,2,1191,1334,0,89,90,56,38,27,17,6,4,2,1,110,114,81,57,32,19,8,3,2,1,0
26,5,0,1225,1480,0,92,91,56,41,25,16,9,4,3,2,117,112,85,55,33,21,12,6,4,2,0
26,5,1,1225,1474,0,92,91,56,41,25,16,9,4,3,2,112,110,78,51,38,22,11,3,3,2,1
26,5,2,1225,1419,0,92,91,56,41,25,16,9,4,3,2,110,117,84,50,29,16,11,9,2,1,1
26,5,0,1237,1411,0,91,98,67,39,26,15,7,4,2,1,118,122,85,52,29,20,11,5,3,2,0
26,5,1,1237,1447,0,91,98,67,39,26,15,7,4,2,1,122,111,87,56,35,20,10,4,2,1,1
26,5,2,1237,1412,0,91,98,67,39,26,15,7,4,2,1,111,118,88,54,31,16,9,6,3,1,1
26,5,0,1192,1420,0,98,92,61,34,20,14,10,7,3,0,111,111,79,48,33,20,14,8,2,0,0
26,5,1,1192,1386,0,98,92,61,34,20,14,10,7,3,0,111,117,80,48,27,14,12,7,4,2,0
26,5,2,1192,1359,0,98,92,61,34,20,14,10,7,3,0,117,111,82,53,28,20,8,5,4,1,0
26,5,0,1217,1395,0,97,92,61,38,26,14,7,6,3,1,112,118,78,47,31,22,12,8,2,0,0
26,5,1,1217,1488,0,97,92,61,38,26,14,7,6,3,1,118,115,83,54,32,17,12,5,5,3,0
26,5,2,1217,1374,0,97,92,61,38,26,14,7,6,3,1,115,112,87,55,32,18,7,4,3,1,1
26,5,0,1223,1406,0,92,91,61,38,22,14,11,6,3,1,111,109,78,53,38,18,9,5,3,2,0
26,5,1,1223,1479,0,92,91,61,38,22,14,11,6,3,1,109,119,86,50,29,19,12,10,4,1,0
26,5,2,1223,1461,0,92,91,61,38,22,14,11,6,3,1,119,111,83,53,28,20,14,6,3,1,1
26,5,0,1199,1389,0,91,97,64,42,24,14,8,3,1,1,116,110,83,51,35,20,10,5,1,1,1
26,5,1,1199,1342,0,91,97,64,42,24,14,8,3,1,1,110,120,85,52,30,16,9,5,3,1,0
26,5,2,1199,1396,0,91,97,64,42,24,14,8,3,1,1,120,116,87,55,29,16,9,4,2,1,1
26,5,0,1347,1613,0,97,91,60,42,26,18,11,6,3,2,121,117,86,60,38,22,13,7,3,2,1
26,5,1,1347,1583,0,97,91,60,42,26,18,11,6,3,2,117,118,88,52,37,21,12,9,5,1,0
26,5,2,1347,1591,0,97,91,60,42,26,18,11,6,3,2,118,121,85,56,33,23,15,6,3,2,1
26,5,0,1428,1748,0,91,99,66,44,27,14,10,6,3,2,123,120,90,57,36,21,11,7,6,4,2
26,5,1,1428,1705,0,91,99,66,44,27,14,10,6,3,2,120,122,90,59,37,23,13,8,4,2,2
26,5,2,1428,1761,0,91,99,66,44,27,14,10,6,3,2,122,123,94,59,36,21,14,9,4,2,1
26,5,0,1348,1564,0,99,97,66,40,25,17,9,6,4,1,123,121,88,55,32,23,13,8,4,1,0
26,5,1,1348,1640,0,99,97,66,40,25,17,9,6,4,1,121,121,90,59,37,21,13,6,3,3,1
26,5,2,1348,1572,0,99,97,66,40,25,17,9,6,4,1,121,123,88,55,34,19,12,7,5,2,1
26,5,0,1369,1654,0,95,97,66,38,26,17,10,7,3,2,119,121,91,62,38,21,12,8,4,2,1
26,5,1,1369,1654,0,95,97,66,38,26,17,10,7,3,2,121,122,95,53,32,21,14,9,4,1,1
26,5,2,1369,1632,0,95,97,66,38,26,17,10,7,3,2,122,119,81,55,34,24,14,6,5,3,1
26,5,0,1376,1715,0,97,90,64,43,26,14,10,7,5,3,113,127,85,59,37,22,13,8,6,3,1
26,5,1,1376,1669,0,97,90,64,43,26,14,10,7,5,3,127,119,91,56,37,21,12,7,4,3,2
26,5,2,1376,1638,0,97,90,64,43,26,14,10,7,5,3,119,113,86,57,34,22,14,10,5,2,0
26,5,0,1416,1701,0,90,95,65,42,26,16,9,5,4,2,123,116,93,60,31,20,13,7,6,2,2
26,5,1,1416,1719,0,90,95,65,42,26,16,9,5,4,2,116,118,88,60,40,24,12,7,2,2,2
26,5,2,1416,1731,0,90,95,65,42,26,16,9,5,4,2,118,123,86,52,36,21,14,9,6,5,1
26,5,0,1450,1797,0,103,95,70,45,28,17,10,5,3,1,125,129,92,62,37,24,14,8,5,2,1
26,5,1,1450,1732,0,103,95,70,45,28,17,10,5,3,1,129,126,93,59,38,23,14,7,3,2,2
26,5,2,1450,1768,0,103,95,70,45,28,17,10,5,3,1,126,125,92,61,37,20,11,7,4,3,1
26,5,0,1389,1641,0,95,96,64,41,29,17,9,5,3,3,127,119,94,60,38,21,11,6,4,2,1
26,5,1,1389,1661,0,95,96,64,41,29,17,9,5,3,3,119,117,88,56,37,24,12,7,4,2,1
26,5,2,1389,1700,0,95,96,64,41,29,17,9,5,3,3,117,127,86,56,33,22,15,8,4,3,2
26,5,0,1433,1853,0,96,103,66,42,25,17,11,7,4,2,127,125,97,54,35,25,15,8,5,3,2
26,5,1,1433,1710,0,96,103,66,42,25,17,11,7,4,2,125,123,87,59,37,24,15,8,4,2,1
26,5,2,1433,1805,0,96,103,66,42,25,17,11,7,4,2,123,127,95,63,38,19,13,10,6,3,1
26,5,0,1515,1792,0,97,100,72,47,31,20,11,7,4,2,125,138,97,66,39,21,14,8,5,2,1
26,5,1,1515,1902,0,97,100,72,47,31,20,11,7,4,2,138,129,101,63,40,28,15,9,4,3,1
26,5,2,1515,1870,0,97,100,72,47,31,20,11,7,4,2,129,125,97,66,44,27,16,8,5,2,1
26,5,0,1525,1959,0,100,99,67,42,30,21,13,8,4,1,131,124,97,65,43,30,15,9,6,1,1
26,5,1,1525,1828,0,100,99,67,42,30,21,13,8,4,1,124,132,93,58,41,25,19,10,3,2,1
26,5,2,1525,1905,0,100,99,67,42,30,21,13,8,4,1,132,131,97,65,37,24,15,9,6,4,1
26,5,0,1604,1947,0,99,97,69,51,31,18,11,6,4,3,134,127,95,67,43,28,14,8,6,3,2
26,5,1,1604,1970,0,99,97,69,51,31,18,11,6,4,3,127,131,95,66,46,25,15,8,5,3,1
26,5,2,1604,2013,0,99,97,69,51,31,18,11,6,4,3,131,134,103,63,38,23,16,11,5,4,3
26,5,0,1494,1835,0,99,105,70,43,24,16,13,9,4,2,135,127,96,61,39,26,14,8,6,3,1
26,5,1,1494,1800,0,99,105,70,43,24,16,13,9,4,2,127,124,92,60,42,22,16,10,4,1,1
26,5,2,1494,1807,0,99,105,70,43,24,16,13,9,4,2,124,135,99,61,31,21,15,11,6,3,1
26,5,0,1428,1711,0,105,96,70,43,29,18,10,5,4,2,135,125,96,59,35,25,13,6,4,3,1
26,5,1,1428,1746,0,105,96,70,43,29,18,10,5,4,2,125,123,90,63,42,26,14,6,3,2,2
26,5,2,1428,1648,0,105,96,70,43,29,18,10,5,4,2,123,135,92,60,35,18,13,10,5,2,0
26,5,0,1458,1750,0,96,99,65,41,28,18,11,7,3,2,116,133,87,58,37,25,17,8,4,2,1
26,5,1,1458,1807,0,96,99,65,41,28,18,11,7,3,2,133,123,97,57,38,23,13,7,4,3,2
26,5,2,1458,1756,0,96,99,65,41,28,18,11,7,3,2,123,116,92,62,37,23,13,10,6,2,1
26,5,0,1432,1699,0,98,96,63,44,32,19,11,6,2,2,126,124,98,61,36,20,11,8,4,2,1
26,5,1,1432,1824,0,98,96,63,44,32,19,11,6,2,2,124,125,87,59,41,32,15,8,3,2,2
26,5,2,1432,1737,0,98,96,63,44,32,19,11,6,2,2,125,126,92,61,41,22,16,7,5,2,1
26,5,0,1418,1718,0,96,108,69,47,27,14,10,7,5,2,130,128,97,55,37,24,15,10,5,1,0
26,5,1,1418,1665,0,96,108,69,47,27,14,10,7,5,2,128,127,91,58,37,20,13,6,4,4,1
26,5,2,1418,1742,0,96,108,69,47,27,14,10,7,5,2,127,130,101,68,38,21,10,8,5,2,1
26,5,0,1530,1847,0,108,98,71,44,29,21,11,5,4,2,138,124,95,67,45,27,12,7,5,2,1
26,5,1,1530,1861,0,108,98,71,44,29,21,11,5,4,2,124,133,95,60,39,23,18,10,3,2,1
26,5,2,1530,1844,0,108,98,71,44,29,21,11,5,4,2,133,138,97,62,34,24,15,7,5,4,2
26,5,0,1538,1902,0,100,97,72,45,28,16,10,8,5,1,131,124,95,62,40,25,15,10,5,1,1
26,5,1,1538,1906,0,100,97,72,45,28,16,10,8,5,1,124,130,95,64,38,23,16,9,5,4,1
26,5,2,1538,1876,0,100,97,72,45,28,16,10,8,5,1,130,131,95,62,38,23,12,8,7,4,2
26,5,0,1452,1705,0,97,97,65,45,29,20,11,5,3,3,123,124,92,59,39,26,16,6,3,2,1
26,5,1,1452,1732,0,97,97,65,45,29,20,11,5,3,3,124,129,91,61,40,21,13,9,5,3,1
26,5,2,1452,1805,0,97,97,65,45,29,20,11,5,3,3,129,123,96,62,38,25,14,8,4,2,2
26,5,0,1558,1890,0,97,100,69,47,31,17,10,6,4,3,133,128,98,62,41,24,12,8,5,4,3
26,5,1,1558,1918,0,97,100,69,47,31,17,10,6,4,3,128,126,98,65,38,25,16,10,6,2,1
26,5,2,1558,1918,0,97,100,69,47,31,17,10,6,4,3,126,133,94,63,42,25,15,8,5,4,2
26,5,0,1631,2095,0,97,104,67,44,28,19,12,8,4,3,130,125,98,63,43,27,19,11,5,3,2
26,5,1,1631,2040,0,97,104,67,44,28,19,12,8,4,3,125,135,97,63,40,24,15,10,8,5,2
26,5,2,1631,2037,0,97,104,67,44,28,19,12,8,4,3,135,130,98,63,39,27,16,10,6,3,3
26,5,0,1648,2045,0,104,101,71,46,27,19,13,8,6,3,131,135,96,62,41,25,17,11,6,5,3
26,5,1,1648,2108,0,104,101,71,46,27,19,13,8,6,3,135,135,100,70,39,25,18,13,8,3,1
26,5,2,1648,2059,0,104,101,71,46,27,19,13,8,6,3,135,131,101,64,45,29,17,9,6,4,2
26,5,0,1639,2122,0,101,97,69,46,32,21,13,7,4,2,133,133,102,69,43,28,17,11,4,4,2
26,5,1,1639,2150,0,101,97,69,46,32,21,13,7,4,2,133,130,101,64,42,26,17,11,8,4,3
26,5,2,1639,2060,0,101,97,69,46,32,21,13,7,4,2,130,133,92,65,44,29,17,8,5,2,1
26,5,0,1448,1706,0,96,99,61,41,28,19,14,6,3,2,127,121,97,58,38,23,14,9,3,2,1
26,5,1,1448,1746,0,96,99,61,41,28,19,14,6,3,2,121,122,89,59,37,25,14,9,5,3,1
26,5,2,1448,1739,0,96,99,61,41,28,19,14,6,3,2,122,127,88,58,39,25,17,8,4,1,1
26,5,0,1438,1677,0,99,99,68,46,28,15,9,7,4,2,123,133,94,58,36,21,13,8,6,2,0
26,5,1,1438,1735,0,99,99,68,46,28,15,9,7,4,2,133,122,94,60,37,23,12,7,4,3,1
26,5,2,1438,1715,0,99,99,68,46,28,15,9,7,4,2,122,123,91,62,39,22,13,8,4,2,2
26,5,0,1451,1771,0,99,96,70,42,29,19,10,6,3,2,127,124,96,62,38,23,15,9,5,2,1
26,5,1,1451,1703,0,99,96,70,42,29,19,10,6,3,2,124,127,92,59,38,23,14,7,4,2,1
26,5,2,1451,1805,0,99,96,70,42,29,19,10,6,3,2,127,127,91,62,37,25,13,7,4,3,2
26,5,0,1521,1849,0,100,103,72,41,27,17,9,7,4,3,128,125,95,61,36,24,14,8,7,2,2
26,5,1,1521,1834,0,100,103,72,41,27,17,9,7,4,3,125,133,92,60,38,24,16,8,3,3,2
26,5,2,1521,1900,0,100,103,72,41,27,17,9,7,4,3,133,128,99,62,37,22,13,10,7,5,2
26,5,0,1566,1969,0,103,98,62,39,27,20,12,8,5,3,133,123,94,62,38,29,19,10,6,3,2
26,5,1,1566,1920,0,103,98,62,39,27,20,12,8,5,3,123,124,90,60,43,24,18,9,6,4,2
26,5,2,1566,1978,0,103,98,62,39,27,20,12,8,5,3,124,133,93,57,36,25,14,12,7,4,2
26,5,0,1541,1948,0,98,100,67,48,29,16,12,6,4,2,132,131,99,61,41,26,14,7,4,3,2
26,5,1,1541,1886,0,98,100,67,48,29,16,12,6,4,2,131,122,94,61,40,24,15,10,5,3,1
26,5,2,1541,1896,0,98,100,67,48,29,16,12,6,4,2,122,132,94,65,39,22,14,10,6,3,2
26,5,0,1658,2161,0,101,102,73,47,27,16,11,7,5,3,131,131,99,65,42,27,15,8,6,5,4
26,5,1,1658,2144,0,101,102,73,47,27,16,11,7,5,3,131,135,93,62,42,26,16,11,7,4,2
26,5,2,1658,2058,0,101,102,73,47,27,16,11,7,5,3,135,131,104,67,37,21,16,12,7,4,2
26,5,1,1640,2141,0,102,101,66,46,28,19,10,6,5,2,129,121,97,67,44,23,13,9,7,6,2
26,5,2,1640,2061,0,102,101,66,46,28,19,10,6,5,2,121,140,93,60,39,25,15,10,7,3,3
26,5,0,1609,2005,0,101,101,72,46,29,16,11,7,3,3,126,132,100,62,41,21,15,10,6,4,2
26,5,1,1609,2070,0,101,101,72,46,29,16,11,7,3,3,132,136,94,61,35,27,14,11,8,4,3
26,5,2,1609,2027,0,101,101,72,46,29,16,11,7,3,3,136,126,99,69,44,26,16,8,4,3,3
26,5,0,1585,1963,0,90,104,64,44,30,20,13,7,4,3,122,135,94,57,41,25,16,12,5,3,3
26,5,1,1585,2109,0,90,104,64,44,30,20,13,7,4,3,135,126,99,65,39,28,17,11,8,4,1
26,5,2,1585,2119,0,90,104,64,44,30,20,13,7,4,3,126,122,100,67,45,28,18,8,5,4,3
26,5,0,1561,1899,0,104,102,73,43,26,17,12,7,4,3,133,121,98,65,41,24,13,8,6,4,2
26,5,1,1561,1944,0,104,102,73,43,26,17,12,7,4,3,121,140,94,59,37,25,17,12,5,3,2
26,5,2,1561,1949,0,104,102,73,43,26,17,12,7,4,3,140,133,98,64,37,23,16,9,6,3,2
26,5,0,1638,2146,0,102,90,65,46,31,20,11,8,5,2,128,124,89,62,44,30,18,10,7,4,1
26,5,1,1638,2047,0,102,90,65,46,31,20,11,8,5,2,124,132,90,67,44,24,16,9,6,4,3
26,5,2,1638,2057,0,102,90,65,46,31,20,11,8,5,2,132,128,103,63,39,27,16,11,6,3,2
26,5,0,1513,1791,0,98,101,69,51,31,18,10,6,4,2,124,125,94,69,48,24,12,6,5,3,0
26,5,1,1513,1782,0,98,101,69,51,31,18,10,6,4,2,125,142,98,58,38,25,12,8,4,2,2
26,5,2,1513,1812,0,98,101,69,51,31,18,10,6,4,2,142,124,101,65,37,23,17,9,4,2,1
26,5,0,1530,1859,0,101,104,74,47,31,19,12,7,4,2,135,134,92,63,38,26,17,9,5,2,1
26,5,1,1530,1836,0,101,104,74,47,31,19,12,7,4,2,134,132,105,75,44,25,12,7,4,1,1
26,5,2,1530,1798,0,101,104,74,47,31,19,12,7,4,2,132,135,103,58,40,24,15,9,4,3,0
26,5,0,1541,1874,0,104,98,68,43,29,20,13,8,4,3,129,129,101,65,36,24,16,11,6,3,2
26,5,1,1541,1925,0,104,98,68,43,29,20,13,8,4,3,129,133,95,64,41,28,17,9,6,2,1
26,5,2,1541,1863,0,104,98,68,43,29,20,13,8,4,3,133,129,91,60,44,26,16,9,4,3,1
26,5,0,1478,1868,0,97,97,65,43,28,15,9,6,4,2,121,123,88,62,40,22,11,9,6,3,2
26,5,1,1478,1802,0,97,97,65,43,28,15,9,6,4,2,123,126,92,56,36,22,14,9,5,3,2
26,5,2,1478,1787,0,97,97,65,43,28,15,9,6,4,2,126,121,93,58,35,24,15,7,5,4,2
26,5,0,1501,1866,0,97,97,69,43,26,19,11,6,2,2,127,125,90,61,34,22,14,11,6,3,2
26,5,1,1501,1856,0,97,97,69,43,26,19,11,6,2,2,125,124,95,66,39,26,15,6,5,3,2
26,5,2,1501,1865,0,97,97,69,43,26,19,11,6,2,2,124,127,94,55,40,22,15,8,3,2,2
26,5,0,1490,1782,0,97,97,65,42,29,20,12,6,4,3,124,125,96,57,38,23,14,11,5,3,1
26,5,1,1490,1817,0,97,97,65,42,29,20,12,6,4,3,125,127,90,62,40,26,16,8,4,2,1
26,5,2,1490,1825,0,97,97,65,42,29,20,12,6,4,3,127,124,93,63,39,26,16,7,5,3,2
26,5,0,1450,1840,0,101,98,67,45,31,17,9,7,5,2,128,136,99,66,37,23,13,9,6,2,1
26,5,1,1450,1750,0,101,98,67,45,31,17,9,7,5,2,136,119,97,59,40,26,15,8,4,2,1
26,5,2,1450,1754,0,101,98,67,45,31,17,9,7,5,2,119,128,86,59,40,23,13,7,5,4,1
26,5,0,1565,1853,0,98,100,67,44,28,20,13,9,4,1,128,137,101,63,37,24,16,9,6,3,1
26,5,1,1565,1877,0,98,100,67,44,28,20,13,9,4,1,137,121,97,63,42,28,15,9,5,2,1
26,5,2,1565,1938,0,98,100,67,44,28,20,13,9,4,1,121,128,90,62,42,25,18,11,5,2,1
26,5,0,1454,1687,0,100,101,71,45,28,17,13,6,4,3,126,130,99,62,35,22,12,7,5,2,1
26,5,1,1454,1874,0,100,101,71,45,28,17,13,6,4,3,130,133,91,60,40,30,16,10,3,2,1
26,5,2,1454,1923,0,100,101,71,45,28,17,13,6,4,3,133,126,99,66,42,20,16,10,6,4,2
26,5,0,1583,1980,0,98,97,65,45,31,18,11,7,4,2,126,126,96,63,40,25,13,10,7,2,2
26,5,1,1583,2034,0,98,97,65,45,31,18,11,7,4,2,126,130,93,60,41,29,17,9,4,3,1
26,5,2,1583,2049,0,98,97,65,45,31,18,11,7,4,2,130,126,95,64,41,23,16,9,6,5,3
26,5,0,1639,2061,0,97,106,71,46,27,20,12,9,5,2,137,129,102,63,42,27,18,11,7,3,2
26,5,1,1639,2017,0,97,106,71,46,27,20,12,9,5,2,129,132,97,66,42,26,17,9,6,3,1
26,5,2,1639,2051,0,97,106,71,46,27,20,12,9,5,2,132,137,102,66,40,25,16,11,6,4,2
26,5,0,1629,1997,0,106,98,72,47,32,20,14,7,3,2,136,132,100,66,42,28,16,9,5,3,2
26,5,1,1629,2037,0,106,98,72,47,32,20,14,7,3,2,132,136,96,69,44,28,18,10,4,3,2
26,5,2,1629,1976,0,106,98,72,47,32,20,14,7,3,2,136,136,102,65,42,25,15,10,6,2,1
26,5,0,1618,2015,0,109,98,71,44,30,21,12,7,4,3,139,136,102,65,39,25,17,8,6,3,3
26,5,1,1618,1972,0,109,98,71,44,30,21,12,7,4,3,136,127,100,66,42,27,14,9,5,3,2
26,5,2,1618,2021,0,109,98,71,44,30,21,12,7,4,3,127,139,91,64,43,28,19,12,6,4,1
26,5,0,1665,2039,0,98,99,66,47,31,18,13,9,6,4,130,137,105,68,39,23,17,12,6,3,2
26,5,1,1665,2088,0,98,99,66,47,31,18,13,9,6,4,137,126,99,63,43,32,16,12,8,5,2
26,5,2,1665,2067,0,98,99,66,47,31,18,13,9,6,4,126,130,91,65,48,28,19,10,7,4,2
26,5,0,1594,1881,0,99,109,73,49,30,17,10,7,6,3,132,141,104,64,41,22,14,10,5,3,2
26,5,1,1594,1911,0,99,109,73,49,30,17,10,7,6,3,141,131,101,64,40,26,15,10,7,4,0
26,5,2,1594,1949,0,99,109,73,49,30,17,10,7,6,3,131,132,100,68,42,26,15,7,5,3,2
26,5,0,1667,2077,0,99,102,71,46,31,23,14,7,4,2,134,128,102,70,46,27,18,9,6,4,2
26,5,1,1667,2060,0,99,102,71,46,31,23,14,7,4,2,128,140,101,64,41,27,17,11,5,2,2
26,5,2,1667,2067,0,99,102,71,46,31,23,14,7,4,2,140,134,100,67,43,30,18,10,5,3,1
26,5,0,1565,1872,0,102,104,68,45,31,21,14,7,3,2,129,137,93,61,42,29,19,9,3,1,1
26,5,1,1565,1848,0,102,104,68,45,31,21,14,7,3,2,137,132,102,67,38,22,16,10,5,2,1
26,5,2,1565,1888,0,102,104,68,45,31,21,14,7,3,2,132,129,101,64,44,28,13,8,5,3,1
26,5,0,1638,1983,0,104,99,71,48,29,18,12,9,6,3,133,132,99,71,43,22,15,9,6,6,2
26,5,1,1638,2079,0,104,99,71,48,29,18,12,9,6,3,132,136,103,68,42,26,14,12,9,3,2
26,5,2,1638,2052,0,104,99,71,48,29,18,12,9,6,3,136,133,95,59,42,31,21,11,5,2,1
26,5,0,1451,1725,0,96,101,64,42,28,17,12,7,4,2,124,126,91,61,38,23,13,7,4,2,2
26,5,1,1451,1804,0,96,101,64,42,28,17,12,7,4,2,126,124,94,60,38,26,14,10,5,2,1
26,5,2,1451,1737,0,96,101,64,42,28,17,12,7,4,2,124,124,93,56,37,22,16,9,5,3,0
26,5,0,1382,1660,0,101,98,67,41,28,16,10,7,4,1,123,125,90,56,35,23,14,8,4,2,1
26,5,1,1382,1594,0,101,98,67,41,28,16,10,7,4,1,125,125,90,57,37,21,11,7,5,2,0
26,5,2,1382,1600,0,101,98,67,41,28,16,10,7,4,1,125,123,92,61,35,22,13,7,3,1,0
26,5,0,1462,1731,0,98,96,68,45,25,18,11,6,4,3,127,123,92,61,38,20,13,10,5,2,1
26,5,1,1462,1749,0,98,96,68,45,25,18,11,6,4,3,123,125,94,59,36,23,15,9,5,3,1
26,5,2,1462,1768,0,98,96,68,45,25,18,11,6,4,3,125,127,91,61,39,25,15,6,4,3,2
26,5,0,1542,1953,0,99,103,67,44,29,18,12,7,3,2,135,128,99,59,36,26,16,11,6,3,1
26,5,1,1542,1899,0,99,103,67,44,29,18,12,7,3,2,128,124,94,63,43,25,16,7,4,3,3
26,5,2,1542,1885,0,99,103,67,44,29,18,12,7,3,2,124,135,95,63,39,23,13,9,5,2,1
26,5,0,1588,1920,0,103,100,72,47,29,18,11,6,4,3,130,136,98,61,42,25,14,9,6,3,2
26,5,1,1588,1949,0,103,100,72,47,29,18,11,6,4,3,136,130,100,63,36,25,18,9,4,2,2
26,5,2,1588,1951,0,103,100,72,47,29,18,11,6,4,3,130,130,95,69,43,24,13,9,6,5,2
26,5,0,1567,2040,0,100,99,71,46,30,20,11,7,4,2,127,132,95,67,46,30,17,7,4,3,2
26,5,1,1567,1883,0,100,99,71,46,30,20,11,7,4,2,132,134,103,61,40,22,15,10,5,3,2
26,5,2,1567,1871,0,100,99,71,46,30,20,11,7,4,2,134,127,95,66,37,25,15,10,7,3,1
26,5,0,1446,1754,0,101,102,64,41,28,16,11,7,3,2,130,119,93,63,37,23,13,8,5,3,1
26,5,1,1446,1762,0,101,102,64,41,28,16,11,7,3,2,119,128,92,56,41,24,14,8,5,2,1
26,5,2,1446,1762,0,101,102,64,41,28,16,11,7,3,2,128,130,91,55,32,22,14,9,4,2,2
26,5,0,1470,1754,0,102,94,69,46,26,14,10,7,5,3,127,126,92,57,37,25,13,7,6,4,1
26,5,1,1470,1785,0,102,94,69,46,26,14,10,7,5,3,126,124,88,59,39,24,14,9,4,2,2
26,5,2,1470,1760,0,102,94,69,46,26,14,10,7,5,3,124,127,95,65,36,17,13,10,6,3,1
26,5,0,1422,1668,0,94,101,66,40,26,19,9,6,5,2,130,121,94,57,37,23,15,7,4,2,0
26,5,1,1422,1741,0,94,101,66,40,26,19,9,6,5,2,121,118,94,60,36,22,13,7,4,4,2
26,5,2,1422,1695,0,94,101,66,40,26,19,9,6,5,2,118,130,87,57,35,23,14,9,6,2,1
26,6,0,2169,2036,140,145,108,71,39,27,18,12,8,3,1,0,192,142,93,58,36,24,17,10,4,2
26,6,1,2169,2021,140,145,108,71,39,27,18,12,8,3,1,0,190,145,100,60,37,25,14,8,4,2
26,6,2,2169,2064,140,145,108,71,39,27,18,12,8,3,1,0,192,147,96,63,37,22,13,8,6,2
26,6,0,2170,2006,145,139,106,71,47,30,18,9,6,4,2,0,197,139,93,65,40,24,12,8,4,2
26,6,1,2170,2049,145,139,106,71,47,30,18,9,6,4,2,0,196,145,97,60,38,25,13,6,4,3
26,6,2,2170,2041,145,139,106,71,47,30,18,9,6,4,2,0,185,149,104,63,39,21,15,8,5,2
26,6,0,2123,1999,139,140,105,65,44,27,18,13,6,3,2,0,192,145,97,59,34,21,15,10,5,2
26,6,1,2123,1977,139,140,105,65,44,27,18,13,6,3,2,0,191,140,89,57,41,22,14,9,4,2
26,6,2,2123,1991,139,140,105,65,44,27,18,13,6,3,2,0,180,139,98,63,39,27,14,6,3,2
26,6,0,2424,2356,146,146,112,69,45,30,21,14,10,4,2,0,196,152,110,67,43,30,15,10,6,3
26,6,1,2424,2360,146,146,112,69,45,30,21,14,10,4,2,0,206,151,102,71,42,23,16,10,7,4
26,6,2,2424,2471,146,146,112,69,45,30,21,14,10,4,2,0,200,153,98,60,44,31,23,13,6,2
26,6,1,2398,2409,146,144,103,69,46,31,21,12,7,5,2,0,201,152,103,67,39,25,18,11,7,3
26,6,2,2398,2380,146,144,103,69,46,31,21,12,7,5,2,0,196,150,96,64,43,27,17,11,5,4
26,6,0,2439,2479,144,146,109,74,45,29,18,14,8,6,4,0,207,150,103,66,44,25,17,13,7,6
26,6,1,2439,2388,144,146,109,74,45,29,18,14,8,6,4,0,197,156,102,66,46,32,18,9,5,4
26,6,2,2439,2432,144,146,109,74,45,29,18,14,8,6,4,0,196,150,105,69,37,25,18,13,9,3
26,6,0,2359,2290,146,142,106,72,48,32,20,13,8,5,3,0,196,146,100,68,46,29,18,10,4,2
26,6,1,2359,2282,146,142,106,72,48,32,20,13,8,5,3,0,202,148,106,68,43,27,14,10,8,4
26,6,2,2359,2237,146,142,106,72,48,32,20,13,8,5,3,0,198,156,102,66,41,26,18,10,5,3
26,6,0,2427,2418,142,143,104,70,50,29,20,12,9,5,2,0,196,149,104,69,43,26,17,10,6,2
26,6,1,2427,2410,142,143,104,70,50,29,20,12,9,5,2,0,201,148,100,67,45,26,18,10,8,5
26,6,2,2427,2406,142,143,104,70,50,29,20,12,9,5,2,0,193,151,101,65,43,29,17,12,6,4
26,6,0,2391,2323,143,146,109,72,45,29,17,12,8,6,4,0,197,148,107,67,42,23,13,11,7,5
26,6,1,2391,2380,143,146,109,72,45,29,17,12,8,6,4,0,201,153,98,67,43,27,19,8,6,5
26,6,2,2391,2383,143,146,109,72,45,29,17,12,8,6,4,0,196,150,100,62,39,29,18,14,8,3
26,6,0,2331,2225,154,142,112,77,46,30,19,10,8,5,3,0,196,155,99,65,39,26,17,9,5,3
26,6,1,2331,2266,154,142,112,77,46,30,19,10,8,5,3,0,206,146,108,63,41,26,17,10,6,3
26,6,2,2331,2304,154,142,112,77,46,30,19,10,8,5,3,0,206,153,105,72,43,25,13,9,7,4
26,6,0,2398,2336,142,145,106,74,55,33,18,11,6,4,3,0,201,151,104,66,44,26,16,11,4,3
26,6,1,2398,2344,142,145,106,74,55,33,18,11,6,4,3,0,198,154,106,71,46,28,13,6,5,3
26,6,2,2398,2356,142,145,106,74,55,33,18,11,6,4,3,0,201,153,103,70,43,24,16,10,7,4
26,6,0,2374,2275,145,154,111,70,44,27,22,17,8,4,1,0,201,153,98,65,41,28,18,11,5,2
26,6,1,2374,2274,145,154,111,70,44,27,22,17,8,4,1,0,203,151,105,64,40,25,18,11,6,3
26,6,2,2374,2251,145,154,111,70,44,27,22,17,8,4,1,0,201,156,103,66,44,28,18,10,4,2
26,6,0,2282,2158,150,148,113,73,47,33,20,11,7,2,2,0,207,164,105,63,36,26,18,8,5,2
26,6,1,2282,2205,150,148,113,73,47,33,20,11,7,2,2,0,194,152,101,64,44,26,14,10,4,2
26,6,2,2282,2133,150,148,113,73,47,33,20,11,7,2,2,0,207,142,104,70,44,25,12,6,4,2
26,6,0,2300,2187,148,149,106,78,54,33,19,8,5,5,2,0,199,151,96,66,43,27,16,7,4,3
26,6,1,2300,2250,148,149,106,78,54,33,19,8,5,5,2,0,199,152,113,70,42,24,13,8,5,3
26,6,2,2300,2146,148,149,106,78,54,33,19,8,5,5,2,0,211,158,103,70,43,23,12,7,5,3
26,6,0,2282,2156,149,150,120,78,50,27,14,12,7,5,3,0,209,158,101,58,38,27,15,11,5,2
26,6,1,2282,2103,149,150,120,78,50,27,14,12,7,5,3,0,200,153,112,68,40,20,11,8,5,3
26,6,2,2282,2151,149,150,120,78,50,27,14,12,7,5,3,0,206,155,103,70,40,21,15,8,5,3
26,6,0,2364,2190,151,149,109,72,50,33,22,13,7,4,2,0,202,154,105,71,42,20,15,12,7,3
26,6,1,2364,2254,151,149,109,72,50,33,22,13,7,4,2,0,211,149,101,63,47,33,19,8,2,2
26,6,2,2364,2236,151,149,109,72,50,33,22,13,7,4,2,0,200,159,107,70,43,29,15,7,5,2
26,6,0,2366,2293,149,143,114,74,45,29,20,14,10,5,2,0,195,155,108,73,39,28,15,9,7,3
26,6,1,2366,2288,149,143,114,74,45,29,20,14,10,5,2,0,209,151,100,63,38,24,19,13,7,3
26,6,2,2366,2318,149,143,114,74,45,29,20,14,10,5,2,0,202,151,106,64,49,29,18,10,4,2
26,6,0,2392,2294,143,151,110,75,46,33,20,12,7,4,3,0,199,154,104,65,41,32,19,8,5,2
26,6,1,2392,2282,143,151,110,75,46,33,20,12,7,4,3,0,204,156,107,68,39,24,14,12,7,3
26,6,2,2392,2289,143,151,110,75,46,33,20,12,7,4,3,0,203,153,101,69,47,25,15,8,4,4
26,6,0,2324,2241,148,136,110,69,47,34,19,11,6,4,3,0,196,148,106,65,45,26,13,9,6,4
26,6,1,2324,2297,148,136,110,69,47,34,19,11,6,4,3,0,193,150,100,68,42,28,18,8,4,3
26,6,2,2324,2244,148,136,110,69,47,34,19,11,6,4,3,0,201,144,100,63,40,26,15,10,6,3
26,6,0,2411,2395,136,143,98,70,51,31,20,13,8,5,3,0,201,143,99,66,43,29,19,12,8,3
26,6,1,2411,2413,136,143,98,70,51,31,20,13,8,5,3,0,189,157,104,66,43,28,16,12,6,4
26,6,2,2411,2391,136,143,98,70,51,31,20,13,8,5,3,0,191,145,99,72,48,26,17,8,5,4
26,6,0,2356,2361,143,148,116,74,45,27,18,12,9,5,3,0,207,158,100,65,42,28,19,11,5,3
26,6,1,2356,2309,143,148,116,74,45,27,18,12,9,5,3,0,194,149,100,65,40,27,13,11,8,3
26,6,2,2356,2309,143,148,116,74,45,27,18,12,9,5,3,0,202,153,112,66,40,22,18,10,7,5
26,6,0,2469,2517,147,144,101,69,46,31,20,12,8,6,4,0,200,144,99,68,48,31,18,9,7,5
26,6,1,2469,2593,147,144,101,69,46,31,20,12,8,6,4,0,199,151,104,68,39,27,19,14,10,5
26,6,2,2469,2491,147,144,101,69,46,31,20,12,8,6,4,0,194,151,99,65,45,28,18,12,6,5
26,6,0,2539,2585,144,146,108,72,46,27,19,14,9,5,3,0,200,159,104,64,43,28,19,12,8,4
26,6,1,2539,2604,144,146,108,72,46,27,19,14,9,5,3,0,195,148,101,69,46,28,19,12,7,6
26,6,0,2398,2314,146,147,117,73,41,28,20,13,8,5,3,0,192,154,100,69,42,26,16,9,6,5
26,6,1,2398,2345,146,147,117,73,41,28,20,13,8,5,3,0,203,148,106,62,39,29,20,10,6,3
26,6,2,2398,2338,146,147,117,73,41,28,20,13,8,5,3,0,209,156,105,63,40,25,16,13,7,3
26,6,0,2481,2476,136,151,108,74,45,30,20,12,8,5,3,0,192,157,106,68,43,25,18,10,6,4
26,6,1,2481,2538,136,151,108,74,45,30,20,12,8,5,3,0,199,152,103,69,42,30,19,11,7,4
26,6,0,2372,2359,151,140,112,68,46,31,18,10,7,4,3,0,197,146,102,63,41,27,15,9,6,5
26,6,1,2372,2320,151,140,112,68,46,31,18,10,7,4,3,0,196,151,105,66,39,24,17,10,5,3
26,6,2,2372,2416,151,140,112,68,46,31,18,10,7,4,3,0,202,147,97,63,44,27,15,10,8,4
26,6,0,2188,2051,138,147,107,65,45,28,19,11,5,5,3,0,193,147,93,61,42,23,13,8,5,3
26,6,1,2188,2169,138,147,107,65,45,28,19,11,5,5,3,0,189,145,98,62,38,24,16,8,4,3
26,6,2,2188,2186,138,147,107,65,45,28,19,11,5,5,3,0,193,145,99,60,38,26,16,10,6,4
26,6,0,2211,2090,147,133,109,70,44,27,17,12,9,4,3,0,193,146,92,57,39,25,16,9,6,4
26,6,1,2211,2145,147,133,109,70,44,27,17,12,9,4,3,0,189,141,106,61,39,25,16,11,5,1
26,6,2,2211,2139,147,133,109,70,44,27,17,12,9,4,3,0,194,142,98,69,39,23,14,9,6,3
26,6,0,2234,2146,133,138,102,70,50,32,17,9,5,3,2,0,185,150,92,61,43,23,15,9,5,3
26,6,1,2234,2235,133,138,102,70,50,32,17,9,5,3,2,0,182,136,100,65,44,29,12,7,4,3
26,6,2,2234,2123,133,138,102,70,50,32,17,9,5,3,2,0,198,146,102,66,35,20,13,7,5,3
26,6,0,2375,2281,150,151,118,82,54,30,15,10,8,5,3,0,209,151,109,75,48,25,16,7,4,3
26,6,1,2375,2228,150,151,118,82,54,30,15,10,8,5,3,0,218,162,106,64,37,27,13,10,7,2
26,6,2,2375,2241,150,151,118,82,54,30,15,10,8,5,3,0,200,164,111,69,41,20,13,10,6,4
26,6,0,2421,2363,151,155,114,67,44,34,22,16,7,3,2,0,206,165,107,68,44,25,18,10,4,3
26,6,1,2421,2353,151,155,114,67,44,34,22,16,7,3,2,0,207,153,93,61,46,34,21,10,4,2
26,6,2,2421,2355,151,155,114,67,44,34,22,16,7,3,2,0,205,149,112,69,41,28,14,11,7,3
26,6,0,2376,2235,155,150,111,81,46,30,24,12,9,5,2,0,204,156,104,71,40,24,16,11,6,2
26,6,1,2376,2295,155,150,111,81,46,30,24,12,9,5,2,0,212,158,107,65,44,30,20,8,4,3
26,6,2,2376,2293,155,150,111,81,46,30,24,12,9,5,2,0,209,156,109,73,44,28,16,9,6,2
26,6,0,2382,2316,145,138,101,70,47,34,22,13,8,3,2,0,198,145,98,70,47,25,16,10,5,3
26,6,1,2382,2405,145,138,101,70,47,34,22,13,8,3,2,0,195,146,99,66,45,33,21,9,4,2
26,6,2,2382,2377,145,138,101,70,47,34,22,13,8,3,2,0,194,151,107,67,41,28,15,11,8,4
26,6,0,2247,2152,138,145,101,75,50,31,18,10,6,5,3,0,201,145,103,69,40,20,14,9,6,4
26,6,1,2247,2171,138,145,101,75,50,31,18,10,6,5,3,0,199,153,96,61,42,29,17,9,3,2
26,6,2,2247,2129,138,145,101,75,50,31,18,10,6,5,3,0,183,147,101,69,42,25,12,7,6,3
26,6,0,2450,2425,145,145,113,70,45,30,22,16,7,4,2,0,201,159,107,69,41,28,20,11,6,3
26,6,1,2450,2451,145,145,113,70,45,30,22,16,7,4,2,0,199,151,99,64,43,28,18,14,6,3
26,6,2,2450,2416,145,145,113,70,45,30,22,16,7,4,2,0,203,148,107,67,46,29,17,8,5,4
26,6,0,2341,2239,149,138,107,66,45,30,19,15,9,5,3,0,200,150,107,66,38,22,16,12,7,3
26,6,1,2341,2282,149,138,107,66,45,30,19,15,9,5,3,0,193,151,94,64,44,27,19,11,5,3
26,6,2,2341,2252,149,138,107,66,45,30,19,15,9,5,3,0,194,137,99,63,45,33,17,10,6,3
26,6,0,2302,2167,138,144,99,72,46,32,23,11,7,3,2,0,194,144,99,66,46,30,14,7,5,3
26,6,1,2302,2299,138,144,99,72,46,32,23,11,7,3,2,0,191,150,103,70,38,25,17,9,6,3
26,6,2,2302,2253,138,144,99,72,46,32,23,11,7,3,2,0,195,148,96,63,43,26,18,10,4,2
26,6,0,2263,2259,144,149,109,74,48,30,16,9,5,5,3,0,205,150,98,62,41,27,16,7,6,4
26,6,1,2263,2161,144,149,109,74,48,30,16,9,5,5,3,0,192,154,103,63,37,24,14,10,6,4
26,6,2,2263,2161,144,149,109,74,48,30,16,9,5,5,3,0,198,147,101,68,41,20,11,8,4,3
26,6,0,2419,2395,149,141,112,71,49,34,18,13,7,5,3,0,207,153,104,66,46,26,15,12,6,4
26,6,1,2419,2350,149,141,112,71,49,34,18,13,7,5,3,0,198,153,105,68,44,28,15,8,6,5
26,6,2,2419,2387,149,141,112,71,49,34,18,13,7,5,3,0,200,150,106,69,42,29,19,11,6,2
26,6,0,2426,2419,141,140,108,75,49,28,22,13,8,3,3,0,194,154,104,71,45,26,16,8,6,4
26,6,1,2426,2470,141,140,108,75,49,28,22,13,8,3,3,0,199,145,101,69,43,27,20,12,8,3
26,6,2,2426,2354,141,140,108,75,49,28,22,13,8,3,3,0,201,154,108,65,42,28,17,11,4,3
26,6,0,2396,2370,140,149,107,75,49,29,17,11,8,5,2,0,194,155,105,68,42,25,15,10,7,4
26,6,1,2396,2345,140,149,107,75,49,29,17,11,8,5,2,0,201,153,101,66,40,26,16,9,5,4
26,6,0,2370,2357,145,156,113,77,53,33,15,8,7,5,3,0,210,157,108,68,44,27,12,9,6,4
26,6,1,2370,2232,145,156,113,77,53,33,15,8,7,5,3,0,203,163,105,68,39,25,14,7,5,4
26,6,2,2370,2301,145,156,113,77,53,33,15,8,7,5,3,0,205,153,104,68,44,22,15,10,7,3
26,6,0,2314,2232,156,147,119,71,46,32,20,11,5,4,4,0,206,158,105,63,41,25,15,11,6,3
26,6,1,2314,2189,156,147,119,71,46,32,20,11,5,4,4,0,199,151,100,68,42,26,15,8,4,3
26,6,2,2314,2157,156,147,119,71,46,32,20,11,5,4,4,0,211,151,108,63,40,26,15,6,4,3
26,6,0,2386,2344,147,145,110,78,47,29,21,13,8,4,1,0,200,151,104,69,44,28,17,10,5,3
26,6,1,2386,2263,147,145,110,78,47,29,21,13,8,4,1,0,205,154,106,67,40,26,15,9,6,3
26,6,2,2386,2297,147,145,110,78,47,29,21,13,8,4,1,0,201,154,104,68,42,25,18,10,5,2
26,6,0,2184,2085,139,150,105,73,45,26,19,12,7,5,2,0,193,145,101,59,36,27,17,9,6,2
26,6,1,2184,2083,139,150,105,73,45,26,19,12,7,5,2,0,199,149,103,68,38,19,12,10,5,3
26,6,2,2184,2017,139,150,105,73,45,26,19,12,7,5,2,0,191,150,90,62,42,25,16,7,3,2
26,6,0,2235,2130,150,144,112,73,48,31,16,8,7,4,2,0,200,141,104,60,41,28,14,7,4,3
26,6,1,2235,2040,150,144,112,73,48,31,16,8,7,4,2,0,201,152,104,71,39,18,10,8,6,2
26,6,2,2235,2142,150,144,112,73,48,31,16,8,7,4,2,0,196,154,95,60,38,24,15,8,5,3
26,6,0,2233,2185,144,139,106,69,46,30,19,11,5,4,3,0,194,142,97,62,41,25,15,9,4,3
26,6,1,2233,2098,144,139,106,69,46,30,19,11,5,4,3,0,196,146,100,63,43,24,13,7,5,3
26,6,2,2233,2112,144,139,106,69,46,30,19,11,5,4,3,0,188,146,98,64,36,25,16,9,5,3
26,6,0,2240,2158,143,144,110,73,47,28,18,11,8,4,2,0,194,151,96,59,38,27,19,10,6,2
26,6,1,2240,2103,143,144,110,73,47,28,18,11,8,4,2,0,199,137,105,67,41,24,11,10,5,2
26,6,2,2240,2107,143,144,110,73,47,28,18,11,8,4,2,0,196,158,101,66,40,21,14,6,4,3
26,6,0,2192,2152,144,146,108,69,47,32,18,10,5,3,3,0,187,144,102,66,42,25,14,7,3,3
26,6,1,2192,2115,144,146,108,69,47,32,18,10,5,3,3,0,206,146,100,64,41,25,13,7,4,3
26,6,2,2192,2046,144,146,108,69,47,32,18,10,5,3,3,0,194,153,95,59,37,23,14,9,6,2
26,6,0,2260,2125,146,143,107,74,47,30,18,11,7,4,2,0,193,150,108,65,36,21,14,9,5,2
26,6,1,2260,2186,146,143,107,74,47,30,18,11,7,4,2,0,199,149,101,67,44,23,16,9,5,2
26,6,2,2260,2195,146,143,107,74,47,30,18,11,7,4,2,0,199,146,93,63,41,30,14,8,5,4
26,6,0,2232,2058,149,143,111,73,46,32,19,13,8,3,1,0,198,147,105,60,37,25,16,11,4,1
26,6,1,2232,2059,149,143,111,73,46,32,19,13,8,3,1,0,201,149,102,69,45,25,13,6,3,1
26,6,2,2232,2107,149,143,111,73,46,32,19,13,8,3,1,0,199,153,99,66,40,26,15,8,5,2
26,6,0,2229,2110,143,144,107,71,47,27,21,12,6,5,2,0,197,137,95,70,41,27,13,9,5,3
26,6,1,2229,2091,143,144,107,71,47,27,21,12,6,5,2,0,204,153,100,59,37,22,15,7,5,3
26,6,2,2229,2181,143,144,107,71,47,27,21,12,6,5,2,0,185,153,104,63,43,25,19,10,4,2
26,6,0,2230,2069,144,149,109,73,44,27,16,13,9,5,2,0,209,148,103,60,33,21,16,10,6,3
26,6,1,2230,2110,144,149,109,73,44,27,16,13,9,5,2,0,201,151,96,62,43,22,14,11,6,2
26,6,2,2230,2135,144,149,109,73,44,27,16,13,9,5,2,0,181,148,99,67,40,29,15,8,4,2
26,6,0,2477,2453,150,144,108,71,49,34,24,13,8,5,3,0,202,151,105,70,49,31,17,9,5,4
26,6,1,2477,2402,150,144,108,71,49,34,24,13,8,5,3,0,204,152,104,72,46,30,19,9,6,3
26,6,2,2477,2398,150,144,108,71,49,34,24,13,8,5,3,0,205,158,108,67,43,28,19,13,7,3
26,6,0,2515,2476,144,145,111,78,50,29,19,13,10,8,4,0,205,153,108,72,43,24,20,13,9,5
26,6,1,2515,2486,144,145,111,78,50,29,19,13,10,8,4,0,211,158,106,67,47,30,19,13,6,3
26,6,2,2515,2439,144,145,111,78,50,29,19,13,10,8,4,0,196,157,109,73,44,30,16,10,8,5
26,6,0,2505,2399,145,150,112,73,49,34,19,15,10,5,3,0,206,160,110,73,43,27,17,11,7,4
26,6,1,2505,2486,145,150,112,73,49,34,19,15,10,5,3,0,207,156,102,69,48,28,18,12,6,3
26,6,2,2505,2517,145,150,112,73,49,34,19,15,10,5,3,0,204,156,110,68,46,33,19,12,7,3
26,6,0,2476,2490,150,143,116,77,51,35,20,13,8,4,2,0,208,154,108,71,49,33,17,9,6,2
26,6,1,2476,2374,150,143,116,77,51,35,20,13,8,4,2,0,209,157,110,73,42,26,16,10,6,3
26,6,2,2476,2449,150,143,116,77,51,35,20,13,8,4,2,0,205,161,111,69,45,26,17,11,5,4
26,6,0,2472,2432,143,153,108,72,49,33,25,15,9,5,1,0,207,159,110,70,44,28,19,12,6,4
26,6,1,2472,2345,143,153,108,72,49,33,25,15,9,5,1,0,206,158,103,69,51,32,18,9,4,2
26,6,2,2472,2447,143,153,108,72,49,33,25,15,9,5,1,0,202,155,106,72,44,30,20,11,7,2
26,6,0,2451,2329,153,150,113,77,49,32,21,12,9,5,3,0,205,160,109,75,44,23,15,10,7,3
26,6,1,2451,2373,153,150,113,77,49,32,21,12,9,5,3,0,207,157,104,67,45,29,19,11,6,3
26,6,2,2451,2367,153,150,113,77,49,32,21,12,9,5,3,0,213,155,109,67,43,31,17,9,5,3
26,6,0,2452,2365,151,153,110,72,51,35,24,15,5,4,2,0,200,162,111,72,47,31,18,8,3,2
26,6,1,2452,2335,151,153,110,72,51,35,24,15,5,4,2,0,210,156,106,72,46,27,17,10,5,2
26,6,2,2452,2338,151,153,110,72,51,35,24,15,5,4,2,0,214,155,103,66,45,29,17,10,5,4
26,6,0,2456,2312,153,145,114,81,51,30,21,15,10,6,2,0,205,153,112,75,45,25,17,11,5,2
26,6,1,2456,2409,153,145,114,81,51,30,21,15,10,6,2,0,211,160,111,72,46,30,20,9,5,3
26,6,2,2456,2416,153,145,114,81,51,30,21,15,10,6,2,0,212,162,107,69,44,29,17,13,8,3
26,6,0,2472,2360,145,151,114,77,51,35,21,13,8,3,3,0,213,154,110,77,45,26,15,11,6,2
26,6,1,2472,2342,145,151,114,77,51,35,21,13,8,3,3,0,210,165,107,66,44,29,18,9,5,3
26,6,2,2472,2398,145,151,114,77,51,35,21,13,8,3,3,0,200,159,110,70,47,30,17,9,5,3
26,6,0,2410,2349,150,150,112,73,47,33,23,11,5,3,2,0,207,150,104,70,44,24,15,9,5,3
26,6,2,2410,2383,150,150,112,73,47,33,23,11,5,3,2,0,199,156,107,67,41,26,17,10,5,3
26,6,0,2372,2263,150,147,112,75,48,31,19,11,6,5,2,0,205,157,106,71,41,21,13,8,6,4
26,6,1,2372,2305,150,147,112,75,48,31,19,11,6,5,2,0,204,152,97,62,42,28,19,11,5,3
26,6,2,2372,2265,150,147,112,75,48,31,19,11,6,5,2,0,200,150,109,67,42,28,14,8,5,3
26,6,0,2445,2364,147,150,111,73,49,31,17,13,9,4,3,0,202,153,105,69,42,26,18,11,7,3
26,6,1,2445,2473,147,150,111,73,49,31,17,13,9,4,3,0,208,156,106,65,42,28,16,12,7,4
26,6,2,2445,2468,147,150,111,73,49,31,17,13,9,4,3,0,201,155,103,69,46,27,16,10,6,4
26,6,0,2343,2242,147,145,111,74,47,28,22,13,7,4,1,0,193,150,103,67,43,25,17,10,4,2
26,6,1,2343,2314,147,145,111,74,47,28,22,13,7,4,1,0,205,148,104,66,43,27,17,9,5,2
26,6,2,2343,2279,147,145,111,74,47,28,22,13,7,4,1,0,204,157,103,66,39,26,16,9,6,4
26,6,0,2342,2353,145,143,106,72,48,29,16,13,10,5,3,0,199,148,105,68,43,26,16,12,6,2
26,6,1,2342,2321,145,143,106,72,48,29,16,13,10,5,3,0,198,154,99,64,40,28,16,10,7,4
26,6,2,2342,2269,145,143,106,72,48,29,16,13,10,5,3,0,195,145,100,66,43,24,17,11,7,4
26,6,0,2282,2142,143,147,104,71,46,35,22,14,6,2,2,0,198,146,101,67,42,26,16,9,3,1
26,6,1,2282,2172,143,147,104,71,46,35,22,14,6,2,2,0,201,149,101,65,43,28,16,9,4,2
26,6,2,2282,2161,143,147,104,71,46,35,22,14,6,2,2,0,194,155,101,67,43,28,15,7,4,2
26,6,0,2333,2195,145,149,113,71,48,30,19,13,8,5,3,0,199,156,101,67,41,25,16,8,5,3
26,6,1,2333,2314,145,149,113,71,48,30,19,13,8,5,3,0,202,151,103,63,44,28,18,11,7,3
26,6,2,2333,2297,145,149,113,71,48,30,19,13,8,5,3,0,204,153,107,68,42,26,15,11,5,3
26,6,0,2408,2300,149,146,109,76,46,33,22,14,8,4,2,0,212,150,103,65,41,29,19,10,7,1
26,6,1,2408,2364,149,146,109,76,46,33,22,14,8,4,2,0,200,162,111,67,44,28,17,12,5,4
26,6,2,2408,2322,149,146,109,76,46,33,22,14,8,4,2,0,199,150,102,75,46,28,16,8,4,3
26,6,0,2365,2265,146,145,114,77,54,30,18,9,7,6,3,0,210,157,102,63,44,26,16,9,4,4
26,6,1,2365,2243,146,145,114,77,54,30,18,9,7,6,3,0,195,151,108,73,43,26,13,7,6,3
26,6,2,2365,2187,146,145,114,77,54,30,18,9,7,6,3,0,205,156,109,69,41,22,15,10,7,3
26,6,0,2312,2174,148,146,110,76,53,33,19,9,5,4,2,0,206,153,103,67,39,26,14,7,5,3
26,6,1,2312,2151,148,146,110,76,53,33,19,9,5,4,2,0,202,155,104,65,42,22,15,9,5,3
26,6,2,2312,2211,148,146,110,76,53,33,19,9,5,4,2,0,199,151,106,71,46,26,12,6,3,2
26,6,0,2336,2263,146,147,113,71,47,28,19,15,8,5,2,0,202,154,102,65,43,27,18,10,4,2
26,6,1,2336,2226,146,147,113,71,47,28,19,15,8,5,2,0,199,150,103,67,43,28,14,9,7,3
26,6,2,2336,2226,146,147,113,71,47,28,19,15,8,5,2,0,201,152,104,64,39,23,18,12,5,3
26,6,0,2340,2284,147,148,108,73,46,32,23,13,7,2,2,0,205,152,106,67,43,27,16,8,4,2
26,6,1,2340,2311,147,148,108,73,46,32,23,13,7,2,2,0,197,157,102,69,41,26,19,10,5,2
26,6,2,2340,2210,147,148,108,73,46,32,23,13,7,2,2,0,202,148,101,65,44,29,15,9,5,3
26,6,0,2371,2254,150,148,113,79,50,33,19,11,5,3,2,0,215,158,105,62,40,27,14,9,5,3
26,6,1,2371,2216,150,148,113,79,50,33,19,11,5,3,2,0,190,162,111,72,42,24,13,7,3,3
26,6,2,2371,2289,150,148,113,79,50,33,19,11,5,3,2,0,211,146,102,71,44,25,16,8,5,2
26,6,0,2405,2273,148,155,111,77,53,32,19,12,7,4,2,0,210,156,96,68,49,29,16,8,4,4
26,6,1,2405,2287,148,155,111,77,53,32,19,12,7,4,2,0,200,153,112,71,40,27,16,10,5,1
26,6,2,2405,2306,148,155,111,77,53,32,19,12,7,4,2,0,212,165,111,69,42,22,14,9,6,3
26,6,0,2285,2241,155,150,118,74,48,30,20,10,6,3,3,0,206,160,105,64,40,25,18,11,5,3
26,6,1,2285,2113,155,150,118,74,48,30,20,10,6,3,3,0,208,149,102,65,42,27,12,7,3,2
26,6,2,2285,2201,155,150,118,74,48,30,20,10,6,3,3,0,205,155,107,67,40,22,14,6,6,3
26,6,0,2394,2297,152,149,111,72,44,30,23,15,10,6,1,0,202,150,106,69,45,30,17,11,6,2
26,6,1,2394,2269,152,149,111,72,44,30,23,15,10,6,1,0,211,155,104,65,38,26,19,11,6,3
26,6,2,2394,2272,152,149,111,72,44,30,23,15,10,6,1,0,200,156,102,67,46,29,19,10,5,2
26,6,0,2365,2284,149,146,110,81,51,31,17,10,10,5,2,0,202,160,106,68,41,28,16,8,6,3
26,6,1,2365,2202,149,146,110,81,51,31,17,10,10,5,2,0,203,153,103,70,43,25,14,10,7,3
26,6,2,2365,2213,149,146,110,81,51,31,17,10,10,5,2,0,208,151,109,70,43,23,15,10,5,2
26,6,0,2312,2155,146,152,114,72,50,34,19,13,5,3,3,0,202,155,100,68,43,28,14,7,4,2
26,6,1,2312,2217,146,152,114,72,50,34,19,13,5,3,3,0,204,155,106,63,42,26,16,8,4,3
26,6,2,2312,2235,146,152,114,72,50,34,19,13,5,3,3,0,206,156,108,69,43,24,14,10,4,2
26,6,0,2401,2293,155,154,116,80,52,32,19,12,9,4,2,0,208,165,113,75,43,26,14,9,4,2
26,6,1,2401,2268,155,154,116,80,52,32,19,12,9,4,2,0,212,160,104,69,43,24,15,8,6,3
26,6,2,2401,2338,155,154,116,80,52,32,19,12,9,4,2,0,216,156,110,67,45,29,18,11,6,2
26,6,0,2424,2346,154,149,115,75,50,34,20,14,7,4,3,0,209,153,109,71,46,26,16,11,6,2
26,6,1,2424,2264,154,149,115,75,50,34,20,14,7,4,3,0,209,162,106,69,43,27,16,9,5,3
26,6,2,2424,2308,154,149,115,75,50,34,20,14,7,4,3,0,208,157,108,68,44,30,17,9,4,3
26,6,0,2475,2313,149,155,110,75,49,31,23,15,10,6,2,0,213,161,104,71,48,29,16,10,6,2
26,6,1,2475,2351,149,155,110,75,49,31,23,15,10,6,2,0,206,160,104,68,43,30,19,9,7,4
26,6,2,2475,2400,149,155,110,75,49,31,23,15,10,6,2,0,206,155,113,72,45,28,21,14,5,2
26,6,0,2412,2319,155,145,120,76,44,31,22,11,8,4,3,0,210,153,116,71,40,25,16,10,8,4
26,6,1,2412,2413,155,145,120,76,44,31,22,11,8,4,3,0,211,160,102,68,42,28,18,10,5,3
26,6,2,2412,2319,155,145,120,76,44,31,22,11,8,4,3,0,201,154,104,63,44,29,17,9,5,3
26,6,0,2316,2235,145,149,104,77,53,34,17,11,6,4,2,0,202,150,106,74,42,27,14,7,6,3
26,6,1,2316,2167,145,149,104,77,53,34,17,11,6,4,2,0,203,158,101,65,41,21,15,11,5,3
26,6,2,2316,2224,145,149,104,77,53,34,17,11,6,4,2,0,199,151,103,67,46,28,13,7,3,2
26,6,0,2411,2321,149,155,114,71,48,29,21,15,8,6,2,0,213,155,104,63,45,29,20,10,4,2
26,6,1,2411,2313,149,155,114,71,48,29,21,15,8,6,2,0,204,161,106,66,44,29,16,11,7,3
26,6,2,2411,2291,149,155,114,71,48,29,21,15,8,6,2,0,202,154,105,72,41,24,17,11,6,4
26,6,0,2407,2298,156,157,119,69,45,31,21,12,7,4,4,0,213,155,104,67,42,24,14,8,8,4
26,6,1,2407,2430,156,157,119,69,45,31,21,12,7,4,4,0,208,158,105,65,43,28,21,12,6,4
26,6,2,2407,2350,156,157,119,69,45,31,21,12,7,4,4,0,207,159,106,64,42,30,16,10,4,3
26,6,0,2497,2480,157,147,108,80,51,33,21,14,7,4,3,0,212,156,106,75,47,26,17,10,7,4
26,6,1,2497,2497,157,147,108,80,51,33,21,14,7,4,3,0,211,158,109,69,44,31,19,11,4,4
26,6,2,2497,2444,157,147,108,80,51,33,21,14,7,4,3,0,205,157,109,72,45,28,16,10,6,2
26,6,0,2478,2348,147,156,119,80,53,32,20,12,8,5,2,0,214,164,113,71,45,27,17,7,5,4
26,6,1,2478,2466,147,156,119,80,53,32,20,12,8,5,2,0,211,162,111,71,44,29,19,13,6,1
26,6,2,2478,2360,147,156,119,80,53,32,20,12,8,5,2,0,211,163,109,72,45,25,13,9,6,4
26,6,0,2381,2228,151,156,109,77,53,37,21,13,6,2,1,0,203,156,104,73,41,28,17,8,4,1
26,6,1,2381,2203,151,156,109,77,53,37,21,13,6,2,1,0,214,156,111,68,44,25,14,10,4,2
26,6,2,2381,2310,151,156,109,77,53,37,21,13,6,2,1,0,211,165,106,71,50,29,14,6,3,2
26,6,0,2423,2309,156,155,120,81,50,28,22,12,7,5,2,0,214,162,109,67,44,28,15,9,4,3
26,6,1,2423,2245,156,155,120,81,50,28,22,12,7,5,2,0,213,162,113,72,42,25,15,6,4,3
26,6,2,2423,2303,156,155,120,81,50,28,22,12,7,5,2,0,212,159,106,69,41,24,19,12,7,2
26,6,0,2414,2314,155,151,118,77,49,31,17,12,9,5,3,0,206,155,104,67,43,26,15,10,8,4
26,6,1,2414,2304,155,151,118,77,49,31,17,12,9,5,3,0,211,153,110,69,42,25,18,11,5,2
26,6,2,2414,2281,155,151,118,77,49,31,17,12,9,5,3,0,211,165,108,68,42,27,14,9,5,3
26,6,0,2389,2352,147,146,110,77,51,31,20,11,9,7,2,0,214,151,108,70,42,29,17,10,6,3
26,6,1,2389,2262,147,146,110,77,51,31,20,11,9,7,2,0,199,163,104,69,42,23,14,10,7,4
26,6,2,2389,2363,147,146,110,77,51,31,20,11,9,7,2,0,199,151,107,70,48,29,19,10,6,3
26,6,0,2422,2315,146,152,114,77,51,33,17,12,8,3,3,0,215,152,100,68,47,28,16,7,4,3
26,6,1,2422,2340,146,152,114,77,51,33,17,12,8,3,3,0,208,160,108,68,41,27,15,10,8,2
26,6,2,2422,2409,146,152,114,77,51,33,17,12,8,3,3,0,196,161,113,71,42,24,15,12,5,4
26,6,0,2356,2303,152,147,109,69,48,35,25,15,6,3,1,0,210,163,102,66,44,27,17,10,5,3
26,6,1,2356,2214,152,147,109,69,48,35,25,15,6,3,1,0,200,150,99,66,49,31,19,7,2,2
26,6,2,2356,2326,152,147,109,69,48,35,25,15,6,3,1,0,202,147,112,72,42,29,16,10,5,1
26,6,0,2304,2263,144,155,112,72,45,31,23,14,6,2,2,0,207,152,102,64,45,31,17,9,2,2
26,6,1,2304,2135,144,155,112,72,45,31,23,14,6,2,2,0,198,157,109,69,39,24,13,7,4,2
26,6,2,2304,2217,144,155,112,72,45,31,23,14,6,2,2,0,203,155,98,64,41,25,19,10,6,2
26,6,0,2327,2242,155,151,114,78,50,32,21,11,5,3,2,0,206,157,109,67,45,23,15,9,4,2
26,6,1,2327,2213,155,151,114,78,50,32,21,11,5,3,2,0,207,151,103,73,45,27,14,7,4,2
26,6,2,2327,2117,155,151,114,78,50,32,21,11,5,3,2,0,211,161,106,64,36,26,15,7,4,3
26,6,0,2298,2200,151,144,114,75,52,32,17,11,8,5,2,0,198,156,113,74,45,22,10,10,6,2
26,6,1,2298,2132,151,144,114,75,52,32,17,11,8,5,2,0,206,156,97,65,42,25,16,6,4,4
26,6,2,2298,2154,151,144,114,75,52,32,17,11,8,5,2,0,207,148,106,63,40,28,17,10,5,1
26,6,0,2511,2522,154,155,118,78,49,31,20,14,8,3,3,0,211,158,114,71,42,25,19,10,6,3
26,6,1,2511,2460,154,155,118,78,49,31,20,14,8,3,3,0,218,166,112,70,44,28,19,12,5,3
26,6,2,2511,2484,154,155,118,78,49,31,20,14,8,3,3,0,208,159,102,69,46,30,14,10,7,4
26,6,0,2543,2513,155,149,115,80,51,34,22,12,6,5,2,0,210,158,116,74,47,28,16,9,5,4
26,6,2,2543,2514,155,149,115,80,51,34,22,12,6,5,2,0,214,164,105,65,43,28,17,12,7,4
26,6,0,2507,2506,149,154,116,76,53,33,19,12,8,5,3,0,213,151,112,75,45,29,18,11,7,4
26,6,1,2507,2365,149,154,116,76,53,33,19,12,8,5,3,0,214,171,110,65,42,26,17,12,6,3
26,6,2,2507,2437,149,154,116,76,53,33,19,12,8,5,3,0,204,160,106,72,49,28,15,8,6,4
26,6,0,2346,2213,148,150,112,72,45,32,21,14,8,4,2,0,211,159,97,61,40,28,19,9,4,3
26,6,1,2346,2214,148,150,112,72,45,32,21,14,8,4,2,0,198,152,106,65,44,28,15,10,5,1
26,6,2,2346,2285,148,150,112,72,45,32,21,14,8,4,2,0,200,150,108,73,43,26,16,10,6,3
26,6,0,2520,2441,150,154,108,77,50,33,22,13,9,5,2,0,210,160,103,68,47,29,19,11,6,3
26,6,1,2520,2527,150,154,108,77,50,33,22,13,9,5,2,0,205,155,110,76,47,30,18,11,6,2
26,6,2,2520,2504,150,154,108,77,50,33,22,13,9,5,2,0,211,161,109,70,43,28,17,10,7,5
26,6,0,2478,2425,154,148,117,74,51,31,20,13,8,5,3,0,206,163,106,66,43,28,16,12,6,3
26,6,1,2478,2367,154,148,117,74,51,31,20,13,8,5,3,0,206,154,114,72,46,25,16,9,5,4
26,6,2,2478,2387,154,148,117,74,51,31,20,13,8,5,3,0,214,155,104,69,44,29,19,10,7,3
26,6,0,2398,2326,152,152,112,78,53,33,20,12,8,5,2,0,216,162,111,74,43,25,17,10,6,3
26,6,1,2398,2272,152,152,112,78,53,33,20,12,8,5,2,0,207,161,99,66,45,29,17,10,3,2
26,6,2,2398,2334,152,152,112,78,53,33,20,12,8,5,2,0,205,153,114,72,46,27,14,8,7,3
26,6,0,2454,2372,152,152,114,76,52,35,23,14,8,4,2,0,218,159,109,76,47,28,18,10,5,2
26,6,1,2454,2314,152,152,114,76,52,35,23,14,8,4,2,0,208,168,103,66,44,30,18,10,5,2
26,6,2,2454,2413,152,152,114,76,52,35,23,14,8,4,2,0,207,154,117,73,48,29,16,9,5,3
26,6,0,2513,2394,152,152,116,79,51,34,22,14,8,4,2,0,218,172,105,67,44,29,20,10,6,1
26,6,1,2513,2422,152,152,116,79,51,34,22,14,8,4,2,0,204,159,110,69,46,29,16,12,6,4
26,6,2,2513,2407,152,152,116,79,51,34,22,14,8,4,2,0,214,153,117,80,47,28,16,8,4,3
26,6,0,3016,3039,164,161,121,85,59,40,27,18,10,5,4,0,235,180,127,83,52,38,24,13,7,5
26,6,1,3016,3021,164,161,121,85,59,40,27,18,10,5,4,0,234,180,125,82,57,35,22,15,9,4
26,6,2,3016,3064,164,161,121,85,59,40,27,18,10,5,4,0,230,175,122,88,59,36,23,14,8,5
26,6,0,3003,3076,161,162,125,84,57,36,25,15,10,7,4,0,229,172,118,83,55,36,25,13,8,5
26,6,1,3003,3076,161,162,125,84,57,36,25,15,10,7,4,0,234,176,127,81,51,35,23,15,11,6
26,6,2,3003,3030,161,162,125,84,57,36,25,15,10,7,4,0,230,184,125,81,55,33,20,15,9,7
26,6,0,2952,2971,162,164,124,85,54,38,25,17,11,8,6,0,241,179,124,79,50,37,24,15,9,5
26,6,1,2952,2907,162,164,124,85,54,38,25,17,11,8,6,0,229,183,122,81,56,34,21,14,8,5
26,6,2,2952,2986,162,164,124,85,54,38,25,17,11,8,6,0,226,172,124,86,55,36,24,15,10,6
26,6,0,3076,3138,160,158,120,86,59,39,26,18,13,9,4,0,234,181,120,85,54,37,24,15,11,7
26,6,1,3076,3147,160,158,120,86,59,39,26,18,13,9,4,0,229,176,130,85,58,37,26,17,9,5
26,6,2,3076,3099,160,158,120,86,59,39,26,18,13,9,4,0,233,179,128,88,60,39,24,16,10,5
26,6,0,3017,3030,158,161,122,83,57,39,26,17,13,7,5,0,229,182,124,82,54,35,24,16,11,5
26,6,1,3017,2992,158,161,122,83,57,39,26,17,13,7,5,0,227,173,125,88,59,36,22,16,8,4
26,6,2,3017,3116,158,161,122,83,57,39,26,17,13,7,5,0,235,178,123,80,54,39,25,13,9,6
26,6,1,2916,3002,161,160,121,83,55,38,25,17,10,6,3,0,228,173,123,86,49,33,23,15,8,4
26,6,2,2916,2945,161,160,121,83,55,38,25,17,10,6,3,0,234,175,117,75,52,35,22,14,9,5
26,6,0,3120,3213,158,164,120,84,60,41,30,18,11,8,6,0,233,184,127,86,61,43,25,16,9,5
26,6,1,3120,3148,158,164,120,84,60,41,30,18,11,8,6,0,229,178,129,91,59,37,23,15,11,6
26,6,2,3120,3272,158,164,120,84,60,41,30,18,11,8,6,0,242,184,126,85,58,38,29,16,9,7
26,6,0,3005,3107,164,158,127,86,59,37,27,18,11,6,4,0,228,177,124,88,58,37,25,15,7,4
26,6,1,3005,2995,164,158,127,86,59,37,27,18,11,6,4,0,239,177,126,82,52,35,23,14,10,6
26,6,2,3005,3074,164,158,127,86,59,37,27,18,11,6,4,0,235,184,130,83,57,36,23,15,9,5
26,6,0,3039,3141,158,158,122,82,56,42,25,17,12,9,4,0,227,182,129,85,56,37,23,15,9,4
26,6,1,3039,3071,158,158,122,82,56,42,25,17,12,9,4,0,233,174,117,85,58,39,23,13,11,7
26,6,2,3039,3104,158,158,122,82,56,42,25,17,12,9,4,0,229,175,127,81,55,37,25,18,9,6
26,6,0,2837,2866,164,154,126,85,56,37,25,18,11,6,2,0,230,174,125,76,51,33,25,16,9,4
26,6,1,2837,2856,164,154,126,85,56,37,25,18,11,6,2,0,226,172,123,85,58,36,18,14,7,4
26,6,2,2837,2775,164,154,126,85,56,37,25,18,11,6,2,0,231,177,121,82,49,33,22,10,6,3
26,6,0,2846,2809,154,160,118,82,59,42,27,15,10,5,3,0,219,177,124,87,57,35,19,10,6,4
26,6,1,2846,2797,154,160,118,82,59,42,27,15,10,5,3,0,229,172,117,81,54,34,22,12,7,4
26,6,2,2846,2834,154,160,118,82,59,42,27,15,10,5,3,0,230,175,123,78,53,36,22,14,8,3
26,6,0,2808,2744,160,164,122,84,57,36,24,16,8,6,4,0,224,172,127,80,48,30,20,13,6,4
26,6,1,2808,2740,160,164,122,84,57,36,24,16,8,6,4,0,234,176,119,80,51,30,21,11,7,3
26,6,2,2808,2817,160,164,122,84,57,36,24,16,8,6,4,0,226,176,114,78,55,37,20,13,8,6
26,6,0,2972,3010,154,163,114,79,57,38,25,18,11,8,4,0,226,173,124,79,53,36,23,16,9,4
26,6,1,2972,3084,154,163,114,79,57,38,25,18,11,8,4,0,224,177,116,84,58,36,24,14,9,6
26,6,0,2944,3006,163,156,121,80,53,37,25,16,13,7,4,0,229,172,118,79,50,37,24,15,10,6
26,6,1,2944,3001,163,156,121,80,53,37,25,16,13,7,4,0,224,176,124,79,54,34,22,15,10,5
26,6,2,2944,2950,163,156,121,80,53,37,25,16,13,7,4,0,227,169,119,82,56,36,24,15,9,5
26,6,0,2973,3101,156,154,123,85,53,36,23,16,10,7,6,0,233,169,122,78,51,36,24,15,11,7
26,6,1,2973,3042,156,154,123,85,53,36,23,16,10,7,6,0,220,175,123,82,54,31,21,17,9,6
26,6,2,2973,3062,156,154,123,85,53,36,23,16,10,7,6,0,222,175,120,82,52,37,23,13,9,6
26,6,0,2933,3070,160,148,117,81,59,38,25,15,11,8,3,0,221,172,120,85,55,33,22,12,9,7
26,6,1,2933,2972,160,148,117,81,59,38,25,15,11,8,3,0,226,169,119,80,56,36,23,13,9,5
26,6,0,3008,3084,148,158,119,80,53,37,26,19,11,6,5,0,220,180,125,82,54,32,20,15,12,7
26,6,1,3008,3117,148,158,119,80,53,37,26,19,11,6,5,0,219,171,118,84,56,39,28,15,7,5
26,6,2,3008,3093,148,158,119,80,53,37,26,19,11,6,5,0,229,169,119,77,53,39,25,17,9,5
26,6,0,2684,2590,159,163,121,79,56,35,22,13,10,6,4,0,223,169,114,77,50,28,18,11,7,4
26,6,1,2684,2605,159,163,121,79,56,35,22,13,10,6,4,0,222,170,115,74,50,33,22,11,7,4
26,6,2,2684,2653,159,163,121,79,56,35,22,13,10,6,4,0,225,172,119,76,48,31,17,13,8,4
26,6,0,2644,2543,163,168,119,79,52,34,22,14,9,6,3,0,227,171,114,75,46,29,18,13,8,3
26,6,1,2644,2549,163,168,119,79,52,34,22,14,9,6,3,0,223,171,110,71,47,31,19,11,6,4
26,6,2,2644,2571,163,168,119,79,52,34,22,14,9,6,3,0,221,166,116,75,49,30,19,10,6,4
26,6,0,2715,2622,168,159,129,89,51,31,21,15,9,7,4,0,224,174,117,75,47,29,20,12,7,5
26,6,1,2715,2687,168,159,129,89,51,31,21,15,9,7,4,0,232,167,120,75,46,29,19,14,8,4
26,6,2,2715,2674,168,159,129,89,51,31,21,15,9,7,4,0,229,176,121,79,47,31,19,11,7,4
26,6,0,2555,2431,164,151,114,81,58,37,24,12,7,5,2,0,217,162,119,76,48,33,17,7,4,2
26,6,1,2555,2397,164,151,114,81,58,37,24,12,7,5,2,0,219,168,115,78,45,23,15,11,8,3
26,6,2,2555,2437,164,151,114,81,58,37,24,12,7,5,2,0,220,162,107,73,53,32,19,9,3,3
26,6,0,2568,2422,151,159,119,84,53,34,22,15,9,4,2,0,215,165,111,74,52,32,18,10,3,1
26,6,1,2568,2424,151,159,119,84,53,34,22,15,9,4,2,0,218,166,116,75,45,30,16,8,7,3
26,6,2,2568,2463,151,159,119,84,53,34,22,15,9,4,2,0,220,171,116,75,43,25,19,13,6,3
26,6,0,2589,2549,159,164,119,81,53,36,22,14,9,4,2,0,224,168,112,78,47,28,18,10,5,4
26,6,1,2589,2411,159,164,119,81,53,36,22,14,9,4,2,0,224,169,111,68,47,34,19,9,5,2
26,6,2,2589,2488,159,164,119,81,53,36,22,14,9,4,2,0,217,169,119,77,48,27,16,12,7,2
26,6,0,2761,2728,158,153,123,82,58,40,23,14,8,6,3,0,220,174,116,76,53,35,20,10,7,4
26,6,1,2761,2792,158,153,123,82,58,40,23,14,8,6,3,0,221,166,125,81,52,31,18,14,7,5
26,6,2,2761,2688,158,153,123,82,58,40,23,14,8,6,3,0,230,173,119,80,50,31,19,10,6,3
26,6,0,2710,2629,153,162,120,80,55,35,22,16,10,6,3,0,218,171,115,73,49,31,21,13,6,4
26,6,1,2710,2763,153,162,120,80,55,35,22,16,10,6,3,0,221,168,123,79,53,32,19,12,7,3
26,6,2,2710,2711,153,162,120,80,55,35,22,16,10,6,3,0,226,173,112,78,48,32,20,13,9,5
26,6,0,2719,2618,162,158,124,84,54,35,24,15,9,4,3,0,220,172,119,78,51,31,17,12,7,4
26,6,1,2719,2645,162,158,124,84,54,35,24,15,9,4,3,0,224,167,118,80,49,31,20,10,4,3
26,6,2,2719,2658,162,158,124,84,54,35,24,15,9,4,3,0,231,174,118,73,47,31,21,12,8,3
26,6,0,2861,2834,162,161,120,84,57,36,23,16,10,7,4,0,224,181,120,76,51,32,20,15,8,4
26,6,1,2861,2946,162,161,120,84,57,36,23,16,10,7,4,0,226,170,120,83,56,34,22,11,8,6
26,6,2,2861,2928,162,161,120,84,57,36,23,16,10,7,4,0,234,171,121,82,50,34,22,15,9,5
26,6,1,2995,3021,161,155,127,84,55,38,25,18,12,6,3,0,225,181,127,83,53,33,21,14,9,5
26,6,2,2995,3036,161,155,127,84,55,38,25,18,12,6,3,0,233,174,120,81,56,36,26,14,7,5
26,6,0,2812,2774,155,162,119,82,56,39,28,16,9,5,3,0,228,173,118,80,53,35,21,13,6,4
26,6,1,2812,2736,155,162,119,82,56,39,28,16,9,5,3,0,223,173,123,80,52,33,19,11,8,4
26,6,2,2812,2813,155,162,119,82,56,39,28,16,9,5,3,0,226,176,119,81,54,35,24,12,6,3
26,6,1,2827,2887,160,165,122,80,52,34,25,15,9,6,3,0,219,174,125,78,51,32,21,11,8,5
26,6,2,2827,2803,160,165,122,80,52,34,25,15,9,6,3,0,231,176,117,78,45,30,22,15,8,4
26,6,0,2715,2755,165,155,122,86,55,33,21,13,9,5,3,0,233,171,111,72,44,30,19,13,9,5
26,6,1,2715,2673,165,155,122,86,55,33,21,13,9,5,3,0,219,168,121,74,49,29,18,12,6,4
26,6,2,2715,2752,165,155,122,86,55,33,21,13,9,5,3,0,220,168,120,84,51,30,19,10,7,4
26,6,0,2899,2879,161,160,119,84,60,38,25,16,11,6,3,0,231,176,124,84,53,31,20,12,7,4
26,6,1,2899,2823,161,160,119,84,60,38,25,16,11,6,3,0,234,169,116,79,57,36,23,14,8,4
26,6,2,2899,2836,161,160,119,84,60,38,25,16,11,6,3,0,221,180,125,83,52,35,21,13,8,4
26,6,0,2874,2896,160,160,126,86,57,37,23,15,10,7,4,0,226,179,131,85,51,31,21,13,9,5
26,6,1,2874,2898,160,160,126,86,57,37,23,15,10,7,4,0,233,181,118,81,52,34,22,14,7,5
26,6,2,2874,2857,160,160,126,86,57,37,23,15,10,7,4,0,230,169,120,77,54,35,20,13,9,5
26,6,0,2895,2891,160,161,120,83,55,43,27,15,9,6,5,0,228,179,124,80,55,38,20,13,8,6
26,6,1,2895,2861,160,161,120,83,55,43,27,15,9,6,5,0,221,178,125,85,52,33,22,12,6,4
26,6,2,2895,2923,160,161,120,83,55,43,27,15,9,6,5,0,238,170,117,81,56,37,23,13,9,4
26,6,0,2793,2721,153,159,116,81,55,37,24,15,8,6,5,0,218,174,117,76,54,36,18,12,8,5
26,6,1,2793,2856,153,159,116,81,55,37,24,15,8,6,5,0,212,168,120,85,51,31,20,12,7,5
26,6,2,2793,2836,153,159,116,81,55,37,24,15,8,6,5,0,233,168,114,74,49,32,24,14,8,5
26,6,0,2795,2816,159,149,124,77,54,34,23,16,10,6,3,0,224,160,113,75,52,35,23,13,8,5
26,6,1,2795,2851,159,149,124,77,54,34,23,16,10,6,3,0,216,173,124,75,46,32,21,15,9,4
26,6,2,2795,2815,159,149,124,77,54,34,23,16,10,6,3,0,220,168,115,78,53,30,19,12,7,5
26,6,0,2744,2776,149,153,110,79,53,38,23,12,9,7,5,0,218,166,114,75,52,32,21,14,7,4
26,6,1,2744,2763,149,153,110,79,53,38,23,12,9,7,5,0,213,158,110,79,54,37,17,10,9,6
26,6,2,2744,2748,149,153,110,79,53,38,23,12,9,7,5,0,211,169,116,76,45,29,22,13,9,6
26,6,0,2718,2734,160,159,127,84,54,31,20,14,10,7,4,0,224,165,119,74,48,29,22,13,8,4
26,6,1,2718,2739,160,159,127,84,54,31,20,14,10,7,4,0,229,174,120,77,46,29,18,14,9,5
26,6,2,2718,2630,160,159,127,84,54,31,20,14,10,7,4,0,220,174,115,76,49,31,18,11,7,5
26,6,0,2642,2533,159,159,122,79,51,36,21,14,10,5,4,0,222,169,111,70,48,35,18,10,6,3
26,6,1,2642,2574,159,159,122,79,51,36,21,14,10,5,4,0,221,167,118,73,48,28,17,12,8,4
26,6,2,2642,2637,159,159,122,79,51,36,21,14,10,5,4,0,219,167,115,79,47,29,21,13,7,4
26,6,0,2777,2760,159,160,116,81,55,36,25,15,8,4,3,0,221,171,110,76,50,32,22,12,7,3
26,6,1,2777,2815,159,160,116,81,55,36,25,15,8,4,3,0,222,165,118,76,52,35,20,12,7,5
26,6,2,2777,2810,159,160,116,81,55,36,25,15,8,4,3,0,225,173,121,81,50,30,19,12,7,5
26,6,0,2781,2823,155,162,118,79,49,33,24,16,11,7,2,0,221,176,118,75,47,32,21,15,8,4
26,6,2,2781,2795,155,162,118,79,49,33,24,16,11,7,2,0,220,166,119,74,45,32,23,12,9,5
26,6,0,2735,2784,162,153,116,80,53,39,23,14,9,6,4,0,212,169,120,80,50,31,21,14,8,4
26,6,1,2735,2810,162,153,116,80,53,39,23,14,9,6,4,0,225,167,116,78,51,32,19,13,8,5
26,6,2,2735,2664,162,153,116,80,53,39,23,14,9,6,4,0,226,165,112,74,51,36,20,10,7,5
26,6,0,2765,2718,153,155,115,79,56,34,24,17,10,6,4,0,222,167,122,75,50,34,20,12,7,4
26,6,1,2765,2789,153,155,115,79,56,34,24,17,10,6,4,0,210,175,117,83,52,29,20,13,9,5
26,6,2,2765,2857,153,155,115,79,56,34,24,17,10,6,4,0,224,161,109,75,52,35,24,15,7,4
26,6,0,1626,1481,120,120,88,55,33,23,13,7,3,2,2,0,148,121,72,49,33,16,7,3,2,2
26,6,1,1626,1485,120,120,88,55,33,23,13,7,3,2,2,0,153,108,72,47,27,20,12,5,2,1
26,6,2,1626,1454,120,120,88,55,33,23,13,7,3,2,2,0,165,117,82,42,23,14,8,6,3,1
26,6,0,1569,1398,120,120,86,57,34,22,14,8,4,1,0,0,157,110,75,46,24,14,11,5,2,0
26,6,1,1569,1457,120,120,86,57,34,22,14,8,4,1,0,0,160,121,80,42,27,19,11,6,1,0
26,6,2,1569,1392,120,120,86,57,34,22,14,8,4,1,0,0,149,115,71,52,32,16,5,2,2,1
26,6,0,1625,1437,120,120,87,55,37,21,11,6,4,3,1,0,159,116,77,45,27,16,8,5,2,1
26,6,1,1625,1549,120,120,87,55,37,21,11,6,4,3,1,0,152,113,73,49,30,17,9,4,3,2
26,6,2,1625,1495,120,120,87,55,37,21,11,6,4,3,1,0,155,117,76,45,27,14,9,6,4,2
26,6,0,1467,1335,119,117,89,56,31,17,11,5,2,2,1,0,149,114,69,46,24,11,6,4,2,1
26,6,1,1467,1307,119,117,89,56,31,17,11,5,2,2,1,0,155,109,66,37,22,14,9,3,3,2
26,6,2,1467,1333,119,117,89,56,31,17,11,5,2,2,1,0,147,109,80,43,24,14,7,4,1,1
26,6,0,1497,1319,117,115,84,55,35,18,8,8,5,2,1,0,147,115,75,42,21,13,7,5,3,0
26,6,1,1497,1422,117,115,84,55,35,18,8,8,5,2,1,0,152,107,69,44,29,13,7,5,4,2
26,6,2,1497,1422,117,115,84,55,35,18,8,8,5,2,1,0,149,109,72,46,27,16,10,6,1,1
26,6,0,1507,1313,115,119,84,54,33,21,13,6,4,1,0,0,148,110,70,45,27,17,7,2,1,1
26,6,1,1507,1346,115,119,84,54,33,21,13,6,4,1,0,0,149,116,76,44,22,14,9,4,3,0
26,6,2,1507,1316,115,119,84,54,33,21,13,6,4,1,0,0,153,109,70,43,29,14,8,5,1,0
26,6,0,1510,1381,122,119,93,52,33,19,11,6,4,2,1,0,154,119,82,39,24,15,8,5,3,1
26,6,1,1510,1327,122,119,93,52,33,19,11,6,4,2,1,0,153,117,71,44,28,13,7,5,2,1
26,6,2,1510,1344,122,119,93,52,33,19,11,6,4,2,1,0,155,104,68,45,24,15,9,3,2,1
26,6,0,1534,1397,119,114,84,52,32,22,13,7,3,2,1,0,144,106,75,41,28,16,9,5,1,1
26,6,1,1534,1393,119,114,84,52,32,22,13,7,3,2,1,0,148,109,76,49,28,16,8,4,2,1
26,6,2,1534,1373,119,114,84,52,32,22,13,7,3,2,1,0,157,115,65,42,24,16,9,4,3,1
26,6,0,1521,1306,114,122,86,60,35,20,12,6,3,1,0,0,156,108,73,46,26,15,7,4,1,0
26,6,1,1521,1298,114,122,86,60,35,20,12,6,3,1,0,0,154,122,79,44,24,13,6,3,1,0
26,6,2,1521,1379,114,122,86,60,35,20,12,6,3,1,0,0,149,115,71,47,27,14,9,3,2,1
26,6,0,1502,1347,113,121,86,55,36,19,11,4,3,2,1,0,153,112,66,40,26,14,8,4,3,1
26,6,1,1502,1324,113,121,86,55,36,19,11,4,3,2,1,0,147,109,79,46,26,13,5,3,2,2
26,6,2,1502,1244,113,121,86,55,36,19,11,4,3,2,1,0,151,117,72,45,24,13,8,3,1,0
26,6,0,1506,1334,121,122,88,56,33,21,9,6,3,2,1,0,153,119,76,41,26,16,5,3,3,1
26,6,1,1506,1359,121,122,88,56,33,21,9,6,3,2,1,0,150,110,71,49,25,11,8,5,2,2
26,6,2,1506,1279,121,122,88,56,33,21,9,6,3,2,1,0,159,112,72,41,24,15,8,4,1,0
26,6,0,1520,1431,122,113,86,56,36,21,14,8,3,1,0,0,145,114,81,47,30,15,9,4,2,1
26,6,1,1520,1387,122,113,86,56,36,21,14,8,3,1,0,0,154,111,74,51,29,16,8,4,1,0
26,6,2,1520,1299,122,113,86,56,36,21,14,8,3,1,0,0,161,113,70,41,24,16,9,4,1,0
26,6,0,1596,1439,120,122,90,54,32,19,13,7,3,1,1,0,144,123,71,48,30,14,6,4,3,2
26,6,1,1596,1482,120,122,90,54,32,19,13,7,3,1,1,0,154,106,72,45,24,17,11,4,2,1
26,6,2,1596,1460,120,122,90,54,32,19,13,7,3,1,1,0,166,115,79,39,24,15,10,6,2,1
26,6,0,1600,1435,122,123,92,61,33,21,11,7,3,2,1,0,159,119,79,44,22,17,9,5,3,1
26,6,1,1600,1404,122,123,92,61,33,21,11,7,3,2,1,0,154,124,81,47,23,12,8,6,2,1
26,6,2,1600,1406,122,123,92,61,33,21,11,7,3,2,1,0,163,111,71,48,33,16,7,2,1,1
26,6,0,1682,1522,123,120,90,55,39,23,12,6,5,2,1,0,158,116,74,44,35,19,10,4,1,1
26,6,1,1682,1543,123,120,90,55,39,23,12,6,5,2,1,0,155,113,82,54,30,19,8,4,4,1
26,6,2,1682,1499,123,120,90,55,39,23,12,6,5,2,1,0,164,125,78,46,24,12,9,7,4,2
26,6,0,1590,1479,120,120,91,58,34,16,13,9,4,2,1,0,160,114,74,47,29,15,11,6,1,1
26,6,1,1590,1425,120,120,91,58,34,16,13,9,4,2,1,0,155,117,73,45,24,17,9,4,3,1
26,6,2,1590,1426,120,120,91,58,34,16,13,9,4,2,1,0,153,117,81,45,26,13,9,6,3,1
26,6,0,1537,1433,120,124,85,53,31,19,11,7,6,3,0,0,157,112,71,43,26,18,9,5,3,1
26,6,1,1537,1376,120,124,85,53,31,19,11,7,6,3,0,0,157,114,68,40,24,14,9,6,3,1
26,6,2,1537,1418,120,124,85,53,31,19,11,7,6,3,0,0,145,113,76,47,27,14,9,5,3,1
26,6,0,1599,1420,124,120,86,55,35,23,12,7,3,1,1,0,152,123,71,45,24,15,10,5,2,1
26,6,1,1599,1468,124,120,86,55,35,23,12,7,3,1,1,0,157,109,73,44,31,17,7,4,2,1
26,6,2,1599,1432,124,120,86,55,35,23,12,7,3,1,1,0,159,112,80,49,28,16,8,4,2,1
26,6,0,1518,1390,119,120,89,56,32,19,12,7,4,2,0,0,149,112,75,49,25,14,9,6,1,1
26,6,1,1518,1303,119,120,89,56,32,19,12,7,4,2,0,0,159,112,70,40,26,17,9,3,1,0
26,6,2,1518,1375,119,120,89,56,32,19,12,7,4,2,0,0,152,117,76,43,25,13,7,4,4,1
26,6,0,1555,1426,120,121,87,58,34,20,12,6,4,2,1,0,154,114,79,52,24,14,7,6,3,0
26,6,1,1555,1378,120,121,87,58,34,20,12,6,4,2,1,0,161,117,67,40,26,15,9,3,2,2
26,6,2,1555,1424,120,121,87,58,34,20,12,6,4,2,1,0,150,114,78,45,29,16,9,4,2,1
26,6,0,1522,1358,121,119,86,57,37,20,12,7,3,1,0,0,157,113,77,49,24,15,8,4,1,0
26,6,1,1522,1329,121,119,86,57,37,20,12,7,3,1,0,0,157,119,70,42,24,12,7,4,3,1
26,6,2,1522,1360,121,119,86,57,37,20,12,7,3,1,0,0,149,110,76,46,32,16,8,3,0,0
26,6,0,1475,1262,112,122,84,58,35,23,13,6,3,0,0,0,148,108,75,44,26,15,7,2,0,0
26,6,1,1475,1360,112,122,84,58,35,23,13,6,3,0,0,0,157,117,80,49,27,13,7,3,3,0
26,6,2,1475,1324,112,122,84,58,35,23,13,6,3,0,0,0,151,119,67,45,27,17,8,4,0,0
26,6,0,1571,1356,122,113,90,55,36,24,14,7,2,1,0,0,165,108,76,44,27,19,8,3,1,0
26,6,1,1571,1356,122,113,90,55,36,24,14,7,2,1,0,0,150,123,80,47,27,13,6,3,2,1
26,6,2,1571,1383,122,113,90,55,36,24,14,7,2,1,0,0,149,111,73,48,30,16,10,4,0,0
26,6,0,1582,1437,113,112,82,56,38,22,12,7,3,2,1,0,155,110,70,47,30,14,8,4,2,2
26,6,1,1582,1410,113,112,82,56,38,22,12,7,3,2,1,0,148,108,74,46,31,17,8,4,2,1
26,6,2,1582,1392,113,112,82,56,38,22,12,7,3,2,1,0,145,117,79,48,24,16,9,5,2,0
26,6,0,1542,1436,114,113,87,55,33,20,12,6,3,3,1,0,148,113,72,43,25,15,9,4,3,2
26,6,1,1542,1390,114,113,87,55,33,20,12,6,3,3,1,0,148,108,76,46,27,14,7,5,2,2
26,6,2,1542,1345,114,113,87,55,33,20,12,6,3,3,1,0,151,112,72,44,26,16,9,4,2,0
26,6,0,1547,1390,113,117,85,52,34,21,10,7,5,2,1,0,144,114,72,42,28,14,7,5,3,1
26,6,1,1547,1424,113,117,85,52,34,21,10,7,5,2,1,0,148,108,76,48,29,15,9,5,2,1
26,6,2,1547,1382,113,117,85,52,34,21,10,7,5,2,1,0,155,112,69,42,23,17,9,5,3,1
26,6,0,1533,1327,117,114,85,52,33,20,13,7,3,1,1,0,145,109,73,45,29,14,6,4,2,1
26,6,1,1533,1409,117,114,85,52,33,20,13,7,3,1,1,0,148,109,74,46,25,15,11,3,1,1
26,6,2,1533,1391,117,114,85,52,33,20,13,7,3,1,1,0,154,112,69,40,25,17,9,6,3,1
26,6,0,1474,1344,116,114,87,54,31,18,13,7,4,1,0,0,152,108,70,45,27,16,11,3,1,0
26,6,1,1474,1327,116,114,87,54,31,18,13,7,4,1,0,0,151,109,68,40,22,16,8,5,2,1
26,6,2,1474,1248,116,114,87,54,31,18,13,7,4,1,0,0,142,112,77,43,25,11,6,4,2,0
26,6,0,1414,1256,114,118,80,52,34,21,10,5,2,1,1,0,147,115,71,43,21,13,7,3,1,1
26,6,1,1414,1183,114,118,80,52,34,21,10,5,2,1,1,0,145,108,63,40,27,13,7,2,1,1
26,6,2,1414,1260,114,118,80,52,34,21,10,5,2,1,1,0,146,101,72,43,26,14,5,4,2,0
26,6,0,1455,1272,118,116,91,54,30,17,10,8,3,1,0,0,148,112,72,39,22,14,6,5,3,0
26,6,1,1455,1255,118,116,91,54,30,17,10,8,3,1,0,0,145,111,73,43,24,11,7,3,1,1
26,6,2,1455,1237,118,116,91,54,30,17,10,8,3,1,0,0,155,107,69,41,23,14,9,4,0,0
26,6,0,1449,1418,119,114,80,52,27,18,13,6,4,2,1,0,147,104,71,44,24,16,9,5,4,1
26,6,1,1449,1384,119,114,80,52,27,18,13,6,4,2,1,0,142,112,68,43,23,14,8,5,2,2
26,6,2,1449,1289,119,114,80,52,27,18,13,6,4,2,1,0,148,102,65,37,25,15,10,4,2,1
26,6,0,1510,1430,114,113,81,57,36,16,9,6,3,2,1,0,148,112,72,43,25,13,8,5,3,3
26,6,1,1510,1381,114,113,81,57,36,16,9,6,3,2,1,0,141,107,70,47,24,11,7,5,2,1
26,6,2,1510,1359,114,113,81,57,36,16,9,6,3,2,1,0,151,107,71,42,26,15,8,4,3,1
26,6,0,1452,1377,113,119,87,50,29,18,9,6,3,3,2,0,147,101,72,42,27,16,8,4,3,2
26,6,1,1452,1295,113,119,87,50,29,18,9,6,3,3,2,0,150,112,69,42,22,13,7,5,3,1
26,6,2,1452,1301,113,119,87,50,29,18,9,6,3,3,2,0,142,113,66,36,21,12,8,5,2,2
26,6,0,1455,1303,114,107,84,48,35,20,9,5,2,2,1,0,142,100,63,40,28,15,9,5,2,1
26,6,1,1455,1269,114,107,84,48,35,20,9,5,2,2,1,0,143,105,73,42,24,14,5,3,2,1
26,6,2,1455,1305,114,107,84,48,35,20,9,5,2,2,1,0,143,109,71,41,23,11,6,3,2,2
26,6,0,1408,1329,107,110,77,47,29,19,14,6,4,1,1,0,141,110,68,39,24,17,9,3,2,1
26,6,1,1408,1253,107,110,77,47,29,19,14,6,4,1,1,0,135,99,63,42,25,14,8,4,2,1
26,6,2,1408,1270,107,110,77,47,29,19,14,6,4,1,1,0,139,99,67,40,25,14,9,5,2,0
26,6,0,1334,1123,110,114,81,57,32,19,8,3,2,1,0,0,133,105,68,43,21,9,5,3,1,0
26,6,1,1334,1145,110,114,81,57,32,19,8,3,2,1,0,0,146,102,67,41,24,11,5,2,1,0
26,6,2,1334,1132,110,114,81,57,32,19,8,3,2,1,0,0,148,110,68,38,20,13,4,1,1,1
26,6,0,1480,1272,117,112,85,55,33,21,12,6,4,2,0,0,143,112,69,47,24,13,8,3,1,1
26,6,1,1480,1354,117,112,85,55,33,21,12,6,4,2,0,0,156,100,71,40,29,17,9,5,2,0
26,6,2,1480,1394,117,112,85,55,33,21,12,6,4,2,0,0,148,118,78,46,25,15,7,4,3,1
26,6,0,1474,1295,112,110,78,51,38,22,11,3,3,2,1,0,135,108,75,50,24,11,7,4,2,0
26,6,1,1474,1308,112,110,78,51,38,22,11,3,3,2,1,0,154,104,66,42,26,14,7,3,2,1
26,6,2,1474,1296,112,110,78,51,38,22,11,3,3,2,1,0,142,107,68,39,30,17,6,2,2,2
26,6,0,1419,1238,110,117,84,50,29,16,11,9,2,1,1,0,140,103,73,40,25,15,7,3,1,0
26,6,1,1419,1277,110,117,84,50,29,16,11,9,2,1,1,0,147,111,70,43,19,11,8,4,2,1
26,6,2,1419,1243,110,117,84,50,29,16,11,9,2,1,1,0,143,106,60,36,25,14,9,6,1,1
26,6,0,1411,1188,118,122,85,52,29,20,11,5,3,2,0,0,146,107,71,41,20,13,5,3,2,1
26,6,1,1411,1267,118,122,85,52,29,20,11,5,3,2,0,0,149,115,71,39,22,11,9,3,2,1
26,6,2,1411,1281,118,122,85,52,29,20,11,5,3,2,0,0,152,107,65,42,28,17,7,4,1,0
26,6,0,1447,1246,122,111,87,56,35,20,10,4,2,1,1,0,159,99,67,41,23,14,7,4,2,1
26,6,1,1447,1271,122,111,87,56,35,20,10,4,2,1,1,0,150,115,77,41,25,11,4,3,2,1
26,6,2,1447,1381,122,111,87,56,35,20,10,4,2,1,1,0,141,114,73,48,26,14,8,2,1,1
26,6,0,1412,1243,111,118,88,54,31,16,9,6,3,1,1,0,153,110,63,42,25,14,8,1,1,1
26,6,1,1412,1248,111,118,88,54,31,16,9,6,3,1,1,0,149,105,67,37,20,12,7,5,3,1
26,6,2,1412,1217,111,118,88,54,31,16,9,6,3,1,1,0,136,112,79,42,22,10,5,5,1,0
26,6,0,1420,1230,111,111,79,48,33,20,14,8,2,0,0,0,144,102,69,42,27,16,7,2,0,0
26,6,1,1420,1273,111,111,79,48,33,20,14,8,2,0,0,0,143,108,71,42,24,15,9,3,1,0
26,6,2,1420,1227,111,111,79,48,33,20,14,8,2,0,0,0,139,105,64,41,26,13,8,5,1,0
26,6,0,1386,1279,111,117,80,48,27,14,12,7,4,2,0,0,143,101,61,39,22,11,10,5,3,2
26,6,1,1386,1214,111,117,80,48,27,14,12,7,4,2,0,0,140,104,65,36,22,15,9,5,0,0
26,6,2,1386,1196,111,117,80,48,27,14,12,7,4,2,0,0,139,106,68,39,22,13,6,3,3,0
26,6,0,1359,1201,117,111,82,53,28,20,8,5,4,1,0,0,150,105,69,39,22,12,5,4,3,0
26,6,1,1359,1173,117,111,82,53,28,20,8,5,4,1,0,0,141,107,63,38,24,14,6,3,1,1
26,6,2,1359,1167,117,111,82,53,28,20,8,5,4,1,0,0,138,100,69,42,20,12,7,3,1,0
26,6,0,1395,1239,112,118,78,47,31,22,12,8,2,0,0,0,145,109,66,42,24,13,7,5,1,0
26,6,1,1395,1209,112,118,78,47,31,22,12,8,2,0,0,0,143,101,61,38,27,17,8,3,0,0
26,6,2,1395,1235,112,118,78,47,31,22,12,8,2,0,0,0,142,108,73,42,24,14,7,2,1,0
26,6,0,1488,1356,118,115,83,54,32,17,12,5,5,3,0,0,148,108,71,46,23,15,9,4,3,1
26,6,1,1488,1324,118,115,83,54,32,17,12,5,5,3,0,0,152,113,68,37,23,14,8,4,3,2
26,6,2,1488,1331,118,115,83,54,32,17,12,5,5,3,0,0,144,105,72,45,28,13,8,5,2,0
26,6,0,1374,1155,115,112,87,55,32,18,7,4,3,1,1,0,148,111,71,35,18,13,6,2,1,1
26,6,1,1374,1216,115,112,87,55,32,18,7,4,3,1,1,0,140,106,70,42,24,9,5,4,3,0
26,6,2,1374,1228,115,112,87,55,32,18,7,4,3,1,1,0,147,103,67,44,24,12,5,3,1,1
26,6,0,1406,1239,111,109,78,53,38,18,9,5,3,2,0,0,146,98,65,37,27,16,8,3,1,0
26,6,1,1406,1271,111,109,78,53,38,18,9,5,3,2,0,0,139,109,77,45,23,11,5,4,3,1
26,6,2,1406,1221,111,109,78,53,38,18,9,5,3,2,0,0,141,108,64,46,25,10,6,3,1,1
26,6,0,1479,1300,109,119,86,50,29,19,12,10,4,1,0,0,154,111,66,35,25,15,10,6,1,0
26,6,1,1479,1376,109,119,86,50,29,19,12,10,4,1,0,0,140,110,74,43,30,18,7,3,2,1
26,6,2,1479,1307,109,119,86,50,29,19,12,10,4,1,0,0,145,109,71,47,20,13,10,6,2,0
26,6,0,1461,1332,119,111,83,53,28,20,14,6,3,1,1,0,143,109,68,44,24,14,7,4,3,1
26,6,1,1461,1289,119,111,83,53,28,20,14,6,3,1,1,0,147,99,69,42,25,15,9,4,1,1
26,6,2,1461,1278,119,111,83,53,28,20,14,6,3,1,1,0,149,112,72,40,24,16,9,3,1,0
26,6,0,1389,1255,116,110,83,51,35,20,10,5,1,1,1,0,144,109,69,41,26,14,6,2,1,1
26,6,1,1389,1220,116,110,83,51,35,20,10,5,1,1,1,0,142,104,68,42,24,12,6,4,1,1
26,6,2,1389,1166,116,110,83,51,35,20,10,5,1,1,1,0,147,104,70,41,23,12,6,2,1,0
26,6,0,1342,1125,110,120,85,52,30,16,9,5,3,1,0,0,139,110,66,35,22,10,7,3,1,0
26,6,1,1342,1192,110,120,85,52,30,16,9,5,3,1,0,0,143,104,70,41,22,14,6,3,1,0
26,6,2,1342,1156,110,120,85,52,30,16,9,5,3,1,0,0,149,107,65,40,20,10,5,3,2,1
26,6,0,1396,1235,120,116,87,55,29,16,9,4,2,1,1,0,145,107,69,40,22,12,5,3,2,1
26,6,1,1396,1227,120,116,87,55,29,16,9,4,2,1,1,0,144,107,69,41,20,11,7,2,1,1
26,6,2,1396,1192,120,116,87,55,29,16,9,4,2,1,1,0,152,107,67,37,21,11,6,4,2,1
26,6,0,1613,1460,121,117,86,60,38,22,13,7,3,2,1,0,154,121,74,50,28,15,7,4,2,2
26,6,1,1613,1435,121,117,86,60,38,22,13,7,3,2,1,0,155,112,77,46,30,16,10,4,1,1
26,6,2,1613,1486,121,117,86,60,38,22,13,7,3,2,1,0,161,116,81,50,28,17,9,5,3,0
26,6,0,1583,1414,117,118,88,52,37,21,12,9,5,1,0,0,152,115,75,47,26,13,8,7,3,0
26,6,1,1583,1388,117,118,88,52,37,21,12,9,5,1,0,0,153,114,75,45,30,16,9,4,1,0
26,6,2,1583,1443,117,118,88,52,37,21,12,9,5,1,0,0,155,114,75,45,29,19,10,4,2,1
26,6,0,1591,1400,118,121,85,56,33,23,15,6,3,2,1,0,153,114,75,46,30,17,7,3,2,1
26,6,1,1591,1449,118,121,85,56,33,23,15,6,3,2,1,0,156,114,77,49,25,15,10,4,2,1
26,6,2,1591,1448,118,121,85,56,33,23,15,6,3,2,1,0,154,117,72,44,28,18,10,5,2,1
26,6,0,1748,1615,123,120,90,57,36,21,11,7,6,4,2,0,159,110,81,53,31,17,10,7,3,2
26,6,1,1748,1649,123,120,90,57,36,21,11,7,6,4,2,0,164,124,77,46,27,19,11,5,4,2
26,6,2,1748,1620,123,120,90,57,36,21,11,7,6,4,2,0,155,121,77,46,30,16,10,8,6,3
26,6,0,1705,1581,120,122,90,59,37,23,13,8,4,2,2,0,171,114,77,51,28,19,12,6,3,2
26,6,1,1705,1553,120,122,90,59,37,23,13,8,4,2,2,0,163,128,77,42,27,17,10,7,3,1
26,6,2,1705,1677,120,122,90,59,37,23,13,8,4,2,2,0,147,119,85,56,35,17,8,4,3,2
26,6,0,1761,1638,122,123,94,59,36,21,14,9,4,2,1,0,170,124,76,46,28,18,13,7,3,1
26,6,1,1761,1632,122,123,94,59,36,21,14,9,4,2,1,0,164,119,77,46,34,20,8,5,4,3
26,6,2,1761,1663,122,123,94,59,36,21,14,9,4,2,1,0,153,122,89,56,27,15,11,6,2,1
26,6,0,1564,1365,123,121,88,55,32,23,13,8,4,1,0,0,150,112,72,48,30,17,8,3,1,0
26,6,1,1564,1424,123,121,88,55,32,23,13,8,4,1,0,0,162,109,77,48,27,16,8,4,3,1
26,6,2,1564,1356,123,121,88,55,32,23,13,8,4,1,0,0,156,124,75,40,24,16,10,6,1,0
26,6,0,1640,1552,121,121,90,59,37,21,13,6,3,3,1,0,161,118,83,47,26,15,9,3,3,3
26,6,1,1640,1515,121,121,90,59,37,21,13,6,3,3,1,0,160,124,80,48,30,15,10,6,2,1
26,6,2,1640,1477,121,121,90,59,37,21,13,6,3,3,1,0,155,113,71,49,29,18,8,5,3,1
26,6,0,1572,1464,121,123,88,55,34,19,12,7,5,2,1,0,156,115,77,45,30,13,7,6,4,1
26,6,1,1572,1453,121,123,88,55,34,19,12,7,5,2,1,0,149,115,72,50,29,17,10,4,1,1
26,6,2,1572,1395,121,123,88,55,34,19,12,7,5,2,1,0,162,116,74,40,21,16,10,5,3,1
26,6,0,1654,1519,119,121,91,62,38,21,12,8,4,2,1,0,161,120,83,48,29,16,9,5,2,1
26,6,1,1654,1503,119,121,91,62,38,21,12,8,4,2,1,0,157,123,80,53,27,16,10,5,2,1
26,6,2,1654,1467,119,121,91,62,38,21,12,8,4,2,1,0,161,117,76,47,30,16,8,5,3,1
26,6,0,1654,1487,121,122,95,53,32,21,14,9,4,1,1,0,159,113,77,45,30,17,9,6,2,1
26,6,1,1654,1524,121,122,95,53,32,21,14,9,4,1,1,0,158,119,80,48,26,18,10,3,2,1
26,6,2,1654,1485,121,122,95,53,32,21,14,9,4,1,1,0,157,121,74,43,27,16,11,7,3,1
26,6,0,1632,1513,122,119,81,55,34,24,14,6,5,3,1,0,159,112,77,49,28,19,9,5,4,2
26,6,1,1632,1480,122,119,81,55,34,24,14,6,5,3,1,0,154,117,72,46,28,16,10,6,3,1
26,6,2,1632,1472,122,119,81,55,34,24,14,6,5,3,1,0,151,113,74,47,31,18,10,4,2,1
26,6,0,1715,1570,113,127,85,59,37,22,13,8,6,3,1,0,163,119,74,44,28,21,12,6,4,1
26,6,1,1715,1598,113,127,85,59,37,22,13,8,6,3,1,0,154,124,85,51,30,14,8,7,4,2
26,6,2,1715,1566,113,127,85,59,37,22,13,8,6,3,1,0,157,118,75,54,32,18,11,5,2,1
26,6,0,1669,1505,127,119,91,56,37,21,12,7,4,3,2,0,160,122,72,39,30,19,11,5,2,2
26,6,1,1669,1534,127,119,91,56,37,21,12,7,4,3,2,0,153,110,83,54,31,16,7,5,4,1
26,6,2,1669,1522,127,119,91,56,37,21,12,7,4,3,2,0,166,120,78,49,25,14,10,6,3,2
26,6,0,1638,1519,119,113,86,57,34,22,14,10,5,2,0,0,149,113,75,47,31,18,10,6,3,1
26,6,1,1638,1517,119,113,86,57,34,22,14,10,5,2,0,0,156,111,81,51,31,18,10,5,1,1
26,6,2,1638,1470,119,113,86,57,34,22,14,10,5,2,0,0,157,119,74,46,25,17,11,6,3,0
26,6,0,1701,1676,123,116,93,60,31,20,13,7,6,2,2,0,158,115,78,51,30,18,12,7,4,2
26,6,1,1701,1568,123,116,93,60,31,20,13,7,6,2,2,0,163,118,76,44,26,19,10,6,4,2
26,6,2,1701,1617,123,116,93,60,31,20,13,7,6,2,2,0,154,119,82,48,27,15,10,6,4,2
26,6,0,1719,1624,116,118,88,60,40,24,12,7,2,2,2,0,161,126,83,50,27,18,9,4,2,2
26,6,1,1719,1611,116,118,88,60,40,24,12,7,2,2,2,0,153,121,74,49,31,16,10,6,3,2
26,6,2,1719,1590,116,118,88,60,40,24,12,7,2,2,2,0,159,110,82,52,33,17,8,5,3,2
26,6,0,1731,1613,118,123,86,52,36,21,14,9,6,5,1,0,155,120,73,48,31,19,13,8,4,1
26,6,1,1731,1614,118,123,86,52,36,21,14,9,6,5,1,0,152,117,77,48,31,18,11,6,4,2
26,6,2,1731,1656,118,123,86,52,36,21,14,9,6,5,1,0,164,116,80,48,30,19,11,7,4,3
26,6,0,1797,1700,125,129,92,62,37,24,14,8,5,2,1,0,159,128,83,51,34,20,11,6,4,2
26,6,1,1797,1701,125,129,92,62,37,24,14,8,5,2,1,0,165,122,84,56,30,19,11,7,2,1
26,6,2,1797,1648,125,129,92,62,37,24,14,8,5,2,1,0,177,126,80,48,29,17,10,5,4,2
26,6,0,1732,1633,129,126,93,59,38,23,14,7,3,2,2,0,163,117,83,48,29,19,12,5,3,2
26,6,1,1732,1616,129,126,93,59,38,23,14,7,3,2,2,0,169,124,85,51,29,16,9,6,2,1
26,6,2,1732,1556,129,126,93,59,38,23,14,7,3,2,2,0,165,127,74,50,32,17,8,4,3,2
26,6,0,1768,1657,126,125,92,61,37,20,11,7,4,3,1,0,161,118,81,51,30,17,10,7,2,2
26,6,1,1768,1634,126,125,92,61,37,20,11,7,4,3,1,0,168,120,77,50,30,16,9,5,4,1
26,6,2,1768,1706,126,125,92,61,37,20,11,7,4,3,1,0,161,126,81,46,26,16,10,6,5,4
26,6,0,1641,1466,127,119,94,60,38,21,11,6,4,2,1,0,162,118,77,48,25,16,10,4,2,2
26,6,1,1641,1442,127,119,94,60,38,21,11,6,4,2,1,0,166,120,79,44,27,16,8,5,3,0
26,6,2,1641,1444,127,119,94,60,38,21,11,6,4,2,1,0,155,118,81,51,31,13,6,4,2,1
26,6,0,1661,1481,119,117,88,56,37,24,12,7,4,2,1,0,157,117,75,49,28,18,10,4,3,1
26,6,1,1661,1551,119,117,88,56,37,24,12,7,4,2,1,0,157,114,76,47,30,18,9,5,3,2
26,6,2,1661,1535,119,117,88,56,37,24,12,7,4,2,1,0,154,118,81,48,30,15,8,6,2,1
26,6,0,1700,1586,117,127,86,56,33,22,15,8,4,3,2,0,162,118,75,47,24,18,12,5,3,2
26,6,1,1700,1552,117,127,86,56,33,22,15,8,4,3,2,0,157,123,78,46,30,16,11,7,3,2
26,6,2,1700,1536,117,127,86,56,33,22,15,8,4,3,2,0,154,115,76,50,33,20,9,5,3,1
26,6,0,1853,1760,127,125,97,54,35,25,15,8,5,3,2,0,164,124,85,49,31,18,11,6,3,3
26,6,1,1853,1737,127,125,97,54,35,25,15,8,5,3,2,0,169,122,81,51,33,20,13,6,4,2
26,6,2,1853,1743,127,125,97,54,35,25,15,8,5,3,2,0,165,125,80,49,31,22,11,8,5,2
26,6,0,1710,1581,125,123,87,59,37,24,15,8,4,2,1,0,156,120,81,53,29,16,9,7,4,1
26,6,1,1710,1529,125,123,87,59,37,24,15,8,4,2,1,0,165,119,79,51,32,17,9,4,1,1
26,6,2,1710,1532,125,123,87,59,37,24,15,8,4,2,1,0,164,121,77,46,30,21,12,4,2,1
26,6,0,1805,1662,123,127,95,63,38,19,13,10,6,3,1,0,164,123,82,54,30,19,9,6,5,2
26,6,1,1805,1671,123,127,95,63,38,19,13,10,6,3,1,0,169,126,86,49,28,14,11,8,4,2
26,6,2,1805,1707,123,127,95,63,38,19,13,10,6,3,1,0,166,127,81,51,33,20,14,7,2,1
26,6,0,1792,1625,125,138,97,66,39,21,14,8,5,2,1,0,173,132,83,50,32,16,9,7,2,1
26,6,1,1792,1567,125,138,97,66,39,21,14,8,5,2,1,0,172,124,83,55,34,19,9,2,2,2
26,6,2,1792,1610,125,138,97,66,39,21,14,8,5,2,1,0,171,135,87,51,24,16,12,7,4,0
26,6,0,1902,1816,138,129,101,63,40,28,15,9,4,3,1,0,169,134,94,59,34,19,9,6,4,2
26,6,1,1902,1750,138,129,101,63,40,28,15,9,4,3,1,0,184,128,83,54,33,19,13,7,3,2
26,6,2,1902,1717,138,129,101,63,40,28,15,9,4,3,1,0,179,132,88,51,34,23,11,5,2,1
26,6,0,1870,1718,129,125,97,66,44,27,16,8,5,2,1,0,167,133,96,59,32,17,11,6,3,1
26,6,1,1870,1698,129,125,97,66,44,27,16,8,5,2,1,0,174,133,86,57,36,20,9,5,3,1
26,6,2,1870,1692,129,125,97,66,44,27,16,8,5,2,1,0,179,125,84,53,35,22,12,5,2,1
26,6,0,1959,1816,131,124,97,65,43,30,15,9,6,1,1,0,165,136,90,57,38,21,10,6,4,2
26,6,1,1959,1883,131,124,97,65,43,30,15,9,6,1,1,0,174,126,90,61,36,22,12,6,3,1
26,6,2,1959,1806,131,124,97,65,43,30,15,9,6,1,1,0,185,131,89,54,33,21,12,7,3,1
26,6,0,1828,1657,124,132,93,58,41,25,19,10,3,2,1,0,168,124,84,55,33,22,11,4,3,1
26,6,1,1828,1671,124,132,93,58,41,25,19,10,3,2,1,0,169,132,88,51,32,20,13,6,2,1
26,6,2,1828,1646,124,132,93,58,41,25,19,10,3,2,1,0,171,128,80,53,36,18,11,6,1,1
26,6,0,1905,1800,132,131,97,65,37,24,15,9,6,4,1,0,176,127,85,54,31,18,12,8,3,3
26,6,1,1905,1717,132,131,97,65,37,24,15,9,6,4,1,0,175,128,86,54,34,22,13,6,3,1
26,6,2,1905,1814,132,131,97,65,37,24,15,9,6,4,1,0,171,135,88,54,32,20,11,7,6,2
26,6,0,1947,1790,134,127,95,67,43,28,14,8,6,3,2,0,181,132,89,58,34,19,11,6,3,2
26,6,1,1947,1861,134,127,95,67,43,28,14,8,6,3,2,0,175,132,84,56,36,22,12,7,5,2
26,6,2,1947,1858,134,127,95,67,43,28,14,8,6,3,2,0,172,130,94,58,35,21,11,7,4,2
26,6,0,1970,1827,127,131,95,66,46,25,15,8,5,3,1,0,174,132,87,59,36,18,11,6,4,2
26,6,1,1970,1942,127,131,95,66,46,25,15,8,5,3,1,0,181,131,87,55,35,21,14,7,4,3
26,6,2,1970,1934,127,131,95,66,46,25,15,8,5,3,1,0,170,135,93,58,35,21,10,7,4,2
26,6,0,2013,1911,131,134,103,63,38,23,16,11,5,4,3,0,178,138,89,54,30,22,13,8,5,3
26,6,1,2013,1950,131,134,103,63,38,23,16,11,5,4,3,0,178,134,90,53,34,20,14,8,4,3
26,6,2,2013,1985,131,134,103,63,38,23,16,11,5,4,3,0,177,130,89,58,38,22,14,9,5,3
26,6,0,1835,1684,135,127,96,61,39,26,14,8,6,3,1,0,171,128,86,51,29,20,13,8,3,1
26,6,1,1835,1652,135,127,96,61,39,26,14,8,6,3,1,0,172,127,87,53,34,19,9,5,2,1
26,6,2,1835,1657,135,127,96,61,39,26,14,8,6,3,1,0,173,126,81,54,34,19,10,5,5,2
26,6,0,1800,1672,127,124,92,60,42,22,16,10,4,1,1,0,167,118,82,53,36,19,10,7,2,1
26,6,1,1800,1607,127,124,92,60,42,22,16,10,4,1,1,0,168,126,83,54,31,18,11,4,2,1
26,6,2,1800,1628,127,124,92,60,42,22,16,10,4,1,1,0,165,129,84,50,30,18,12,6,3,1
26,6,0,1807,1693,124,135,99,61,31,21,15,11,6,3,1,0,176,126,86,47,27,19,13,9,4,1
26,6,1,1807,1657,124,135,99,61,31,21,15,11,6,3,1,0,171,132,80,49,31,17,10,7,4,2
26,6,2,1807,1655,124,135,99,61,31,21,15,11,6,3,1,0,160,125,82,53,30,21,13,5,2,1
26,6,0,1711,1516,135,125,96,59,35,25,13,6,4,3,1,0,171,120,78,47,30,16,9,4,4,2
26,6,1,1711,1646,135,125,96,59,35,25,13,6,4,3,1,0,170,120,83,50,29,18,11,6,3,2
26,6,2,1711,1582,135,125,96,59,35,25,13,6,4,3,1,0,162,128,82,50,29,19,8,5,2,1
26,6,0,1746,1603,125,123,90,63,42,26,14,6,3,2,2,0,165,124,81,53,33,20,9,3,2,2
26,6,1,1746,1583,125,123,90,63,42,26,14,6,3,2,2,0,169,123,83,52,30,18,10,5,3,1
26,6,2,1746,1568,125,123,90,63,42,26,14,6,3,2,2,0,162,124,84,53,32,15,8,5,2,1
26,6,0,1648,1496,123,135,92,60,35,18,13,10,5,2,0,0,165,127,81,45,26,15,11,6,2,1
26,6,1,1648,1551,123,135,92,60,35,18,13,10,5,2,0,0,161,123,78,49,32,18,11,6,2,0
26,6,2,1648,1447,123,135,92,60,35,18,13,10,5,2,0,0,167,120,76,49,25,15,8,5,3,1
26,6,0,1750,1664,116,133,87,58,37,25,17,8,4,2,1,0,160,125,79,51,33,19,11,7,2,1
26,6,1,1750,1564,116,133,87,58,37,25,17,8,4,2,1,0,165,121,79,52,33,20,8,3,3,2
26,6,2,1750,1672,116,133,87,58,37,25,17,8,4,2,1,0,164,127,82,50,29,19,14,6,3,1
26,6,0,1807,1680,133,123,97,57,38,23,13,7,4,3,2,0,166,123,84,52,33,17,7,4,3,2
26,6,1,1807,1730,133,123,97,57,38,23,13,7,4,3,2,0,170,124,79,49,29,18,13,6,5,3
26,6,2,1807,1684,133,123,97,57,38,23,13,7,4,3,2,0,166,122,83,48,30,19,11,8,3,2
26,6,0,1756,1591,123,116,92,62,37,23,13,10,6,2,1,0,164,119,86,51,29,16,9,7,4,1
26,6,1,1756,1602,123,116,92,62,37,23,13,10,6,2,1,0,162,124,80,53,32,19,12,5,2,1
26,6,2,1756,1591,123,116,92,62,37,23,13,10,6,2,1,0,159,119,80,50,31,20,11,7,3,1
26,6,0,1699,1557,126,124,98,61,36,20,11,8,4,2,1,0,163,122,84,50,24,15,10,5,2,2
26,6,1,1699,1513,126,124,98,61,36,20,11,8,4,2,1,0,165,128,81,45,25,16,10,6,3,1
26,6,2,1699,1530,126,124,98,61,36,20,11,8,4,2,1,0,164,116,77,49,34,16,7,5,3,1
26,6,0,1824,1636,124,125,87,59,41,32,15,8,3,2,2,0,163,125,82,53,35,22,10,5,3,1
26,6,1,1824,1719,124,125,87,59,41,32,15,8,3,2,2,0,166,119,84,58,34,20,10,4,3,2
26,6,2,1824,1771,124,125,87,59,41,32,15,8,3,2,2,0,170,131,84,52,35,21,11,7,2,2
26,6,0,1737,1671,125,126,92,61,41,22,16,7,5,2,1,0,167,116,81,52,33,21,12,4,3,2
26,6,1,1737,1560,125,126,92,61,41,22,16,7,5,2,1,0,174,130,85,50,27,16,10,6,3,1
26,6,2,1737,1534,125,126,92,61,41,22,16,7,5,2,1,0,157,127,81,53,34,16,9,5,2,0
26,6,0,1718,1528,130,128,97,55,37,24,15,10,5,1,0,0,167,126,79,45,27,20,11,5,3,0
26,6,1,1718,1573,130,128,97,55,37,24,15,10,5,1,0,0,166,123,87,49,32,15,9,8,2,1
26,6,2,1718,1541,130,128,97,55,37,24,15,10,5,1,0,0,169,123,78,53,33,20,11,3,1,0
26,6,0,1665,1559,128,127,91,58,37,20,13,6,4,4,1,0,160,120,76,45,31,19,11,6,2,1
26,6,1,1665,1519,128,127,91,58,37,20,13,6,4,4,1,0,161,116,82,54,27,16,7,4,4,2
26,6,2,1665,1459,128,127,91,58,37,20,13,6,4,4,1,0,168,125,76,44,27,13,10,5,3,2
26,6,0,1742,1597,127,130,101,68,38,21,10,8,5,2,1,0,167,129,84,53,29,18,8,5,3,1
26,6,1,1742,1536,127,130,101,68,38,21,10,8,5,2,1,0,171,127,85,52,27,14,9,5,2,2
26,6,2,1742,1524,127,130,101,68,38,21,10,8,5,2,1,0,173,128,85,48,29,15,9,6,3,0
26,6,0,1847,1718,138,124,95,67,45,27,12,7,5,2,1,0,174,127,88,56,32,16,11,6,3,2
26,6,1,1847,1702,138,124,95,67,45,27,12,7,5,2,1,0,177,130,89,54,32,22,11,5,1,1
26,6,2,1847,1640,138,124,95,67,45,27,12,7,5,2,1,0,173,129,85,57,36,17,6,5,5,1
26,6,0,1861,1736,124,133,95,60,39,23,18,10,3,2,1,0,165,131,82,56,33,19,11,7,3,2
26,6,1,1861,1737,124,133,95,60,39,23,18,10,3,2,1,0,172,123,82,52,32,20,13,6,2,1
26,6,2,1861,1721,124,133,95,60,39,23,18,10,3,2,1,0,173,132,89,50,33,20,12,5,3,2
26,6,0,1844,1700,133,138,97,62,34,24,15,7,5,4,2,0,172,126,83,51,29,22,13,6,4,1
26,6,1,1844,1679,133,138,97,62,34,24,15,7,5,4,2,0,181,131,85,49,27,16,10,7,5,3
26,6,2,1844,1659,133,138,97,62,34,24,15,7,5,4,2,0,168,131,82,53,35,19,10,5,2,2
26,6,0,1902,1796,131,124,95,62,40,25,15,10,5,1,1,0,172,125,81,53,34,20,12,7,3,2
26,6,1,1902,1831,131,124,95,62,40,25,15,10,5,1,1,0,173,125,86,53,34,20,12,6,3,1
26,6,2,1902,1832,131,124,95,62,40,25,15,10,5,1,1,0,167,131,90,56,32,20,11,7,4,2
26,6,0,1906,1873,124,130,95,64,38,23,16,9,5,4,1,0,174,128,84,52,31,21,14,7,4,3
26,6,1,1906,1816,124,130,95,64,38,23,16,9,5,4,1,0,174,130,86,53,33,19,12,8,4,2
26,6,2,1906,1775,124,130,95,64,38,23,16,9,5,4,1,0,163,129,87,57,34,20,11,6,4,2
26,6,0,1876,1772,130,131,95,62,38,23,12,8,7,4,2,0,174,131,86,49,30,20,12,8,5,1
26,6,1,1876,1776,130,131,95,62,38,23,12,8,7,4,2,0,167,128,82,55,36,18,9,7,5,3
26,6,2,1876,1752,130,131,95,62,38,23,12,8,7,4,2,0,172,124,84,53,29,19,13,7,4,3
26,6,0,1705,1579,123,124,92,59,39,26,16,6,3,2,1,0,162,123,82,52,31,17,11,4,2,1
26,6,1,1705,1530,123,124,92,59,39,26,16,6,3,2,1,0,168,122,81,50,29,20,10,4,2,1
26,6,2,1705,1516,123,124,92,59,39,26,16,6,3,2,1,0,161,123,81,50,33,17,7,4,2,1
26,6,0,1732,1612,124,129,91,61,40,21,13,9,5,3,1,0,167,127,87,50,32,18,9,6,3,1
26,6,1,1732,1645,124,129,91,61,40,21,13,9,5,3,1,0,161,127,78,55,32,17,11,6,3,1
26,6,2,1732,1529,124,129,91,61,40,21,13,9,5,3,1,0,169,119,79,48,28,17,11,6,3,2
26,6,0,1805,1637,129,123,96,62,38,25,14,8,4,2,2,0,167,121,82,51,30,20,11,7,2,2
26,6,1,1805,1657,129,123,96,62,38,25,14,8,4,2,2,0,168,127,89,51,31,17,10,5,3,1
26,6,2,1805,1692,129,123,96,62,38,25,14,8,4,2,2,0,169,127,81,54,33,19,10,5,4,2
26,6,0,1890,1761,133,128,98,62,41,24,12,8,5,4,3,0,173,130,87,53,33,20,9,7,5,3
26,6,1,1890,1775,133,128,98,62,41,24,12,8,5,4,3,0,171,125,84,56,32,17,11,7,5,3
26,6,2,1890,1818,133,128,98,62,41,24,12,8,5,4,3,0,175,131,87,51,33,20,13,7,3,2
26,6,0,1918,1823,128,126,98,65,38,25,16,10,6,2,1,0,172,118,86,59,36,23,14,6,4,1
26,6,1,1918,1825,128,126,98,65,38,25,16,10,6,2,1,0,184,134,89,52,28,21,12,8,5,3
26,6,2,1918,1793,128,126,98,65,38,25,16,10,6,2,1,0,161,137,88,54,36,18,11,7,2,1
26,6,0,1918,1815,126,133,94,63,42,25,15,8,5,4,2,0,179,136,91,53,32,19,12,5,3,3
26,6,1,1918,1797,126,133,94,63,42,25,15,8,5,4,2,0,173,131,80,54,38,22,12,7,4,2
26,6,2,1918,1809,126,133,94,63,42,25,15,8,5,4,2,0,166,125,88,58,32,19,11,8,5,2
26,6,0,2095,2051,130,125,98,63,43,27,19,11,5,3,2,0,175,136,93,61,37,23,13,6,5,4
26,6,1,2095,2026,130,125,98,63,43,27,19,11,5,3,2,0,178,130,91,58,37,23,15,10,4,3
26,6,2,2095,2035,130,125,98,63,43,27,19,11,5,3,2,0,176,133,90,57,39,24,15,8,4,1
26,6,0,2040,1962,125,135,97,63,40,24,15,10,8,5,2,0,170,133,88,56,36,21,16,8,5,4
26,6,1,2040,2033,125,135,97,63,40,24,15,10,8,5,2,0,177,133,93,58,34,23,16,11,5,1
26,6,2,2040,1996,125,135,97,63,40,24,15,10,8,5,2,0,179,135,85,55,36,22,10,8,7,4
26,6,0,2037,1958,135,130,98,63,39,27,16,10,6,3,3,0,178,132,88,55,37,24,13,8,4,3
26,6,1,2037,1944,135,130,98,63,39,27,16,10,6,3,3,0,174,133,92,58,35,23,14,6,3,2
26,6,2,2037,1942,135,130,98,63,39,27,16,10,6,3,3,0,180,132,87,56,34,20,13,10,7,3
26,6,0,2045,1942,131,135,96,62,41,25,17,11,6,5,3,0,178,132,84,60,35,20,15,10,5,2
26,6,1,2045,1995,131,135,96,62,41,25,17,11,6,5,3,0,181,132,88,51,36,25,15,8,5,4
26,6,2,2045,1975,131,135,96,62,41,25,17,11,6,5,3,0,174,138,95,60,38,23,13,8,5,3
26,6,0,2108,2024,135,135,100,70,39,25,18,13,8,3,1,0,185,143,97,62,35,22,14,8,4,2
26,6,1,2108,2029,135,135,100,70,39,25,18,13,8,3,1,0,184,137,86,60,36,23,15,9,6,2
26,6,2,2108,2022,135,135,100,70,39,25,18,13,8,3,1,0,180,134,96,57,38,25,16,10,4,2
26,6,0,2059,1895,135,131,101,64,45,29,17,9,6,4,2,0,174,137,91,59,40,24,14,6,5,2
26,6,1,2059,1997,135,131,101,64,45,29,17,9,6,4,2,0,186,134,96,60,34,21,14,9,5,3
26,6,2,2059,1914,135,131,101,64,45,29,17,9,6,4,2,0,184,138,91,58,39,23,11,7,3,2
26,6,0,2122,2015,133,133,102,69,43,28,17,11,4,4,2,0,186,137,93,58,39,26,11,7,4,3
26,6,1,2122,2021,133,133,102,69,43,28,17,11,4,4,2,0,175,141,98,63,37,21,13,6,5,3
26,6,2,2122,2111,133,133,102,69,43,28,17,11,4,4,2,0,188,138,92,60,36,22,17,11,4,3
26,6,0,2150,2230,133,130,101,64,42,26,17,11,8,4,3,0,184,133,87,60,39,23,16,10,7,4
26,6,1,2150,2097,133,130,101,64,42,26,17,11,8,4,3,0,180,136,93,55,37,25,16,10,5,3
26,6,2,2150,2157,133,130,101,64,42,26,17,11,8,4,3,0,178,140,99,63,38,24,14,9,6,3
26,6,0,2060,2032,130,133,92,65,44,29,17,8,5,2,1,0,178,140,92,61,36,20,12,7,5,3
26,6,2,2060,2008,130,133,92,65,44,29,17,8,5,2,1,0,174,131,95,56,35,22,13,7,4,2
26,6,0,1706,1590,127,121,97,58,38,23,14,9,3,2,1,0,173,125,85,48,25,16,12,7,3,1
26,6,1,1706,1530,127,121,97,58,38,23,14,9,3,2,1,0,165,123,74,48,35,18,8,5,2,1
26,6,2,1706,1514,127,121,97,58,38,23,14,9,3,2,1,0,155,118,86,52,30,18,9,3,1,1
26,6,0,1746,1572,121,122,89,59,37,25,14,9,5,3,1,0,155,124,82,53,32,18,8,4,3,1
26,6,1,1746,1657,121,122,89,59,37,25,14,9,5,3,1,0,167,117,79,51,33,18,12,6,4,3
26,6,2,1746,1601,121,122,89,59,37,25,14,9,5,3,1,0,163,123,81,49,29,21,12,8,2,0
26,6,0,1739,1633,122,127,88,58,39,25,17,8,4,1,1,0,168,122,86,50,28,20,12,4,3,1
26,6,1,1739,1584,122,127,88,58,39,25,17,8,4,1,1,0,158,133,84,53,30,16,10,7,3,1
26,6,2,1739,1549,122,127,88,58,39,25,17,8,4,1,1,0,165,114,72,51,38,21,10,4,1,1
26,6,0,1677,1531,123,133,94,58,36,21,13,8,6,2,0,0,166,127,79,48,30,15,10,5,3,1
26,6,1,1677,1555,123,133,94,58,36,21,13,8,6,2,0,0,160,125,76,47,29,19,12,7,2,0
26,6,2,1677,1461,123,133,94,58,36,21,13,8,6,2,0,0,168,119,83,49,27,16,7,4,3,1
26,6,0,1735,1547,133,122,94,60,37,23,12,7,4,3,1,0,172,124,83,47,25,16,11,8,2,1
26,6,1,1735,1561,133,122,94,60,37,23,12,7,4,3,1,0,157,126,82,50,32,18,7,4,3,1
26,6,2,1735,1582,133,122,94,60,37,23,12,7,4,3,1,0,168,114,77,51,31,17,10,4,4,3
26,6,0,1715,1546,122,123,91,62,39,22,13,8,4,2,2,0,161,121,77,50,32,20,9,5,2,1
26,6,1,1715,1535,122,123,91,62,39,22,13,8,4,2,2,0,159,118,86,52,27,14,9,6,3,1
26,6,2,1715,1610,122,123,91,62,39,22,13,8,4,2,2,0,168,127,80,50,31,17,11,5,3,2
26,6,0,1771,1628,127,124,96,62,38,23,15,9,5,2,1,0,171,122,89,53,30,18,12,7,2,1
26,6,1,1771,1601,127,124,96,62,38,23,15,9,5,2,1,0,169,133,82,49,30,20,10,4,2,1
26,6,2,1771,1617,127,124,96,62,38,23,15,9,5,2,1,0,162,120,80,53,33,17,10,6,4,1
26,6,0,1703,1495,124,127,92,59,38,23,14,7,4,2,1,0,164,122,76,52,30,18,9,4,2,1
26,6,1,1703,1585,124,127,92,59,38,23,14,7,4,2,1,0,164,120,78,46,29,18,11,6,4,1
26,6,2,1703,1625,124,127,92,59,38,23,14,7,4,2,1,0,164,126,87,51,31,16,9,5,2,2
26,6,0,1805,1748,127,127,91,62,37,25,13,7,4,3,2,0,172,123,79,53,28,20,14,7,4,2
26,6,1,1805,1670,127,127,91,62,37,25,13,7,4,3,2,0,170,128,82,45,30,19,8,6,4,3
26,6,2,1805,1729,127,127,91,62,37,25,13,7,4,3,2,0,158,122,85,57,35,17,9,5,3,2
26,6,0,1849,1724,128,125,95,61,36,24,14,8,7,2,2,0,164,120,82,55,34,19,10,6,4,2
26,6,1,1849,1757,128,125,95,61,36,24,14,8,7,2,2,0,170,125,86,54,28,19,14,7,5,2
26,6,2,1849,1806,128,125,95,61,36,24,14,8,7,2,2,0,170,131,83,47,33,21,11,8,4,2
26,6,0,1834,1763,125,133,92,60,38,24,16,8,3,3,2,0,170,129,87,55,32,18,10,7,4,2
26,6,1,1834,1701,125,133,92,60,38,24,16,8,3,3,2,0,170,127,77,52,32,19,11,5,3,3
26,6,2,1834,1780,125,133,92,60,38,24,16,8,3,3,2,0,166,125,84,49,32,21,13,6,3,2
26,6,0,1900,1813,133,128,99,62,37,22,13,10,7,5,2,0,166,129,87,58,35,19,12,6,4,3
26,6,1,1900,1777,133,128,99,62,37,22,13,10,7,5,2,0,178,126,80,50,29,21,14,9,6,2
26,6,2,1900,1781,133,128,99,62,37,22,13,10,7,5,2,0,174,130,90,50,32,19,11,9,4,2
26,6,0,1969,1909,133,123,94,62,38,29,19,10,6,3,2,0,172,139,90,56,34,26,14,5,4,2
26,6,1,1969,1834,133,123,94,62,38,29,19,10,6,3,2,0,168,125,86,59,35,19,13,10,6,2
26,6,2,1969,1869,133,123,94,62,38,29,19,10,6,3,2,0,180,123,88,55,39,25,14,7,2,2
26,6,0,1920,1879,123,124,90,60,43,24,18,9,6,4,2,0,166,121,84,53,40,24,16,7,3,1
26,6,1,1920,1897,123,124,90,60,43,24,18,9,6,4,2,0,166,131,92,60,34,22,11,7,5,3
26,6,2,1920,1809,123,124,90,60,43,24,18,9,6,4,2,0,172,129,81,54,33,18,13,8,5,3
26,6,0,1978,1927,124,133,93,57,36,25,14,12,7,4,2,0,175,132,83,51,35,21,13,9,3,3
26,6,1,1978,1903,124,133,93,57,36,25,14,12,7,4,2,0,162,128,84,54,36,24,15,7,5,2
26,6,2,1978,1905,124,133,93,57,36,25,14,12,7,4,2,0,172,125,85,54,31,21,13,11,7,3
26,6,0,1948,1845,132,131,99,61,41,26,14,7,4,3,2,0,181,131,86,53,33,19,10,7,5,3
26,6,1,1948,1864,132,131,99,61,41,26,14,7,4,3,2,0,169,133,87,53,32,19,12,7,3,3
26,6,2,1948,1878,132,131,99,61,41,26,14,7,4,3,2,0,173,127,87,55,35,21,11,5,4,2
26,6,0,1886,1744,131,122,94,61,40,24,15,10,5,3,1,0,169,126,81,57,34,21,12,6,3,2
26,6,1,1886,1778,131,122,94,61,40,24,15,10,5,3,1,0,169,122,83,52,32,20,12,8,4,1
26,6,2,1886,1841,131,122,94,61,40,24,15,10,5,3,1,0,170,129,91,52,34,19,12,7,4,3
26,6,0,1896,1780,122,132,94,65,39,22,14,10,6,3,2,0,168,135,85,53,33,19,13,7,4,2
26,6,1,1896,1793,122,132,94,65,39,22,14,10,6,3,2,0,172,127,84,52,32,21,13,8,3,2
26,6,2,1896,1755,122,132,94,65,39,22,14,10,6,3,2,0,170,126,87,57,32,18,10,7,5,2
26,6,0,2161,2134,131,131,99,65,42,27,15,8,6,5,4,0,173,135,95,58,37,23,14,10,5,4
26,6,1,2161,2176,131,131,99,65,42,27,15,8,6,5,4,0,186,136,91,58,36,24,14,7,6,5
26,6,2,2161,2186,131,131,99,65,42,27,15,8,6,5,4,0,178,135,89,60,38,22,14,10,8,4
26,6,1,2144,2139,131,135,93,62,42,26,16,11,7,4,2,0,170,139,87,58,38,23,15,9,6,3
26,6,2,2144,2158,131,135,93,62,42,26,16,11,7,4,2,0,183,126,90,57,39,23,15,10,5,4
26,6,0,2058,2001,135,131,104,67,37,21,16,12,7,4,2,0,184,129,84,55,34,21,14,11,6,3
26,6,1,2058,1974,135,131,104,67,37,21,16,12,7,4,2,0,179,135,97,54,33,21,14,8,5,4
26,6,2,2058,2041,135,131,104,67,37,21,16,12,7,4,2,0,176,140,92,60,35,23,16,9,5,2
26,6,1,2141,2245,129,121,97,67,44,23,13,9,7,6,2,0,176,133,95,60,35,23,14,9,7,4
26,6,2,2141,2154,129,121,97,67,44,23,13,9,7,6,2,0,171,137,90,59,35,20,13,10,7,5
26,6,0,2061,2183,121,140,93,60,39,25,15,10,7,3,3,0,176,137,86,56,35,25,15,10,7,4
26,6,1,2061,2057,121,140,93,60,39,25,15,10,7,3,3,0,174,131,85,53,36,22,13,9,5,4
26,6,2,2061,2102,121,140,93,60,39,25,15,10,7,3,3,0,171,132,89,58,36,21,15,9,6,3
26,6,0,2005,1960,126,132,100,62,41,21,15,10,6,4,2,0,166,130,85,58,37,19,12,7,4,3
26,6,1,2005,1989,126,132,100,62,41,21,15,10,6,4,2,0,186,124,88,52,34,23,15,8,6,3
26,6,2,2005,1949,126,132,100,62,41,21,15,10,6,4,2,0,170,142,91,54,31,19,13,10,5,3
26,6,0,2070,2061,132,136,94,61,35,27,14,11,8,4,3,0,172,136,93,60,31,21,15,9,7,4
26,6,1,2070,2013,132,136,94,61,35,27,14,11,8,4,3,0,181,133,81,52,35,24,16,11,5,3
26,6,2,2070,2046,132,136,94,61,35,27,14,11,8,4,3,0,175,127,86,54,39,25,12,9,6,3
26,6,0,2027,1931,136,126,99,69,44,26,16,8,4,3,3,0,177,131,93,60,37,20,12,7,5,4
26,6,1,2027,2001,136,126,99,69,44,26,16,8,4,3,3,0,179,137,93,60,35,22,14,7,3,3
26,6,2,2027,1917,136,126,99,69,44,26,16,8,4,3,3,0,181,133,89,56,35,21,11,7,5,2
26,6,0,1963,1830,122,135,94,57,41,25,16,12,5,3,3,0,166,138,86,54,36,21,13,8,3,2
26,6,1,1963,1882,122,135,94,57,41,25,16,12,5,3,3,0,170,125,82,57,37,23,15,7,3,2
26,6,2,1963,1871,122,135,94,57,41,25,16,12,5,3,3,0,178,129,89,52,33,21,12,9,6,3
26,6,0,2109,2056,135,126,99,65,39,28,17,11,8,4,1,0,176,127,92,58,37,25,16,9,4,3
26,6,1,2109,2100,135,126,99,65,39,28,17,11,8,4,1,0,184,137,97,59,34,25,15,9,6,1
26,6,2,2109,2040,135,126,99,65,39,28,17,11,8,4,1,0,176,137,86,59,40,22,13,9,6,4
26,6,0,2119,2061,126,122,100,67,45,28,18,8,5,4,3,0,182,132,96,58,35,25,14,10,5,2
26,6,1,2119,2041,126,122,100,67,45,28,18,8,5,4,3,0,174,137,94,62,41,21,11,7,5,4
26,6,2,2119,2054,126,122,100,67,45,28,18,8,5,4,3,0,173,134,91,61,38,23,16,6,5,4
26,6,0,1899,1755,133,121,98,65,41,24,13,8,6,4,2,0,174,125,85,50,30,19,15,9,5,2
26,6,1,1899,1761,133,121,98,65,41,24,13,8,6,4,2,0,176,130,91,53,35,20,8,7,4,2
26,6,2,1899,1813,133,121,98,65,41,24,13,8,6,4,2,0,166,128,86,61,34,19,11,5,4,3
26,6,0,1944,1795,121,140,94,59,37,25,17,12,5,3,2,0,171,140,85,51,35,24,12,6,4,2
26,6,1,1944,1868,121,140,94,59,37,25,17,12,5,3,2,0,166,126,83,58,36,20,13,9,4,3
26,6,2,1944,1826,121,140,94,59,37,25,17,12,5,3,2,0,179,129,87,52,31,21,15,8,3,1
26,6,0,1949,1836,140,133,98,64,37,23,16,9,6,3,2,0,174,125,85,52,32,19,15,8,5,2
26,6,1,1949,1864,140,133,98,64,37,23,16,9,6,3,2,0,181,133,94,56,32,21,12,8,4,3
26,6,2,1949,1839,140,133,98,64,37,23,16,9,6,3,2,0,178,135,81,54,34,21,11,6,4,2
26,6,0,2146,2118,128,124,89,62,44,30,18,10,7,4,1,0,171,135,91,62,40,23,13,8,4,4
26,6,2,2146,2163,128,124,89,62,44,30,18,10,7,4,1,0,175,133,95,60,36,23,14,10,7,3
26,6,0,2047,2051,124,132,90,67,44,24,16,9,6,4,3,0,171,131,93,62,31,19,16,11,7,2
26,6,1,2047,2045,124,132,90,67,44,24,16,9,6,4,3,0,180,137,87,55,37,22,13,9,5,4
26,6,2,2047,1953,124,132,90,67,44,24,16,9,6,4,3,0,171,130,86,59,41,24,12,5,4,4
26,6,0,2057,1941,132,128,103,63,39,27,16,11,6,3,2,0,180,134,94,55,34,26,12,7,4,2
26,6,1,2057,2010,132,128,103,63,39,27,16,11,6,3,2,0,174,136,91,59,35,18,12,8,6,4
26,6,2,2057,2070,132,128,103,63,39,27,16,11,6,3,2,0,179,131,88,56,38,24,17,10,4,2
26,6,0,1791,1566,124,125,94,69,48,24,12,6,5,3,0,0,172,134,86,53,30,14,9,5,3,1
26,6,1,1791,1646,124,125,94,69,48,24,12,6,5,3,0,0,167,126,85,56,36,18,10,5,2,1
26,6,2,1791,1578,124,125,94,69,48,24,12,6,5,3,0,0,171,126,90,58,32,18,7,4,3,1
26,6,0,1782,1623,125,142,98,58,38,25,12,8,4,2,2,0,171,127,80,49,32,17,9,5,3,1
26,6,1,1782,1691,125,142,98,58,38,25,12,8,4,2,2,0,173,131,85,49,31,20,10,6,3,2
26,6,2,1782,1654,125,142,98,58,38,25,12,8,4,2,2,0,171,132,83,52,29,17,10,6,3,2
26,6,0,1812,1574,142,124,101,65,37,23,17,9,4,2,1,0,181,129,89,49,28,19,12,5,2,0
26,6,1,1812,1666,142,124,101,65,37,23,17,9,4,2,1,0,171,130,87,54,31,18,11,6,3,1
26,6,2,1812,1627,142,124,101,65,37,23,17,9,4,2,1,0,173,124,83,55,34,19,10,5,2,2
26,6,0,1859,1672,135,134,92,63,38,26,17,9,5,2,1,0,173,131,89,52,34,19,9,6,3,1
26,6,1,1859,1682,135,134,92,63,38,26,17,9,5,2,1,0,176,128,80,56,34,19,11,5,3,1
26,6,2,1859,1681,135,134,92,63,38,26,17,9,5,2,1,0,173,128,84,53,30,22,14,6,2,1
26,6,0,1836,1552,134,132,105,75,44,25,12,7,4,1,1,0,178,133,90,56,32,17,9,3,2,1
26,6,1,1836,1641,134,132,105,75,44,25,12,7,4,1,1,0,182,139,95,54,31,17,8,6,3,0
26,6,2,1836,1607,134,132,105,75,44,25,12,7,4,1,1,0,180,134,89,59,31,16,8,4,1,1
26,6,0,1798,1596,132,135,103,58,40,24,15,9,4,3,0,0,179,133,82,49,31,18,10,5,2,1
26,6,1,1798,1635,132,135,103,58,40,24,15,9,4,3,0,0,167,130,86,50,33,20,11,5,2,1
26,6,2,1798,1649,132,135,103,58,40,24,15,9,4,3,0,0,177,128,88,54,31,17,10,6,3,1
26,6,0,1874,1818,129,129,101,65,36,24,16,11,6,3,2,0,175,128,94,57,37,19,12,7,4,2
26,6,1,1874,1761,129,129,101,65,36,24,16,11,6,3,2,0,177,134,83,55,32,24,14,7,3,2
26,6,2,1874,1724,129,129,101,65,36,24,16,11,6,3,2,0,170,131,87,51,29,19,12,8,4,1
26,6,0,1925,1768,129,133,95,64,41,28,17,9,6,2,1,0,171,133,93,60,34,15,9,6,3,2
26,6,1,1925,1806,129,133,95,64,41,28,17,9,6,2,1,0,181,131,83,54,37,25,17,6,2,1
26,6,2,1925,1794,129,133,95,64,41,28,17,9,6,2,1,0,174,133,88,55,34,24,10,7,5,1
26,6,0,1863,1688,133,129,91,60,44,26,16,9,4,3,1,0,172,124,88,59,34,18,10,6,3,1
26,6,1,1863,1680,133,129,91,60,44,26,16,9,4,3,1,0,175,134,83,52,30,20,13,6,2,1
26,6,2,1863,1717,133,129,91,60,44,26,16,9,4,3,1,0,169,125,83,52,39,21,10,5,3,2
26,6,0,1868,1793,121,123,88,62,40,22,11,9,6,3,2,0,158,123,81,53,33,17,10,7,5,3
26,6,1,1868,1851,121,123,88,62,40,22,11,9,6,3,2,0,170,119,82,52,31,19,14,8,4,2
26,6,2,1868,1784,121,123,88,62,40,22,11,9,6,3,2,0,162,127,83,53,32,20,10,8,5,3
26,6,0,1802,1739,123,126,92,56,36,22,14,9,5,3,2,0,166,128,85,48,28,18,11,8,6,3
26,6,1,1802,1766,123,126,92,56,36,22,14,9,5,3,2,0,156,128,77,52,35,18,11,7,2,2
26,6,2,1802,1679,123,126,92,56,36,22,14,9,5,3,2,0,168,111,79,49,30,21,13,6,4,2
26,6,0,1787,1639,126,121,93,58,35,24,15,7,5,4,2,0,164,120,78,51,33,21,10,5,4,2
26,6,1,1787,1730,126,121,93,58,35,24,15,7,5,4,2,0,158,121,85,52,28,18,13,8,5,2
26,6,2,1787,1728,126,121,93,58,35,24,15,7,5,4,2,0,169,124,81,48,32,19,11,6,3,3
26,6,0,1866,1823,127,125,90,61,34,22,14,11,6,3,2,0,170,126,87,49,32,18,12,9,5,3
26,6,1,1866,1764,127,125,90,61,34,22,14,11,6,3,2,0,158,124,79,57,34,20,12,7,4,2
26,6,2,1866,1808,127,125,90,61,34,22,14,11,6,3,2,0,169,120,79,49,28,22,14,8,4,2
26,6,0,1856,1702,125,124,95,66,39,26,15,6,5,3,2,0,164,122,86,59,38,16,8,5,4,2
26,6,1,1856,1768,125,124,95,66,39,26,15,6,5,3,2,0,174,127,85,55,30,21,13,5,4,3
26,6,2,1856,1716,125,124,95,66,39,26,15,6,5,3,2,0,169,133,87,49,29,21,11,7,3,1
26,6,0,1865,1771,124,127,94,55,40,22,15,8,3,2,2,0,166,127,87,52,29,17,10,5,4,3
26,6,1,1865,1803,124,127,94,55,40,22,15,8,3,2,2,0,168,125,77,48,32,18,13,8,4,3
26,6,2,1865,1828,124,127,94,55,40,22,15,8,3,2,2,0,162,120,81,51,35,21,11,6,3,2
26,6,0,1782,1708,124,125,96,57,38,23,14,11,5,3,1,0,164,126,82,51,32,18,11,8,3,2
26,6,1,1782,1622,124,125,96,57,38,23,14,11,5,3,1,0,168,119,80,51,33,19,12,5,2,2
26,6,2,1782,1647,124,125,96,57,38,23,14,11,5,3,1,0,165,128,86,50,30,20,11,7,4,0
26,6,0,1817,1691,125,127,90,62,40,26,16,8,4,2,1,0,160,129,90,55,32,18,9,5,3,1
26,6,1,1817,1642,125,127,90,62,40,26,16,8,4,2,1,0,173,123,79,55,34,19,11,5,3,1
26,6,2,1817,1665,125,127,90,62,40,26,16,8,4,2,1,0,169,125,81,50,32,21,12,6,2,2
26,6,0,1825,1704,127,124,93,63,39,26,16,7,5,3,2,0,164,124,91,56,33,19,10,6,4,1
26,6,1,1825,1736,127,124,93,63,39,26,16,7,5,3,2,0,169,131,84,56,31,18,11,6,3,2
26,6,2,1825,1672,127,124,93,63,39,26,16,7,5,3,2,0,172,123,79,49,34,22,12,5,3,2
26,6,0,1840,1625,128,136,99,66,37,23,13,9,6,2,1,0,171,122,87,57,30,17,8,7,5,1
26,6,1,1840,1703,128,136,99,66,37,23,13,9,6,2,1,0,178,138,88,52,30,16,11,6,2,2
26,6,2,1840,1700,128,136,99,66,37,23,13,9,6,2,1,0,172,133,82,49,32,22,13,6,3,1
26,6,0,1750,1599,136,119,97,59,40,26,15,8,4,2,1,0,177,125,85,48,29,19,9,5,3,2
26,6,1,1750,1534,136,119,97,59,40,26,15,8,4,2,1,0,165,126,86,55,31,13,9,6,2,0
26,6,2,1750,1695,136,119,97,59,40,26,15,8,4,2,1,0,165,120,81,52,36,24,12,4,2,1
26,6,0,1754,1578,119,128,86,59,40,23,13,7,5,4,1,0,158,118,72,52,39,20,10,5,3,1
26,6,1,1754,1585,119,128,86,59,40,23,13,7,5,4,1,0,165,117,81,52,28,19,9,6,4,2
26,6,2,1754,1557,119,128,86,59,40,23,13,7,5,4,1,0,162,131,85,48,26,14,11,6,3,2
26,6,0,1853,1752,128,137,101,63,37,24,16,9,6,3,1,0,173,131,86,55,33,21,13,7,3,1
26,6,1,1853,1648,128,137,101,63,37,24,16,9,6,3,1,0,176,130,88,54,31,18,9,6,4,1
26,6,2,1853,1753,128,137,101,63,37,24,16,9,6,3,1,0,176,136,86,50,32,20,13,6,3,2
26,6,0,1877,1787,137,121,97,63,42,28,15,9,5,2,1,0,166,130,91,57,37,20,11,5,2,2
26,6,1,1877,1707,137,121,97,63,42,28,15,9,5,2,1,0,180,122,86,56,34,20,11,6,3,1
26,6,2,1877,1740,137,121,97,63,42,28,15,9,5,2,1,0,175,132,86,53,32,21,11,7,4,1
26,6,0,1938,1861,121,128,90,62,42,25,18,11,5,2,1,0,160,129,89,60,36,19,13,8,3,1
26,6,1,1938,1820,121,128,90,62,42,25,18,11,5,2,1,0,174,129,83,55,36,23,13,6,3,2
26,6,2,1938,1814,121,128,90,62,42,25,18,11,5,2,1,0,173,128,86,53,34,22,13,7,4,2
26,6,0,1687,1504,126,130,99,62,35,22,12,7,5,2,1,0,163,126,81,48,24,15,9,5,3,1
26,6,1,1687,1505,126,130,99,62,35,22,12,7,5,2,1,0,166,125,85,48,29,15,10,5,2,1
26,6,2,1687,1558,126,130,99,62,35,22,12,7,5,2,1,0,172,124,79,50,31,19,8,5,3,1
26,6,0,1874,1737,130,133,91,60,40,30,16,10,3,2,1,0,177,119,84,55,38,22,9,6,3,2
26,6,1,1874,1695,130,133,91,60,40,30,16,10,3,2,1,0,174,133,86,57,32,21,11,4,1,1
26,6,2,1874,1701,130,133,91,60,40,30,16,10,3,2,1,0,166,135,84,51,33,20,13,7,3,1
26,6,0,1923,1811,133,126,99,66,42,20,16,10,6,4,2,0,180,129,89,54,32,18,12,8,5,3
26,6,1,1923,1751,133,126,99,66,42,20,16,10,6,4,2,0,180,131,85,52,35,18,14,9,3,1
26,6,2,1923,1813,133,126,99,66,42,20,16,10,6,4,2,0,164,131,91,60,33,22,12,5,4,2
26,6,0,1980,1872,126,126,96,63,40,25,13,10,7,2,2,0,177,128,87,56,36,20,12,7,4,2
26,6,1,1980,1949,126,126,96,63,40,25,13,10,7,2,2,0,170,133,86,54,34,22,12,8,5,3
26,6,2,1980,1901,126,126,96,63,40,25,13,10,7,2,2,0,166,126,88,55,32,20,13,9,5,2
26,6,1,2034,2054,126,130,93,60,41,29,17,9,4,3,1,0,172,130,87,56,35,23,14,10,5,2
26,6,2,2034,1945,126,130,93,60,41,29,17,9,4,3,1,0,169,132,88,58,37,22,10,6,4,4
26,6,0,2049,2034,130,126,95,64,41,23,16,9,6,5,3,0,177,133,89,56,36,22,15,11,5,3
26,6,1,2049,1979,130,126,95,64,41,23,16,9,6,5,3,0,170,133,87,57,37,24,12,6,5,4
26,6,2,2049,2019,130,126,95,64,41,23,16,9,6,5,3,0,174,125,89,57,33,19,15,9,7,4
26,6,0,2061,1993,137,129,102,63,42,27,18,11,7,3,2,0,181,136,89,56,38,22,15,10,5,1
26,6,1,2061,1953,137,129,102,63,42,27,18,11,7,3,2,0,181,134,94,58,38,23,11,8,5,3
26,6,2,2061,1893,137,129,102,63,42,27,18,11,7,3,2,0,180,135,93,60,35,24,16,6,3,2
26,6,0,2017,1971,129,132,97,66,42,26,17,9,6,3,1,0,175,140,95,56,38,23,12,6,4,1
26,6,1,2017,2004,129,132,97,66,42,26,17,9,6,3,1,0,173,130,87,62,36,21,12,8,6,4
26,6,2,2017,1909,129,132,97,66,42,26,17,9,6,3,1,0,183,132,88,55,33,21,15,8,3,2
26,6,0,2051,1932,132,137,102,66,40,25,16,11,6,4,2,0,171,137,90,61,36,20,13,7,4,3
26,6,1,2051,1989,132,137,102,66,40,25,16,11,6,4,2,0,183,136,94,56,34,23,16,8,5,3
26,6,2,2051,2018,132,137,102,66,40,25,16,11,6,4,2,0,189,138,90,55,36,23,12,10,5,2
26,6,0,1997,1833,136,132,100,66,42,28,16,9,5,3,2,0,182,139,92,55,34,21,12,8,2,2
26,6,1,1997,1840,136,132,100,66,42,28,16,9,5,3,2,0,176,135,88,57,39,24,11,4,3,2
26,6,2,1997,1872,136,132,100,66,42,28,16,9,5,3,2,0,182,130,92,60,33,19,13,8,6,2
26,6,0,2037,1900,132,136,96,69,44,28,18,10,4,3,2,0,181,135,89,63,38,21,12,7,4,2
26,6,1,2037,1926,132,136,96,69,44,28,18,10,4,3,2,0,180,138,90,56,35,24,15,7,3,2
26,6,2,2037,1853,132,136,96,69,44,28,18,10,4,3,2,0,182,138,96,60,37,21,11,6,3,2
26,6,0,1976,1819,136,136,102,65,42,25,15,10,6,2,1,0,186,137,91,53,29,19,13,9,4,2
26,6,1,1976,1843,136,136,102,65,42,25,15,10,6,2,1,0,180,137,89,55,36,19,10,6,3,2
26,6,2,1976,1909,136,136,102,65,42,25,15,10,6,2,1,0,176,132,90,60,38,23,13,6,4,1
26,6,0,2015,1929,139,136,102,65,39,25,17,8,6,3,3,0,182,142,92,56,31,22,12,7,5,3
26,6,1,2015,1958,139,136,102,65,39,25,17,8,6,3,3,0,181,135,90,55,36,21,12,7,4,3
26,6,2,2015,1898,139,136,102,65,39,25,17,8,6,3,3,0,182,129,88,57,36,21,15,8,5,2
26,6,0,1972,1886,136,127,100,66,42,27,14,9,5,3,2,0,173,131,92,56,34,21,12,8,5,3
26,6,1,1972,1858,136,127,100,66,42,27,14,9,5,3,2,0,175,130,91,61,34,17,11,8,3,1
26,6,2,1972,1918,136,127,100,66,42,27,14,9,5,3,2,0,185,136,87,53,36,24,12,5,4,3
26,6,0,2021,1952,127,139,91,64,43,28,19,12,6,4,1,0,179,134,89,58,41,26,14,8,4,2
26,6,1,2021,1830,127,139,91,64,43,28,19,12,6,4,1,0,177,141,92,62,35,22,12,6,3,2
26,6,2,2021,1909,127,139,91,64,43,28,19,12,6,4,1,0,178,132,87,57,37,22,16,9,4,1
26,6,0,2039,1859,130,137,105,68,39,23,17,12,6,3,2,0,181,138,89,55,35,21,15,9,4,2
26,6,1,2039,1999,130,137,105,68,39,23,17,12,6,3,2,0,179,134,96,59,34,24,14,8,4,2
26,6,2,2039,1964,130,137,105,68,39,23,17,12,6,3,2,0,184,142,92,58,35,20,13,8,5,3
26,6,0,2088,2113,137,126,99,63,43,32,16,12,8,5,2,0,182,131,92,64,41,28,15,9,4,4
26,6,1,2088,1942,137,126,99,63,43,32,16,12,8,5,2,0,184,137,94,58,36,25,15,9,4,1
26,6,2,2088,2018,137,126,99,63,43,32,16,12,8,5,2,0,177,138,94,59,41,22,13,9,7,2
26,6,0,2067,1934,126,130,91,65,48,28,19,10,7,4,2,0,172,142,90,61,37,22,16,9,5,1
26,6,1,2067,1940,126,130,91,65,48,28,19,10,7,4,2,0,179,127,89,60,41,24,14,8,4,2
26,6,2,2067,1939,126,130,91,65,48,28,19,10,7,4,2,0,179,135,95,62,40,24,12,6,4,3
26,6,0,1881,1704,132,141,104,64,41,22,14,10,5,3,2,0,181,135,88,52,29,19,11,6,3,1
26,6,1,1881,1753,132,141,104,64,41,22,14,10,5,3,2,0,177,134,89,55,32,18,11,6,4,2
26,6,2,1881,1788,132,141,104,64,41,22,14,10,5,3,2,0,180,137,88,54,36,19,12,8,3,2
26,6,0,1911,1833,141,131,101,64,40,26,15,10,7,4,0,0,179,132,83,59,38,21,11,6,5,3
26,6,1,1911,1705,141,131,101,64,40,26,15,10,7,4,0,0,181,133,88,52,31,22,13,7,2,1
26,6,2,1911,1775,141,131,101,64,40,26,15,10,7,4,0,0,179,133,96,55,33,19,12,8,4,0
26,6,0,1949,1783,131,132,100,68,42,26,15,7,5,3,2,0,182,135,92,52,31,19,12,6,5,3
26,6,1,1949,1792,131,132,100,68,42,26,15,7,5,3,2,0,179,132,89,58,35,20,11,7,3,1
26,6,2,1949,1829,131,132,100,68,42,26,15,7,5,3,2,0,171,134,88,59,35,20,10,5,3,2
26,6,0,2077,1943,134,128,102,70,46,27,18,9,6,4,2,0,177,137,103,66,39,20,11,7,4,2
26,6,1,2077,2007,134,128,102,70,46,27,18,9,6,4,2,0,185,140,90,63,38,23,13,7,6,3
26,6,2,2077,1947,134,128,102,70,46,27,18,9,6,4,2,0,185,136,92,54,36,24,16,8,3,2
26,6,0,2060,1913,128,140,101,64,41,27,17,11,5,2,2,0,183,134,92,61,35,23,13,5,4,2
26,6,1,2060,2019,128,140,101,64,41,27,17,11,5,2,2,0,179,146,92,53,31,20,15,10,5,3
26,6,2,2060,2004,128,140,101,64,41,27,17,11,5,2,2,0,179,133,89,58,42,24,12,8,3,2
26,6,0,2067,1924,140,134,100,67,43,30,18,10,5,3,1,0,191,136,88,58,40,22,14,6,3,3
26,6,1,2067,1977,140,134,100,67,43,30,18,10,5,3,1,0,181,137,92,60,37,27,13,6,3,1
26,6,2,2067,1983,140,134,100,67,43,30,18,10,5,3,1,0,181,140,99,61,35,20,12,9,5,2
26,6,0,1872,1683,129,137,93,61,42,29,19,9,3,1,1,0,177,126,89,56,33,19,9,5,2,1
26,6,1,1872,1749,129,137,93,61,42,29,19,9,3,1,1,0,175,136,87,57,38,20,11,5,3,1
26,6,2,1872,1741,129,137,93,61,42,29,19,9,3,1,1,0,173,134,83,53,34,24,14,5,1,1
26,6,0,1848,1690,137,132,102,67,38,22,16,10,5,2,1,0,178,134,88,56,34,18,10,6,3,1
26,6,1,1848,1656,137,132,102,67,38,22,16,10,5,2,1,0,177,131,88,54,28,18,11,6,2,1
26,6,2,1848,1696,137,132,102,67,38,22,16,10,5,2,1,0,177,130,87,51,32,20,13,6,3,1
26,6,0,1888,1705,132,129,101,64,44,28,13,8,5,3,1,0,173,131,89,56,37,16,10,4,3,3
26,6,1,1888,1707,132,129,101,64,44,28,13,8,5,3,1,0,177,130,88,57,33,22,12,7,2,0
26,6,2,1888,1724,132,129,101,64,44,28,13,8,5,3,1,0,178,135,90,53,32,20,8,6,4,1
26,6,0,1983,1812,133,132,99,71,43,22,15,9,6,6,2,0,181,133,90,58,34,21,12,7,4,2
26,6,1,1983,1848,133,132,99,71,43,22,15,9,6,6,2,0,174,138,93,58,33,18,13,9,5,2
26,6,2,1983,1940,133,132,99,71,43,22,15,9,6,6,2,0,183,134,90,58,36,21,13,7,5,4
26,6,0,2079,1981,132,136,103,68,42,26,14,12,9,3,2,0,183,142,89,58,37,23,15,10,4,1
26,6,1,2079,1961,132,136,103,68,42,26,14,12,9,3,2,0,180,135,97,58,36,24,12,8,5,2
26,6,2,2079,2005,132,136,103,68,42,26,14,12,9,3,2,0,185,139,94,61,36,20,14,9,6,3
26,6,0,2052,1972,136,133,95,59,42,31,21,11,5,2,1,0,175,136,89,59,42,25,14,7,2,1
26,6,1,2052,1939,136,133,95,59,42,31,21,11,5,2,1,0,179,129,87,60,36,26,15,6,4,2
26,6,2,2052,1912,136,133,95,59,42,31,21,11,5,2,1,0,184,137,93,55,37,22,13,8,4,2
26,6,0,1725,1589,124,126,91,61,38,23,13,7,4,2,2,0,160,118,76,54,30,16,8,5,4,1
26,6,1,1725,1597,124,126,91,61,38,23,13,7,4,2,2,0,168,122,84,47,31,17,10,5,3,2
26,6,2,1725,1628,124,126,91,61,38,23,13,7,4,2,2,0,164,128,82,50,29,19,11,6,2,2
26,6,0,1804,1617,126,124,94,60,38,26,14,10,5,2,1,0,172,130,86,52,29,17,10,6,4,1
26,6,1,1804,1660,126,124,94,60,38,26,14,10,5,2,1,0,162,126,81,51,34,19,10,7,2,1
26,6,2,1804,1643,126,124,94,60,38,26,14,10,5,2,1,0,166,118,83,53,33,22,12,5,2,1
26,6,0,1737,1547,124,124,93,56,37,22,16,9,5,3,0,0,158,121,78,52,35,17,10,4,3,1
26,6,1,1737,1595,124,124,93,56,37,22,16,9,5,3,0,0,163,118,80,50,29,19,12,7,3,1
26,6,2,1737,1560,124,124,93,56,37,22,16,9,5,3,0,0,168,126,83,46,28,19,11,6,2,1
26,6,0,1660,1441,123,125,90,56,35,23,14,8,4,2,1,0,157,115,79,52,29,16,9,4,2,1
26,6,1,1660,1428,123,125,90,56,35,23,14,8,4,2,1,0,165,121,78,45,27,17,11,5,2,0
26,6,2,1660,1586,123,125,90,56,35,23,14,8,4,2,1,0,159,122,76,46,31,19,9,6,3,2
26,6,0,1594,1428,125,125,90,57,37,21,11,7,5,2,0,0,160,120,78,51,30,13,7,5,2,1
26,6,1,1594,1380,125,125,90,57,37,21,11,7,5,2,0,0,161,118,71,44,27,18,10,4,1,0
26,6,2,1594,1460,125,125,90,57,37,21,11,7,5,2,0,0,159,117,81,45,26,15,8,5,4,1
26,6,0,1600,1397,125,123,92,61,35,22,13,7,3,1,0,0,160,116,77,50,27,14,9,5,1,0
26,6,1,1600,1372,125,123,92,61,35,22,13,7,3,1,0,0,167,120,77,42,24,18,9,4,1,0
26,6,2,1600,1399,125,123,92,61,35,22,13,7,3,1,0,0,155,121,80,50,30,14,6,2,2,1
26,6,0,1731,1532,127,123,92,61,38,20,13,10,5,2,1,0,165,128,80,49,28,15,11,5,1,1
26,6,1,1731,1626,127,123,92,61,38,20,13,10,5,2,1,0,161,117,78,50,33,17,12,7,4,1
26,6,2,1731,1680,127,123,92,61,38,20,13,10,5,2,1,0,167,121,85,52,29,20,9,7,4,2
26,6,0,1749,1559,123,125,94,59,36,23,15,9,5,3,1,0,166,117,80,51,31,19,11,6,3,0
26,6,1,1749,1665,123,125,94,59,36,23,15,9,5,3,1,0,167,129,85,49,30,19,11,5,3,2
26,6,2,1749,1636,123,125,94,59,36,23,15,9,5,3,1,0,160,124,80,51,31,18,11,7,3,2
26,6,0,1768,1613,125,127,91,61,39,25,15,6,4,3,2,0,170,132,81,48,29,19,8,6,3,2
26,6,1,1768,1624,125,127,91,61,39,25,15,6,4,3,2,0,159,121,81,52,34,17,10,4,3,2
26,6,2,1768,1627,125,127,91,61,39,25,15,6,4,3,2,0,169,120,84,55,31,19,12,5,3,1
26,6,0,1953,1850,135,128,99,59,36,26,16,11,6,3,1,0,177,124,90,53,34,19,12,8,5,2
26,6,1,1953,1841,135,128,99,59,36,26,16,11,6,3,1,0,177,134,85,54,34,24,14,7,3,2
26,6,2,1953,1868,135,128,99,59,36,26,16,11,6,3,1,0,168,129,84,53,33,22,13,8,4,2
26,6,0,1899,1779,128,124,94,63,43,25,16,7,4,3,3,0,169,131,85,57,36,20,11,6,4,2
26,6,1,1899,1821,128,124,94,63,43,25,16,7,4,3,3,0,171,125,85,53,31,20,13,7,4,3
26,6,2,1899,1734,128,124,94,63,43,25,16,7,4,3,3,0,171,127,89,55,35,19,10,5,3,2
26,6,0,1885,1788,124,135,95,63,39,23,13,9,5,2,1,0,172,127,84,52,30,19,14,6,3,2
26,6,1,1885,1839,124,135,95,63,39,23,13,9,5,2,1,0,171,132,85,51,32,20,10,8,5,2
26,6,2,1885,1772,124,135,95,63,39,23,13,9,5,2,1,0,169,129,84,55,33,17,9,6,3,2
26,6,0,1920,1742,130,136,98,61,42,25,14,9,6,3,2,0,172,133,85,55,36,21,10,5,4,2
26,6,1,1920,1806,130,136,98,61,42,25,14,9,6,3,2,0,173,132,89,55,31,19,13,7,5,3
26,6,2,1920,1837,130,136,98,61,42,25,14,9,6,3,2,0,182,132,87,53,35,20,12,9,3,1
26,6,0,1949,1865,136,130,100,63,36,25,18,9,4,2,2,0,182,131,85,50,31,21,13,6,5,2
26,6,1,1949,1861,136,130,100,63,36,25,18,9,4,2,2,0,169,135,93,55,34,22,13,7,4,3
26,6,2,1949,1831,136,130,100,63,36,25,18,9,4,2,2,0,177,126,84,57,34,20,12,7,2,2
26,6,0,1951,1819,130,130,95,69,43,24,13,9,6,5,2,0,174,134,83,56,38,19,10,7,4,3
26,6,1,1951,1840,130,130,95,69,43,24,13,9,6,5,2,0,171,124,89,60,34,22,13,7,4,2
26,6,2,1951,1794,130,130,95,69,43,24,13,9,6,5,2,0,181,138,94,55,30,18,12,8,5,2
26,6,0,2040,1937,127,132,95,67,46,30,17,7,4,3,2,0,180,133,92,60,37,21,10,6,4,3
26,6,1,2040,1974,127,132,95,67,46,30,17,7,4,3,2,0,177,136,93,59,37,21,14,7,4,2
26,6,2,2040,1965,127,132,95,67,46,30,17,7,4,3,2,0,176,137,89,60,38,24,12,6,4,3
26,6,0,1883,1718,132,134,103,61,40,22,15,10,5,3,2,0,174,131,89,53,34,19,11,8,3,1
26,6,1,1883,1729,132,134,103,61,40,22,15,10,5,3,2,0,178,130,84,55,31,18,12,6,3,2
26,6,2,1883,1737,132,134,103,61,40,22,15,10,5,3,2,0,175,134,88,50,32,20,12,6,4,2
26,6,0,1871,1840,134,127,95,66,37,25,15,10,7,3,1,0,167,133,86,58,36,24,12,7,2,2
26,6,1,1871,1710,134,127,95,66,37,25,15,10,7,3,1,0,178,126,85,53,29,21,12,6,5,1
26,6,2,1871,1825,134,127,95,66,37,25,15,10,7,3,1,0,176,128,89,54,34,17,13,9,5,2
26,6,0,1754,1618,130,119,93,63,37,23,13,8,5,3,1,0,165,122,81,49,27,18,11,6,5,2
26,6,1,1754,1575,130,119,93,63,37,23,13,8,5,3,1,0,159,121,86,55,32,15,9,6,2,1
26,6,2,1754,1590,130,119,93,63,37,23,13,8,5,3,1,0,171,122,79,49,31,20,10,5,2,1
26,6,0,1762,1705,119,128,92,56,41,24,14,8,5,2,1,0,163,122,82,50,36,20,8,5,4,2
26,6,1,1762,1564,119,128,92,56,41,24,14,8,5,2,1,0,163,123,84,54,31,17,10,5,2,1
26,6,2,1762,1631,119,128,92,56,41,24,14,8,5,2,1,0,165,127,78,48,29,18,13,7,3,1
26,6,0,1762,1643,128,130,91,55,32,22,14,9,4,2,2,0,156,122,78,48,28,16,11,7,4,2
26,6,1,1762,1642,128,130,91,55,32,22,14,9,4,2,2,0,169,115,77,47,31,18,12,8,3,1
26,6,2,1762,1627,128,130,91,55,32,22,14,9,4,2,2,0,166,126,78,47,28,21,10,4,3,3
26,6,0,1754,1647,127,126,92,57,37,25,13,7,6,4,1,0,162,119,83,48,35,21,10,6,3,2
26,6,1,1754,1545,127,126,92,57,37,25,13,7,6,4,1,0,165,120,82,57,28,17,10,6,3,0
26,6,2,1754,1673,127,126,92,57,37,25,13,7,6,4,1,0,168,129,77,45,30,18,11,6,5,3
26,6,0,1785,1666,126,124,88,59,39,24,14,9,4,2,2,0,155,117,78,56,35,20,11,6,2,2
26,6,1,1785,1630,126,124,88,59,39,24,14,9,4,2,2,0,178,118,81,48,29,20,12,5,2,1
26,6,2,1785,1669,126,124,88,59,39,24,14,9,4,2,2,0,159,131,83,50,31,16,9,7,5,2
26,6,0,1760,1580,124,127,95,65,36,17,13,10,6,3,1,0,164,126,88,54,25,14,11,8,3,1
26,6,1,1760,1578,124,127,95,65,36,17,13,10,6,3,1,0,173,124,74,46,32,19,12,6,3,1
26,6,2,1760,1643,124,127,95,65,36,17,13,10,6,3,1,0,160,123,84,51,29,17,10,6,4,2
26,6,0,1668,1500,130,121,94,57,37,23,15,7,4,2,0,0,161,124,77,47,28,17,11,5,2,1
26,6,1,1668,1466,130,121,94,57,37,23,15,7,4,2,0,0,165,116,79,49,31,16,8,4,2,1
26,6,2,1668,1494,130,121,94,57,37,23,15,7,4,2,0,0,164,120,83,49,29,18,9,4,2,0
26,6,0,1741,1602,121,118,94,60,36,22,13,7,4,4,2,0,161,121,82,48,29,17,9,4,4,2
26,6,1,1741,1687,121,118,94,60,36,22,13,7,4,4,2,0,159,122,81,53,32,16,11,6,5,3
26,6,2,1741,1669,121,118,94,60,36,22,13,7,4,4,2,0,162,118,80,48,28,20,11,8,2,2
26,6,0,1695,1528,118,130,87,57,35,23,14,9,6,2,1,0,163,121,78,48,28,17,9,6,3,1
26,6,1,1695,1600,118,130,87,57,35,23,14,9,6,2,1,0,157,123,80,50,32,16,11,6,3,1
26,6,2,1695,1609,118,130,87,57,35,23,14,9,6,2,1,0,162,120,76,49,30,22,12,6,3,1
26,7,0,2036,2526,0,192,142,93,58,36,24,17,10,4,2,190,197,137,86,54,30,19,12,6,4,1
26,7,1,2036,2352,0,192,142,93,58,36,24,17,10,4,2,193,190,124,85,51,32,20,11,5,2,1
26,7,2,2036,2453,0,192,142,93,58,36,24,17,10,4,2,197,193,127,75,48,33,20,12,7,2,2
26,7,0,2021,2314,0,190,145,100,60,37,25,14,8,4,2,200,195,129,83,49,31,19,9,5,2,1
26,7,1,2021,2392,0,190,145,100,60,37,25,14,8,4,2,191,200,127,78,51,33,19,10,5,3,1
26,7,2,2021,2332,0,190,145,100,60,37,25,14,8,4,2,195,191,140,90,51,27,16,10,5,2,1
26,7,0,2064,2515,0,192,147,96,63,37,22,13,8,6,2,193,194,133,80,55,32,18,10,7,3,1
26,7,1,2064,2535,0,192,147,96,63,37,22,13,8,6,2,202,193,137,91,52,30,16,11,7,4,2
26,7,2,2064,2437,0,192,147,96,63,37,22,13,8,6,2,194,202,127,79,47,29,20,11,5,4,2
26,7,0,2006,2302,0,197,139,93,65,40,24,12,8,4,2,195,195,132,85,49,28,16,9,5,2,1
26,7,1,2006,2404,0,197,139,93,65,40,24,12,8,4,2,196,195,128,86,53,28,19,10,6,3,1
26,7,2,2006,2424,0,197,139,93,65,40,24,12,8,4,2,195,196,129,79,55,36,17,9,5,3,2
26,7,0,2049,2385,0,196,145,97,60,38,25,13,6,4,3,197,206,132,85,47,28,16,8,6,4,3
26,7,1,2049,2396,0,196,145,97,60,38,25,13,6,4,3,186,197,128,79,51,32,20,10,4,3,1
26,7,2,2049,2376,0,196,145,97,60,38,25,13,6,4,3,206,186,133,84,53,31,17,10,5,2,1
26,7,0,2041,2332,0,185,149,104,63,39,21,15,8,5,2,201,195,138,87,48,29,17,11,4,2,1
26,7,1,2041,2343,0,185,149,104,63,39,21,15,8,5,2,195,201,136,84,53,31,17,8,4,3,1
26,7,2,2041,2377,0,185,149,104,63,39,21,15,8,5,2,195,195,132,86,52,30,17,11,7,2,0
26,7,0,1999,2412,0,192,145,97,59,34,21,15,10,5,2,192,191,128,79,55,31,19,11,5,2,1
26,7,1,1999,2339,0,192,145,97,59,34,21,15,10,5,2,198,192,135,85,47,31,16,10,6,3,1
26,7,2,1999,2327,0,192,145,97,59,34,21,15,10,5,2,191,198,126,80,45,26,19,12,7,3,1
26,7,0,1977,2393,0,191,140,89,57,41,22,14,9,4,2,194,183,125,80,52,38,21,9,4,2,1
26,7,1,1977,2285,0,191,140,89,57,41,22,14,9,4,2,194,194,128,78,44,28,16,12,8,2,1
26,7,2,1977,2432,0,191,140,89,57,41,22,14,9,4,2,183,194,127,82,55,28,16,10,5,4,2
26,7,0,1991,2298,0,180,139,98,63,39,27,14,6,3,2,186,194,128,84,53,34,16,7,4,2,1
26,7,1,1991,2266,0,180,139,98,63,39,27,14,6,3,2,192,186,136,89,49,24,16,11,6,2,0
26,7,2,1991,2340,0,180,139,98,63,39,27,14,6,3,2,194,192,128,80,53,34,21,8,2,2,2
26,7,0,2356,2831,0,196,152,110,67,43,30,15,10,6,3,211,221,149,90,56,37,26,14,8,3,1
26,7,1,2356,2826,0,196,152,110,67,43,30,15,10,6,3,203,211,143,95,62,38,20,14,6,4,3
26,7,2,2356,2810,0,196,152,110,67,43,30,15,10,6,3,221,203,147,102,59,35,21,9,8,5,2
26,7,0,2360,2946,0,206,151,102,71,42,23,16,10,7,4,214,209,147,97,59,35,20,13,9,6,3
26,7,1,2360,2871,0,206,151,102,71,42,23,16,10,7,4,213,214,141,93,57,32,22,14,9,5,1
26,7,2,2360,2897,0,206,151,102,71,42,23,16,10,7,4,209,213,142,89,61,39,22,14,7,4,4
26,7,0,2471,3057,0,200,153,98,60,44,31,23,13,6,2,209,206,136,99,61,40,27,15,8,5,3
26,7,1,2471,3116,0,200,153,98,60,44,31,23,13,6,2,219,209,145,86,59,43,28,18,8,3,1
26,7,2,2471,3080,0,200,153,98,60,44,31,23,13,6,2,206,219,153,96,63,40,24,15,9,4,2
26,7,0,2409,3009,0,201,152,103,67,39,25,18,11,7,3,212,203,143,91,59,38,24,14,8,5,3
26,7,1,2409,2984,0,201,152,103,67,39,25,18,11,7,3,216,212,150,97,58,34,21,15,10,5,2
26,7,2,2409,3024,0,201,152,103,67,39,25,18,11,7,3,203,216,137,90,58,36,24,15,8,5,3
26,7,0,2380,2917,0,196,150,96,64,43,27,17,11,5,4,206,207,139,93,61,36,22,13,8,5,3
26,7,1,2380,3028,0,196,150,96,64,43,27,17,11,5,4,206,206,141,90,57,39,25,15,10,5,4
26,7,2,2380,3005,0,196,150,96,64,43,27,17,11,5,4,207,206,143,90,59,38,23,15,8,5,3
26,7,0,2479,3020,0,207,150,103,66,44,25,17,13,7,6,219,215,150,95,57,39,25,15,10,6,3
26,7,1,2479,3080,0,207,150,103,66,44,25,17,13,7,6,208,219,145,94,60,40,24,16,10,5,4
26,7,2,2479,3050,0,207,150,103,66,44,25,17,13,7,6,215,208,140,96,65,37,23,16,10,6,3
26,7,0,2388,2861,0,197,156,102,66,46,32,18,9,5,4,213,212,145,95,60,39,25,12,6,3,2
26,7,1,2388,2944,0,197,156,102,66,46,32,18,9,5,4,213,213,153,90,61,39,23,14,8,3,3
26,7,2,2388,2865,0,197,156,102,66,46,32,18,9,5,4,212,213,143,100,62,39,23,13,7,6,2
26,7,0,2432,3036,0,196,150,105,69,37,25,18,13,9,3,202,212,142,98,63,36,23,14,9,5,3
26,7,1,2432,2987,0,196,150,105,69,37,25,18,13,9,3,215,202,144,92,58,38,25,16,11,6,2
26,7,2,2432,2935,0,196,150,105,69,37,25,18,13,9,3,212,215,147,93,57,35,24,17,9,5,2
26,7,0,2290,2727,0,196,146,100,68,46,29,18,10,4,2,200,210,139,93,60,39,21,10,6,3,1
26,7,1,2290,2773,0,196,146,100,68,46,29,18,10,4,2,212,200,140,94,60,36,22,13,8,3,2
26,7,2,2290,2800,0,196,146,100,68,46,29,18,10,4,2,210,212,147,93,60,37,23,14,5,3,2
26,7,0,2282,2744,0,202,148,106,68,43,27,14,10,8,4,208,214,148,93,58,36,20,13,7,5,2
26,7,1,2282,2682,0,202,148,106,68,43,27,14,10,8,4,209,208,140,97,59,35,20,11,7,3,1
26,7,2,2282,2786,0,202,148,106,68,43,27,14,10,8,4,214,209,141,91,58,36,24,13,9,5,2
26,7,0,2237,2633,0,198,156,102,66,41,26,18,10,5,3,212,210,143,89,55,35,22,14,5,2,1
26,7,1,2237,2612,0,198,156,102,66,41,26,18,10,5,3,204,212,143,88,55,36,19,10,8,3,2
26,7,2,2237,2703,0,198,156,102,66,41,26,18,10,5,3,210,204,142,95,60,33,22,13,6,4,1
26,7,0,2418,2966,0,196,149,104,69,43,26,17,10,6,2,209,209,151,98,61,35,18,14,9,6,3
26,7,1,2418,3015,0,196,149,104,69,43,26,17,10,6,2,210,209,139,97,60,37,25,12,6,4,2
26,7,2,2418,2993,0,196,149,104,69,43,26,17,10,6,2,209,210,142,88,58,38,24,15,9,4,3
26,7,0,2410,2935,0,201,148,100,67,45,26,18,10,8,5,210,212,143,93,57,35,24,17,9,5,3
26,7,1,2410,2949,0,201,148,100,67,45,26,18,10,8,5,209,210,140,92,67,41,22,11,7,6,4
26,7,2,2410,2963,0,201,148,100,67,45,26,18,10,8,5,212,209,147,97,58,39,24,16,10,5,1
26,7,0,2406,3057,0,193,151,101,65,43,29,17,12,6,4,204,212,144,94,60,35,25,17,9,5,3
26,7,1,2406,2905,0,193,151,101,65,43,29,17,12,6,4,209,204,141,95,61,42,26,12,6,4,3
26,7,2,2406,2936,0,193,151,101,65,43,29,17,12,6,4,212,209,147,92,59,38,21,14,11,5,2
26,7,0,2323,2930,0,197,148,107,67,42,23,13,11,7,5,213,209,145,92,54,39,22,15,8,4,3
26,7,1,2323,2814,0,197,148,107,67,42,23,13,11,7,5,202,213,141,91,60,33,17,12,10,6,3
26,7,2,2323,2886,0,197,148,107,67,42,23,13,11,7,5,209,202,141,96,58,33,24,13,9,6,3
26,7,0,2380,2919,0,201,153,98,67,43,27,19,8,6,5,217,202,144,91,61,35,23,15,9,6,3
26,7,1,2380,2884,0,201,153,98,67,43,27,19,8,6,5,212,217,149,91,61,40,22,14,7,5,2
26,7,2,2380,2897,0,201,153,98,67,43,27,19,8,6,5,202,212,137,95,57,37,24,13,7,4,4
26,7,0,2383,3003,0,196,150,100,62,39,29,18,14,8,3,206,198,138,91,59,40,29,16,9,5,2
26,7,1,2383,2982,0,196,150,100,62,39,29,18,14,8,3,218,206,148,92,56,39,24,16,10,4,1
26,7,2,2383,2876,0,196,150,100,62,39,29,18,14,8,3,198,218,140,93,61,35,22,14,9,5,3
26,7,0,2225,2740,0,196,155,99,65,39,26,17,9,5,3,210,204,138,92,58,37,21,11,6,4,2
26,7,1,2225,2610,0,196,155,99,65,39,26,17,9,5,3,203,210,141,84,53,34,22,13,6,4,2
26,7,2,2225,2709,0,196,155,99,65,39,26,17,9,5,3,204,203,142,90,56,31,20,13,8,3,2
26,7,0,2266,2738,0,206,146,108,63,41,26,17,10,6,3,212,206,137,92,60,41,23,12,7,2,1
26,7,1,2266,2719,0,206,146,108,63,41,26,17,10,6,3,210,212,144,93,54,33,18,13,9,5,2
26,7,2,2266,2687,0,206,146,108,63,41,26,17,10,6,3,206,210,141,91,54,31,23,13,5,4,2
26,7,0,2304,2713,0,206,153,105,72,43,25,13,9,7,4,208,210,145,93,61,36,19,10,8,4,1
26,7,1,2304,2766,0,206,153,105,72,43,25,13,9,7,4,221,208,148,99,56,33,21,13,9,4,1
26,7,2,2304,2751,0,206,153,105,72,43,25,13,9,7,4,210,221,140,88,58,34,20,12,5,5,4
26,7,0,2336,2803,0,201,151,104,66,44,26,16,11,4,3,209,215,148,88,55,37,20,11,7,4,2
26,7,1,2336,2802,0,201,151,104,66,44,26,16,11,4,3,206,209,142,98,59,33,23,14,8,3,2
26,7,2,2336,2855,0,201,151,104,66,44,26,16,11,4,3,215,206,139,92,60,38,21,13,7,4,3
26,7,0,2344,2912,0,198,154,106,71,46,28,13,6,5,3,219,214,156,91,58,38,18,8,6,5,3
26,7,1,2344,2871,0,198,154,106,71,46,28,13,6,5,3,202,219,144,96,57,32,21,12,6,4,3
26,7,2,2344,2817,0,198,154,106,71,46,28,13,6,5,3,214,202,137,96,62,36,21,12,7,4,2
26,7,0,2356,2762,0,201,153,103,70,43,24,16,10,7,4,218,208,148,95,61,37,20,13,7,3,2
26,7,1,2356,2881,0,201,153,103,70,43,24,16,10,7,4,208,218,145,94,56,35,20,11,9,6,3
26,7,2,2356,2890,0,201,153,103,70,43,24,16,10,7,4,208,208,140,91,60,35,24,16,8,5,2
26,7,0,2275,2719,0,201,153,98,65,41,28,18,11,5,2,208,213,141,88,57,33,20,14,6,3,2
26,7,1,2275,2784,0,201,153,98,65,41,28,18,11,5,2,204,208,140,93,60,37,24,10,7,3,1
26,7,2,2275,2841,0,201,153,98,65,41,28,18,11,5,2,213,204,143,90,56,38,23,15,8,4,2
26,7,0,2274,2760,0,203,151,105,64,40,25,18,11,6,3,213,211,145,92,52,32,22,13,7,6,2
26,7,1,2274,2641,0,203,151,105,64,40,25,18,11,6,3,204,213,141,90,59,36,24,12,5,3,1
26,7,2,2274,2819,0,203,151,105,64,40,25,18,11,6,3,211,204,139,92,58,37,19,15,10,2,2
26,7,0,2251,2691,0,201,156,103,66,44,28,18,10,4,2,216,207,146,94,57,35,24,12,5,3,1
26,7,1,2251,2599,0,201,156,103,66,44,28,18,10,4,2,210,216,145,89,57,37,20,12,4,2,1
26,7,2,2251,2625,0,201,156,103,66,44,28,18,10,4,2,207,210,141,93,59,35,19,11,8,2,1
26,7,0,2158,2493,0,207,164,105,63,36,26,18,8,5,2,210,212,144,88,52,27,18,11,7,3,1
26,7,1,2158,2612,0,207,164,105,63,36,26,18,8,5,2,213,210,140,91,53,33,23,12,4,3,2
26,7,2,2158,2510,0,207,164,105,63,36,26,18,8,5,2,212,213,144,85,54,36,19,11,5,2,0
26,7,0,2205,2655,0,194,152,101,64,44,26,14,10,4,2,200,210,141,90,52,33,21,12,7,2,2
26,7,1,2205,2657,0,194,152,101,64,44,26,14,10,4,2,204,200,139,88,57,34,20,11,6,4,2
26,7,2,2205,2521,0,194,152,101,64,44,26,14,10,4,2,210,204,140,90,58,36,18,10,6,3,1
26,7,0,2133,2486,0,207,142,104,70,44,25,12,6,4,2,206,212,136,92,57,28,14,8,5,2,2
26,7,1,2133,2498,0,207,142,104,70,44,25,12,6,4,2,200,206,134,86,55,35,19,8,5,3,1
26,7,2,2133,2442,0,207,142,104,70,44,25,12,6,4,2,212,200,141,91,53,32,18,10,4,3,1
26,7,0,2187,2561,0,199,151,96,66,43,27,16,7,4,3,205,215,137,90,53,31,22,9,5,3,2
26,7,1,2187,2553,0,199,151,96,66,43,27,16,7,4,3,194,205,133,82,56,37,21,14,6,3,1
26,7,2,2187,2567,0,199,151,96,66,43,27,16,7,4,3,215,194,145,92,59,34,16,9,5,3,2
26,7,0,2250,2696,0,199,152,113,70,42,24,13,8,5,3,207,209,145,98,56,33,18,10,6,4,3
26,7,1,2250,2735,0,199,152,113,70,42,24,13,8,5,3,216,207,143,92,57,31,19,12,7,4,1
26,7,2,2250,2641,0,199,152,113,70,42,24,13,8,5,3,209,216,145,91,55,34,19,10,6,3,2
26,7,0,2146,2614,0,211,158,103,70,43,23,12,7,5,3,208,214,139,94,58,31,16,10,6,4,2
26,7,1,2146,2466,0,211,158,103,70,43,23,12,7,5,3,215,208,134,85,55,34,18,9,5,4,1
26,7,2,2146,2604,0,211,158,103,70,43,23,12,7,5,3,214,215,153,89,52,30,18,10,6,2,2
26,7,0,2156,2570,0,209,158,101,58,38,27,15,11,5,2,210,201,140,86,57,36,21,13,6,2,0
26,7,1,2156,2510,0,209,158,101,58,38,27,15,11,5,2,214,210,138,88,50,32,17,10,7,3,2
26,7,2,2156,2544,0,209,158,101,58,38,27,15,11,5,2,201,214,138,84,50,31,23,11,6,3,1
26,7,0,2103,2402,0,200,153,112,68,40,20,11,8,5,3,209,206,144,83,50,28,17,11,7,3,0
26,7,1,2103,2471,0,200,153,112,68,40,20,11,8,5,3,206,209,142,97,55,28,14,11,5,2,2
26,7,2,2103,2465,0,200,153,112,68,40,20,11,8,5,3,206,206,135,88,51,32,17,6,5,4,2
26,7,0,2151,2554,0,206,155,103,70,40,21,15,8,5,3,214,209,149,88,50,31,17,11,7,3,1
26,7,1,2151,2499,0,206,155,103,70,40,21,15,8,5,3,204,214,138,89,54,27,18,12,6,3,1
26,7,2,2151,2526,0,206,155,103,70,40,21,15,8,5,3,209,204,134,89,59,35,18,9,4,3,2
26,7,0,2190,2689,0,202,154,105,71,42,20,15,12,7,3,211,213,145,93,53,34,19,14,8,4,1
26,7,1,2190,2547,0,202,154,105,71,42,20,15,12,7,3,207,211,142,90,57,30,17,12,6,3,1
26,7,2,2190,2684,0,202,154,105,71,42,20,15,12,7,3,213,207,142,92,60,35,21,11,8,3,1
26,7,0,2254,2681,0,211,149,101,63,47,33,19,8,2,2,220,206,144,97,59,37,22,11,4,2,1
26,7,1,2254,2602,0,211,149,101,63,47,33,19,8,2,2,211,220,139,88,55,39,23,11,5,2,1
26,7,2,2254,2684,0,211,149,101,63,47,33,19,8,2,2,206,211,143,92,62,37,21,11,5,2,2
26,7,0,2236,2587,0,200,159,107,70,43,29,15,7,5,2,211,206,143,93,57,35,20,10,5,3,2
26,7,1,2236,2723,0,200,159,107,70,43,29,15,7,5,2,222,211,150,95,60,35,20,10,6,3,1
26,7,2,2236,2638,0,200,159,107,70,43,29,15,7,5,2,206,222,146,92,56,33,20,11,5,3,1
26,7,0,2293,2680,0,195,155,108,73,39,28,15,9,7,3,213,205,142,94,63,37,21,11,5,4,2
26,7,1,2293,2663,0,195,155,108,73,39,28,15,9,7,3,215,213,147,97,54,35,21,10,7,3,1
26,7,2,2293,2698,0,195,155,108,73,39,28,15,9,7,3,205,215,149,92,58,30,21,14,8,4,1
26,7,0,2288,2735,0,209,151,100,63,38,24,19,13,7,3,212,205,138,86,60,38,23,14,6,3,1
26,7,1,2288,2691,0,209,151,100,63,38,24,19,13,7,3,211,212,146,94,52,35,20,13,9,3,2
26,7,2,2288,2723,0,209,151,100,63,38,24,19,13,7,3,205,211,135,88,56,32,24,16,9,5,1
26,7,0,2318,2706,0,202,151,106,64,49,29,18,10,4,2,215,213,142,95,57,40,23,11,6,2,1
26,7,1,2318,2749,0,202,151,106,64,49,29,18,10,4,2,209,215,152,93,57,36,20,13,7,3,2
26,7,2,2318,2752,0,202,151,106,64,49,29,18,10,4,2,213,209,141,96,64,38,22,12,5,3,1
26,7,0,2294,2675,0,199,154,104,65,41,32,19,8,5,2,207,224,149,91,55,32,22,13,7,3,1
26,7,1,2294,2709,0,199,154,104,65,41,32,19,8,5,2,200,207,135,92,65,41,24,10,4,3,2
26,7,2,2294,2739,0,199,154,104,65,41,32,19,8,5,2,224,200,148,95,54,36,22,13,6,3,1
26,7,0,2282,2760,0,204,156,107,68,39,24,14,12,7,3,209,216,146,90,56,33,24,14,7,4,2
26,7,1,2282,2643,0,204,156,107,68,39,24,14,12,7,3,211,209,141,90,59,36,21,12,7,3,1
26,7,2,2282,2719,0,204,156,107,68,39,24,14,12,7,3,216,211,145,96,54,32,17,12,10,5,2
26,7,0,2289,2830,0,203,153,101,69,47,25,15,8,4,4,210,207,139,96,63,38,19,9,6,4,3
26,7,1,2289,2724,0,203,153,101,69,47,25,15,8,4,4,216,210,140,88,55,35,22,12,8,4,2
26,7,2,2289,2814,0,203,153,101,69,47,25,15,8,4,4,207,216,151,93,58,34,19,14,6,4,3
26,7,0,2241,2678,0,196,148,106,65,45,26,13,9,6,4,210,213,141,92,50,32,23,12,8,5,1
26,7,1,2241,2673,0,196,148,106,65,45,26,13,9,6,4,197,210,138,81,56,38,22,13,5,3,3
26,7,2,2241,2698,0,196,148,106,65,45,26,13,9,6,4,213,197,145,103,64,35,15,9,8,4,2
26,7,0,2297,2847,0,193,150,100,68,42,28,18,8,4,3,207,202,141,95,59,36,21,14,7,3,2
26,7,1,2297,2765,0,193,150,100,68,42,28,18,8,4,3,209,207,145,91,59,34,20,12,6,4,3
26,7,2,2297,2747,0,193,150,100,68,42,28,18,8,4,3,202,209,139,89,57,37,24,11,6,4,2
26,7,0,2244,2685,0,201,144,100,63,40,26,15,10,6,3,205,195,134,96,60,32,20,10,6,5,2
26,7,1,2244,2776,0,201,144,100,63,40,26,15,10,6,3,212,205,130,83,54,41,26,13,8,3,2
26,7,2,2244,2760,0,201,144,100,63,40,26,15,10,6,3,195,212,147,88,53,31,18,15,9,5,3
26,7,0,2395,2983,0,201,143,99,66,43,29,19,12,8,3,209,202,142,98,62,39,25,14,9,5,2
26,7,1,2395,2952,0,201,143,99,66,43,29,19,12,8,3,215,209,142,94,58,39,27,17,8,4,2
26,7,2,2395,2888,0,201,143,99,66,43,29,19,12,8,3,202,215,141,90,63,39,22,14,9,5,2
26,7,0,2413,2949,0,189,157,104,66,43,28,16,12,6,4,207,209,147,95,59,37,21,14,8,5,4
26,7,1,2413,3001,0,189,157,104,66,43,28,16,12,6,4,213,207,144,95,60,36,24,13,9,5,2
26,7,2,2413,2947,0,189,157,104,66,43,28,16,12,6,4,209,213,149,93,60,40,25,15,9,4,2
26,7,0,2391,2899,0,191,145,99,72,48,26,17,8,5,4,203,214,143,93,60,36,21,13,8,5,3
26,7,1,2391,2997,0,191,145,99,72,48,26,17,8,5,4,203,203,143,95,64,40,22,12,6,5,3
26,7,2,2391,2975,0,191,145,99,72,48,26,17,8,5,4,214,203,143,96,61,37,22,14,8,4,3
26,7,0,2361,2825,0,207,158,100,65,42,28,19,11,5,3,211,211,147,87,56,38,26,15,7,2,2
26,7,1,2361,2848,0,207,158,100,65,42,28,19,11,5,3,219,211,147,95,61,35,19,13,10,6,2
26,7,2,2361,2832,0,207,158,100,65,42,28,19,11,5,3,211,219,140,94,59,38,24,13,5,3,2
26,7,0,2309,2822,0,194,149,100,65,40,27,13,11,8,3,203,211,140,92,57,32,21,12,11,7,2
26,7,1,2309,2820,0,194,149,100,65,40,27,13,11,8,3,200,203,136,88,56,35,25,16,7,4,2
26,7,2,2309,2886,0,194,149,100,65,40,27,13,11,8,3,211,200,144,91,58,39,20,11,8,4,3
26,7,0,2309,2939,0,202,153,112,66,40,22,18,10,7,5,214,215,145,99,57,40,22,16,8,4,2
26,7,1,2309,2797,0,202,153,112,66,40,22,18,10,7,5,209,214,140,92,52,31,20,14,9,6,3
26,7,2,2309,2871,0,202,153,112,66,40,22,18,10,7,5,215,209,151,92,62,34,23,13,8,5,3
26,7,0,2517,3129,0,200,144,99,68,48,31,18,9,7,5,214,201,140,98,63,45,25,13,8,6,4
26,7,1,2517,3178,0,200,144,99,68,48,31,18,9,7,5,220,214,147,93,61,40,28,16,12,6,2
26,7,2,2517,3142,0,200,144,99,68,48,31,18,9,7,5,201,220,148,100,68,39,23,16,7,6,5
26,7,0,2593,3234,0,199,151,104,68,39,27,19,14,10,5,211,219,147,90,65,42,23,17,12,8,4
26,7,1,2593,3286,0,199,151,104,68,39,27,19,14,10,5,211,211,153,107,63,36,26,17,11,7,2
26,7,2,2593,3268,0,199,151,104,68,39,27,19,14,10,5,219,211,142,94,59,41,31,19,11,5,4
26,7,0,2491,3080,0,194,151,99,65,45,28,18,12,6,5,217,209,154,95,63,42,24,17,10,5,3
26,7,1,2491,3112,0,194,151,99,65,45,28,18,12,6,5,203,217,141,96,57,40,25,13,9,7,5
26,7,2,2491,3114,0,194,151,99,65,45,28,18,12,6,5,209,203,140,93,65,38,26,17,10,5,3
26,7,0,2585,3266,0,200,159,104,64,43,28,19,12,8,4,213,217,147,98,67,38,22,14,11,8,5
26,7,1,2585,3257,0,200,159,104,64,43,28,19,12,8,4,218,213,157,100,60,42,30,16,9,5,3
26,7,2,2585,3291,0,200,159,104,64,43,28,19,12,8,4,217,218,144,91,58,41,26,20,11,6,3
26,7,0,2604,3289,0,195,148,101,69,46,28,19,12,7,6,213,216,148,101,65,42,28,18,7,5,5
26,7,1,2604,3286,0,195,148,101,69,46,28,19,12,7,6,209,213,143,95,66,45,25,14,11,7,5
26,7,2,2604,3335,0,195,148,101,69,46,28,19,12,7,6,216,209,152,99,63,38,26,19,14,8,3
26,7,0,2314,2909,0,192,154,100,69,42,26,16,9,6,5,208,204,141,99,63,38,23,12,6,5,3
26,7,1,2314,2789,0,192,154,100,69,42,26,16,9,6,5,211,208,136,87,54,38,24,12,8,4,3
26,7,2,2314,2907,0,192,154,100,69,42,26,16,9,6,5,204,211,154,91,60,32,19,16,10,6,3
26,7,0,2345,2836,0,203,148,106,62,39,29,20,10,6,3,203,212,136,86,61,39,24,13,6,4,2
26,7,1,2345,2855,0,203,148,106,62,39,29,20,10,6,3,214,203,149,99,60,36,22,13,8,4,2
26,7,2,2345,2838,0,203,148,106,62,39,29,20,10,6,3,212,214,141,93,51,35,25,16,8,4,2
26,7,0,2338,2833,0,209,156,105,63,40,25,16,13,7,3,213,205,143,93,58,38,24,13,6,5,2
26,7,1,2338,2796,0,209,156,105,63,40,25,16,13,7,3,222,213,147,90,52,36,22,14,9,3,1
26,7,2,2338,2883,0,209,156,105,63,40,25,16,13,7,3,205,222,141,92,60,33,21,15,11,5,3
26,7,0,2476,3132,0,192,157,106,68,43,25,18,10,6,4,214,210,148,91,60,36,22,15,9,7,4
26,7,1,2476,3213,0,192,157,106,68,43,25,18,10,6,4,212,214,152,102,67,38,22,13,8,6,4
26,7,2,2476,3070,0,192,157,106,68,43,25,18,10,6,4,210,212,144,94,54,39,26,17,10,4,3
26,7,0,2538,3161,0,199,152,103,69,42,30,19,11,7,4,206,221,158,98,63,36,25,19,9,5,2
26,7,1,2538,3175,0,199,152,103,69,42,30,19,11,7,4,215,206,139,101,66,42,27,13,7,6,5
26,7,2,2538,3187,0,199,152,103,69,42,30,19,11,7,4,221,215,146,92,59,41,25,15,12,6,3
26,7,0,2359,2907,0,197,146,102,63,41,27,15,9,6,5,205,206,143,95,56,35,21,13,9,5,3
26,7,1,2359,2889,0,197,146,102,63,41,27,15,9,6,5,205,205,138,89,54,34,25,14,8,6,4
26,7,2,2359,3006,0,197,146,102,63,41,27,15,9,6,5,206,205,138,89,61,39,21,13,8,5,3
26,7,0,2320,2833,0,196,151,105,66,39,24,17,10,5,3,209,210,137,89,53,36,23,11,8,5,2
26,7,1,2320,2961,0,196,151,105,66,39,24,17,10,5,3,203,209,148,89,56,33,22,17,9,4,3
26,7,2,2320,2885,0,196,151,105,66,39,24,17,10,5,3,210,203,141,97,61,35,20,13,7,5,4
26,7,0,2416,3039,0,202,147,97,63,44,27,15,10,8,4,210,204,146,98,63,36,20,14,9,6,4
26,7,1,2416,3025,0,202,147,97,63,44,27,15,10,8,4,209,210,137,91,57,39,24,13,10,6,3
26,7,2,2416,3012,0,202,147,97,63,44,27,15,10,8,4,204,209,138,85,57,39,26,16,9,6,3
26,7,0,2051,2389,0,193,147,93,61,42,23,13,8,5,3,200,195,130,78,50,35,19,11,5,1,1
26,7,1,2051,2404,0,193,147,93,61,42,23,13,8,5,3,194,200,141,83,51,29,14,10,7,4,2
26,7,2,2051,2420,0,193,147,93,61,42,23,13,8,5,3,195,194,125,88,55,31,20,9,5,4,1
26,7,0,2169,2731,0,189,145,98,62,38,24,16,8,4,3,206,191,140,92,53,33,20,11,9,5,3
26,7,1,2169,2585,0,189,145,98,62,38,24,16,8,4,3,195,206,133,85,50,30,20,14,6,4,2
26,7,2,2169,2663,0,189,145,98,62,38,24,16,8,4,3,191,195,130,81,57,35,20,11,5,3,3
26,7,0,2186,2697,0,193,145,99,60,38,26,16,10,6,4,200,200,139,86,53,34,22,14,7,3,2
26,7,1,2186,2661,0,193,145,99,60,38,26,16,10,6,4,199,200,134,90,54,34,21,13,8,4,2
26,7,2,2186,2608,0,193,145,99,60,38,26,16,10,6,4,200,199,133,85,55,34,21,11,7,5,2
26,7,0,2090,2563,0,193,146,92,57,39,25,16,9,6,4,198,198,134,83,51,32,20,12,9,4,2
26,7,1,2090,2590,0,193,146,92,57,39,25,16,9,6,4,192,198,129,83,54,33,22,14,6,4,1
26,7,2,2090,2442,0,193,146,92,57,39,25,16,9,6,4,198,192,132,83,52,35,19,10,5,3,2
26,7,0,2145,2606,0,189,141,106,61,39,25,16,11,5,1,196,195,140,91,51,34,20,12,7,2,1
26,7,1,2145,2525,0,189,141,106,61,39,25,16,11,5,1,205,196,135,89,54,31,19,12,7,3,1
26,7,2,2145,2512,0,189,141,106,61,39,25,16,11,5,1,195,205,132,86,55,34,21,11,5,3,1
26,7,0,2139,2498,0,194,142,98,69,39,23,14,9,6,3,196,201,131,86,55,30,18,11,7,5,2
26,7,1,2139,2554,0,194,142,98,69,39,23,14,9,6,3,202,196,135,86,55,34,20,11,6,3,2
26,7,2,2139,2582,0,194,142,98,69,39,23,14,9,6,3,201,202,139,91,55,32,19,12,7,3,1
26,7,0,2146,2574,0,185,150,92,61,43,23,15,9,5,3,191,209,140,87,50,33,18,11,6,4,2
26,7,1,2146,2602,0,185,150,92,61,43,23,15,9,5,3,189,191,124,84,54,33,20,12,8,3,2
26,7,2,2146,2643,0,185,150,92,61,43,23,15,9,5,3,209,189,140,83,58,35,20,12,6,4,2
26,7,0,2235,2730,0,182,136,100,65,44,29,12,7,4,3,202,197,135,88,53,33,20,11,7,5,4
26,7,1,2235,2746,0,182,136,100,65,44,29,12,7,4,3,188,202,136,86,59,35,19,10,5,4,2
26,7,2,2235,2713,0,182,136,100,65,44,29,12,7,4,3,197,188,134,95,57,36,21,10,7,3,2
26,7,0,2123,2650,0,198,146,102,66,35,20,13,7,5,3,204,191,131,92,54,28,17,14,6,4,3
26,7,1,2123,2536,0,198,146,102,66,35,20,13,7,5,3,205,204,134,80,49,32,18,8,6,5,3
26,7,2,2123,2578,0,198,146,102,66,35,20,13,7,5,3,191,205,137,84,51,28,18,11,8,4,2
26,7,0,2281,2668,0,209,151,109,75,48,25,16,7,4,3,211,218,149,95,62,33,17,10,4,2,2
26,7,1,2281,2783,0,209,151,109,75,48,25,16,7,4,3,220,211,143,104,63,37,21,10,6,3,2
26,7,2,2281,2630,0,209,151,109,75,48,25,16,7,4,3,218,220,148,90,55,35,19,12,6,4,1
26,7,0,2228,2613,0,218,162,106,64,37,27,13,10,7,2,211,221,150,86,52,30,19,10,6,4,2
26,7,1,2228,2599,0,218,162,106,64,37,27,13,10,7,2,215,211,137,92,59,35,21,10,6,3,0
26,7,2,2228,2582,0,218,162,106,64,37,27,13,10,7,2,221,215,142,89,50,32,20,13,8,3,1
26,7,0,2241,2726,0,200,164,111,69,41,20,13,10,6,4,209,227,144,88,55,33,22,12,6,3,3
26,7,1,2241,2630,0,200,164,111,69,41,20,13,10,6,4,204,209,147,90,55,35,16,11,8,5,1
26,7,2,2241,2654,0,200,164,111,69,41,20,13,10,6,4,227,204,149,98,55,28,17,12,8,4,2
26,7,0,2363,2840,0,206,165,107,68,44,25,18,10,4,3,217,219,152,91,55,38,22,13,6,4,2
26,7,1,2363,2828,0,206,165,107,68,44,25,18,10,4,3,217,217,153,93,58,34,20,13,7,3,1
26,7,2,2363,2806,0,206,165,107,68,44,25,18,10,4,3,219,217,142,98,62,35,21,12,7,3,3
26,7,0,2353,2764,0,207,153,93,61,46,34,21,10,4,2,222,208,144,92,60,39,23,13,7,3,1
26,7,1,2353,2781,0,207,153,93,61,46,34,21,10,4,2,204,222,143,88,60,40,24,13,7,3,2
26,7,2,2353,2895,0,207,153,93,61,46,34,21,10,4,2,208,204,140,94,61,41,27,14,5,3,2
26,7,0,2355,2923,0,205,149,112,69,41,28,14,11,7,3,208,211,145,99,61,37,24,15,8,5,2
26,7,1,2355,2840,0,205,149,112,69,41,28,14,11,7,3,223,208,146,96,57,37,21,12,7,3,2
26,7,2,2355,2807,0,205,149,112,69,41,28,14,11,7,3,211,223,146,93,58,33,21,11,9,5,2
26,7,0,2235,2659,0,204,156,104,71,40,24,16,11,6,2,216,204,141,91,63,40,18,12,6,2,1
26,7,1,2235,2654,0,204,156,104,71,40,24,16,11,6,2,215,216,148,99,54,28,17,11,8,3,2
26,7,2,2235,2630,0,204,156,104,71,40,24,16,11,6,2,204,215,142,85,54,32,25,13,6,4,0
26,7,0,2295,2684,0,212,158,107,65,44,30,20,8,4,3,224,215,155,92,59,33,19,13,6,2,1
26,7,1,2295,2746,0,212,158,107,65,44,30,20,8,4,3,213,224,144,102,60,38,22,10,5,3,2
26,7,2,2295,2679,0,212,158,107,65,44,30,20,8,4,3,215,213,141,88,56,39,25,13,5,3,1
26,7,0,2293,2643,0,209,156,109,73,44,28,16,9,6,2,223,216,154,90,48,34,24,14,7,2,1
26,7,1,2293,2644,0,209,156,109,73,44,28,16,9,6,2,213,223,151,99,61,33,18,11,5,3,1
26,7,2,2293,2625,0,209,156,109,73,44,28,16,9,6,2,216,213,138,98,69,38,19,8,5,3,0
26,7,0,2316,2809,0,198,145,98,70,47,25,16,10,5,3,212,202,137,91,60,35,19,12,9,6,3
26,7,1,2316,2821,0,198,145,98,70,47,25,16,10,5,3,207,212,143,88,59,38,24,13,6,4,2
26,7,2,2316,2868,0,198,145,98,70,47,25,16,10,5,3,202,207,143,99,61,37,20,13,7,2,2
26,7,0,2405,3008,0,195,146,99,66,45,33,21,9,4,2,209,202,134,94,66,45,27,15,5,3,2
26,7,1,2405,2900,0,195,146,99,66,45,33,21,9,4,2,214,209,151,94,57,38,23,13,7,3,2
26,7,2,2405,2914,0,195,146,99,66,45,33,21,9,4,2,202,214,145,96,62,36,24,13,8,5,3
26,7,0,2377,2865,0,194,151,107,67,41,28,15,11,8,4,209,205,141,98,64,36,18,12,10,5,3
26,7,1,2377,2917,0,194,151,107,67,41,28,15,11,8,4,215,209,146,98,56,35,26,12,9,7,2
26,7,2,2377,2908,0,194,151,107,67,41,28,15,11,8,4,205,215,148,88,57,39,25,17,7,3,2
26,7,0,2152,2525,0,201,145,103,69,40,20,14,9,6,4,215,200,139,88,53,29,19,12,6,4,1
26,7,1,2152,2570,0,201,145,103,69,40,20,14,9,6,4,197,215,137,87,55,35,19,11,6,3,2
26,7,2,2152,2503,0,201,145,103,69,40,20,14,9,6,4,200,197,135,91,55,30,16,11,8,4,2
26,7,0,2171,2652,0,199,153,96,61,42,29,17,9,3,2,208,201,141,83,55,38,23,11,6,2,2
26,7,1,2171,2644,0,199,153,96,61,42,29,17,9,3,2,205,208,143,91,55,33,20,13,6,3,2
26,7,2,2171,2580,0,199,153,96,61,42,29,17,9,3,2,201,205,131,88,56,34,20,10,5,3,1
26,7,0,2129,2463,0,183,147,101,69,42,25,12,7,6,3,196,203,141,90,60,32,14,7,5,3,1
26,7,1,2129,2501,0,183,147,101,69,42,25,12,7,6,3,197,196,135,90,53,32,21,10,7,3,1
26,7,2,2129,2498,0,183,147,101,69,42,25,12,7,6,3,203,197,137,86,52,32,19,12,5,4,2
26,7,0,2425,2972,0,201,159,107,69,41,28,20,11,6,3,212,218,144,96,59,35,24,16,9,4,1
26,7,1,2425,2920,0,201,159,107,69,41,28,20,11,6,3,218,212,151,93,60,40,25,13,6,4,3
26,7,2,2425,2966,0,201,159,107,69,41,28,20,11,6,3,218,218,152,99,62,37,22,14,8,4,2
26,7,0,2451,3069,0,199,151,99,64,43,28,18,14,6,3,204,214,141,93,60,37,25,15,9,5,2
26,7,1,2451,3069,0,199,151,99,64,43,28,18,14,6,3,212,204,146,94,63,40,26,16,8,3,3
26,7,2,2451,3071,0,199,151,99,64,43,28,18,14,6,3,214,212,144,93,58,40,23,15,11,6,3
26,7,0,2416,2898,0,203,148,107,67,46,29,17,8,5,4,218,214,148,97,61,37,21,11,5,5,4
26,7,1,2416,2933,0,203,148,107,67,46,29,17,8,5,4,207,218,140,94,61,39,25,12,8,4,2
26,7,2,2416,2965,0,203,148,107,67,46,29,17,8,5,4,214,207,148,97,59,38,22,16,9,5,3
26,7,0,2239,2653,0,200,150,107,66,38,22,16,12,7,3,196,212,147,91,52,29,18,15,8,4,2
26,7,1,2239,2663,0,200,150,107,66,38,22,16,12,7,3,214,196,134,91,60,34,23,11,7,4,1
26,7,2,2239,2669,0,200,150,107,66,38,22,16,12,7,3,212,214,141,90,53,36,20,13,8,3,1
26,7,0,2282,2825,0,193,151,94,64,44,27,19,11,5,3,200,219,134,89,59,36,23,12,8,5,2
26,7,1,2282,2738,0,193,151,94,64,44,27,19,11,5,3,195,200,134,84,60,41,26,14,5,3,2
26,7,2,2282,2813,0,193,151,94,64,44,27,19,11,5,3,219,195,153,97,57,35,19,15,9,3,2
26,7,0,2252,2788,0,194,137,99,63,45,33,17,10,6,3,198,201,133,96,66,42,24,13,5,3,2
26,7,1,2252,2650,0,194,137,99,63,45,33,17,10,6,3,209,198,140,91,56,40,22,9,6,4,1
26,7,2,2252,2725,0,194,137,99,63,45,33,17,10,6,3,201,209,141,90,56,33,24,15,9,3,1
26,7,0,2167,2520,0,194,144,99,66,46,30,14,7,5,3,213,195,139,91,57,34,17,10,6,3,1
26,7,1,2167,2603,0,194,144,99,66,46,30,14,7,5,3,201,213,141,90,59,34,21,10,6,3,1
26,7,2,2167,2611,0,194,144,99,66,46,30,14,7,5,3,195,201,135,90,56,38,22,10,4,3,2
26,7,0,2299,2780,0,191,150,103,70,38,25,17,9,6,3,206,202,144,92,57,35,22,14,7,4,2
26,7,1,2299,2844,0,191,150,103,70,38,25,17,9,6,3,208,206,140,91,58,35,21,13,8,4,2
26,7,2,2299,2765,0,191,150,103,70,38,25,17,9,6,3,202,208,141,92,57,32,21,12,7,5,3
26,7,0,2253,2713,0,195,148,96,63,43,26,18,10,4,2,202,202,142,84,55,35,20,13,8,5,2
26,7,1,2253,2725,0,195,148,96,63,43,26,18,10,4,2,205,202,137,94,60,34,21,12,6,3,2
26,7,2,2253,2732,0,195,148,96,63,43,26,18,10,4,2,202,205,135,88,55,38,23,13,6,2,2
26,7,0,2259,2681,0,205,150,98,62,41,27,16,7,6,4,210,201,141,88,58,36,19,12,7,4,2
26,7,1,2259,2773,0,205,150,98,62,41,27,16,7,6,4,209,210,141,93,53,35,21,11,7,5,4
26,7,2,2259,2785,0,205,150,98,62,41,27,16,7,6,4,201,209,133,84,56,34,24,14,7,5,2
26,7,0,2161,2556,0,192,154,103,63,37,24,14,10,6,4,209,203,141,82,45,34,21,13,8,2,1
26,7,1,2161,2562,0,192,154,103,63,37,24,14,10,6,4,196,209,145,90,54,28,16,12,7,4,2
26,7,2,2161,2599,0,192,154,103,63,37,24,14,10,6,4,203,196,130,90,60,34,22,10,6,5,2
26,7,0,2161,2553,0,198,147,101,68,41,20,11,8,4,3,208,202,143,92,49,27,15,10,7,4,3
26,7,1,2161,2580,0,198,147,101,68,41,20,11,8,4,3,196,208,136,85,51,29,20,11,7,4,2
26,7,2,2161,2675,0,198,147,101,68,41,20,11,8,4,3,202,196,129,84,60,36,16,10,6,4,3
26,7,0,2395,2973,0,207,153,104,66,46,26,15,12,6,4,221,206,143,90,61,42,22,14,10,5,2
26,7,1,2395,2922,0,207,153,104,66,46,26,15,12,6,4,216,221,155,96,56,33,22,15,9,5,3
26,7,2,2395,2879,0,207,153,104,66,46,26,15,12,6,4,206,216,138,97,62,38,23,12,7,4,3
26,7,0,2350,2812,0,198,153,105,68,44,28,15,8,6,5,217,205,144,95,63,37,20,12,8,6,2
26,7,1,2350,2841,0,198,153,105,68,44,28,15,8,6,5,211,217,151,96,53,35,24,13,6,4,3
26,7,2,2350,2801,0,198,153,105,68,44,28,15,8,6,5,205,211,140,91,61,37,21,12,8,4,3
26,7,0,2387,2895,0,200,150,106,69,42,29,19,11,6,2,213,216,150,95,60,39,22,14,8,4,1
26,7,1,2387,2868,0,200,150,106,69,42,29,19,11,6,2,208,213,147,101,60,35,22,12,6,4,2
26,7,2,2387,2869,0,200,150,106,69,42,29,19,11,6,2,216,208,140,91,61,38,26,15,8,3,2
26,7,0,2419,3000,0,194,154,104,71,45,26,16,8,6,4,209,213,148,95,64,38,22,15,6,4,4
26,7,1,2419,3047,0,194,154,104,71,45,26,16,8,6,4,212,209,148,98,58,37,23,12,8,6,4
26,7,2,2419,2974,0,194,154,104,71,45,26,16,8,6,4,213,212,144,93,60,36,21,13,10,6,2
26,7,0,2470,3101,0,199,145,101,69,43,27,20,12,8,3,208,212,145,98,65,39,22,15,10,5,3
26,7,1,2470,3048,0,199,145,101,69,43,27,20,12,8,3,211,208,138,95,63,38,25,15,9,6,3
26,7,2,2470,3091,0,199,145,101,69,43,27,20,12,8,3,212,211,149,94,58,40,27,17,8,4,1
26,7,0,2354,2870,0,201,154,108,65,42,28,17,11,4,3,205,221,143,92,59,36,24,14,7,3,2
26,7,1,2354,2825,0,201,154,108,65,42,28,17,11,4,3,211,205,144,98,60,38,22,14,6,3,2
26,7,2,2354,2819,0,201,154,108,65,42,28,17,11,4,3,221,211,149,92,55,35,21,11,9,5,3
26,7,0,2370,2931,0,194,155,105,68,42,25,15,10,7,4,203,211,140,91,55,36,20,14,9,5,3
26,7,1,2370,3071,0,194,155,105,68,42,25,15,10,7,4,216,203,150,96,63,34,22,12,9,7,4
26,7,2,2370,2965,0,194,155,105,68,42,25,15,10,7,4,211,216,146,94,58,38,24,15,8,4,2
26,7,0,2345,2844,0,201,153,101,66,40,26,16,9,5,4,212,212,148,91,56,31,20,14,8,5,2
26,7,1,2345,2935,0,201,153,101,66,40,26,16,9,5,4,203,212,137,92,61,37,25,13,6,4,4
26,7,2,2345,2993,0,201,153,101,66,40,26,16,9,5,4,212,203,141,90,55,38,21,13,10,6,4
26,7,0,2357,2807,0,210,157,108,68,44,27,12,9,6,4,225,220,150,94,52,34,21,11,8,6,3
26,7,1,2357,2870,0,210,157,108,68,44,27,12,9,6,4,204,225,146,91,58,37,23,14,6,3,2
26,7,2,2357,2819,0,210,157,108,68,44,27,12,9,6,4,220,204,143,97,64,35,18,10,9,5,3
26,7,0,2232,2758,0,203,163,105,68,39,25,14,7,5,4,217,210,149,90,53,35,20,12,5,3,3
26,7,1,2232,2631,0,203,163,105,68,39,25,14,7,5,4,209,217,149,89,55,30,16,10,8,5,2
26,7,2,2232,2633,0,203,163,105,68,39,25,14,7,5,4,210,209,135,91,57,32,22,11,6,4,2
26,7,0,2301,2728,0,205,153,104,68,44,22,15,10,7,3,209,210,142,96,60,31,17,10,8,6,3
26,7,1,2301,2830,0,205,153,104,68,44,22,15,10,7,3,215,209,141,89,57,39,25,13,7,4,1
26,7,2,2301,2823,0,205,153,104,68,44,22,15,10,7,3,210,215,146,91,55,34,18,15,8,3,2
26,7,0,2232,2671,0,206,158,105,63,41,25,15,11,6,3,205,219,134,89,55,34,22,12,8,4,1
26,7,1,2232,2617,0,206,158,105,63,41,25,15,11,6,3,210,205,144,84,53,37,21,13,6,3,2
26,7,2,2232,2641,0,206,158,105,63,41,25,15,11,6,3,219,210,150,97,57,31,18,11,7,3,1
26,7,0,2189,2617,0,199,151,100,68,42,26,15,8,4,3,213,192,140,88,57,36,19,13,6,3,2
26,7,1,2189,2549,0,199,151,100,68,42,26,15,8,4,3,213,213,146,90,55,29,18,9,5,3,2
26,7,2,2189,2569,0,199,151,100,68,42,26,15,8,4,3,192,213,133,90,56,35,21,10,6,3,1
26,7,0,2157,2495,0,211,151,108,63,40,26,15,6,4,3,212,202,133,90,57,31,17,9,6,3,1
26,7,1,2157,2637,0,211,151,108,63,40,26,15,6,4,3,216,212,146,88,50,34,22,11,5,3,3
26,7,2,2157,2590,0,211,151,108,63,40,26,15,6,4,3,202,216,140,90,53,32,18,11,5,4,2
26,7,0,2344,2829,0,200,151,104,69,44,28,17,10,5,3,213,211,142,90,55,37,24,15,8,3,1
26,7,1,2344,2817,0,200,151,104,69,44,28,17,10,5,3,210,213,143,95,62,35,21,13,7,4,3
26,7,2,2344,2784,0,200,151,104,69,44,28,17,10,5,3,211,210,149,98,62,38,21,10,6,4,2
26,7,0,2263,2760,0,205,154,106,67,40,26,15,9,6,3,212,214,149,90,57,32,17,11,8,5,2
26,7,1,2263,2851,0,205,154,106,67,40,26,15,9,6,3,208,212,144,99,56,32,25,13,6,3,2
26,7,2,2263,2699,0,205,154,106,67,40,26,15,9,6,3,214,208,136,86,56,38,20,12,7,4,2
26,7,0,2297,2877,0,201,154,104,68,42,25,18,10,5,2,217,213,145,95,60,37,20,13,6,4,3
26,7,1,2297,2785,0,201,154,104,68,42,25,18,10,5,2,203,217,140,88,53,37,22,11,6,4,1
26,7,2,2297,2914,0,201,154,104,68,42,25,18,10,5,2,213,203,147,95,61,32,22,15,9,3,2
26,7,0,2085,2402,0,193,145,101,59,36,27,17,9,6,2,195,198,132,85,51,31,21,12,6,2,0
26,7,1,2085,2504,0,193,145,101,59,36,27,17,9,6,2,202,195,133,82,54,33,20,12,5,3,2
26,7,2,2085,2468,0,193,145,101,59,36,27,17,9,6,2,198,202,137,90,51,33,20,10,6,3,0
26,7,0,2083,2391,0,199,149,103,68,38,19,12,10,5,3,203,202,134,83,52,31,16,11,8,2,1
26,7,1,2083,2480,0,199,149,103,68,38,19,12,10,5,3,202,203,140,87,53,29,16,11,6,4,2
26,7,2,2083,2409,0,199,149,103,68,38,19,12,10,5,3,202,202,134,89,51,28,18,9,5,3,1
26,7,0,2017,2404,0,191,150,90,62,42,25,16,7,3,2,200,191,133,83,54,34,18,10,4,2,1
26,7,1,2017,2269,0,191,150,90,62,42,25,16,7,3,2,198,200,134,81,51,32,17,9,5,1,0
26,7,2,2017,2401,0,191,150,90,62,42,25,16,7,3,2,191,198,131,84,53,30,19,10,4,3,2
26,7,0,2130,2468,0,200,141,104,60,41,28,14,7,4,3,199,202,132,91,54,31,18,9,4,3,2
26,7,1,2130,2497,0,200,141,104,60,41,28,14,7,4,3,203,199,136,85,51,33,22,11,6,2,1
26,7,2,2130,2536,0,200,141,104,60,41,28,14,7,4,3,202,203,136,87,54,35,18,10,6,4,2
26,7,0,2040,2388,0,201,152,104,71,39,18,10,8,6,2,207,204,135,86,51,31,14,8,4,3,2
26,7,1,2040,2331,0,201,152,104,71,39,18,10,8,6,2,201,207,139,84,51,27,14,8,7,3,0
26,7,2,2040,2414,0,201,152,104,71,39,18,10,8,6,2,204,201,137,89,53,26,17,11,6,3,1
26,7,0,2142,2543,0,196,154,95,60,38,24,15,8,5,3,204,198,139,85,52,33,18,11,6,3,2
26,7,1,2142,2496,0,196,154,95,60,38,24,15,8,5,3,199,204,136,86,52,32,18,10,7,4,2
26,7,2,2142,2595,0,196,154,95,60,38,24,15,8,5,3,198,199,130,80,52,31,22,13,6,4,2
26,7,0,2185,2635,0,194,142,97,62,41,25,15,9,4,3,193,201,136,90,56,31,21,12,7,3,1
26,7,1,2185,2732,0,194,142,97,62,41,25,15,9,4,3,202,193,124,87,56,38,21,12,7,3,3
26,7,2,2185,2583,0,194,142,97,62,41,25,15,9,4,3,201,202,142,83,51,32,18,11,6,5,3
26,7,0,2098,2457,0,196,146,100,63,43,24,13,7,5,3,192,211,134,82,50,31,17,11,7,4,2
26,7,1,2098,2422,0,196,146,100,63,43,24,13,7,5,3,199,192,132,89,60,31,17,9,5,3,1
26,7,2,2098,2562,0,196,146,100,63,43,24,13,7,5,3,211,199,140,89,50,35,20,10,5,3,2
26,7,0,2112,2553,0,188,146,98,64,36,25,16,9,5,3,198,194,132,89,52,31,21,11,6,5,2
26,7,1,2112,2493,0,188,146,98,64,36,25,16,9,5,3,200,198,136,79,50,34,22,12,5,2,1
26,7,2,2112,2565,0,188,146,98,64,36,25,16,9,5,3,194,200,136,90,58,31,17,12,8,3,2
26,7,0,2158,2517,0,194,151,96,59,38,27,19,10,6,2,206,201,141,84,52,33,22,13,5,3,0
26,7,1,2158,2515,0,194,151,96,59,38,27,19,10,6,2,195,206,134,85,55,35,23,12,5,2,1
26,7,2,2158,2550,0,194,151,96,59,38,27,19,10,6,2,201,195,133,88,54,34,19,12,8,3,1
26,7,0,2103,2465,0,199,137,105,67,41,24,11,10,5,2,202,200,130,89,55,34,18,8,6,3,1
26,7,1,2103,2496,0,199,137,105,67,41,24,11,10,5,2,200,202,137,85,52,31,18,10,7,3,1
26,7,2,2103,2411,0,199,137,105,67,41,24,11,10,5,2,200,200,136,92,54,29,17,11,5,2,1
26,7,0,2107,2518,0,196,158,101,66,40,21,14,6,4,3,202,202,136,89,59,32,16,9,4,3,2
26,7,1,2107,2510,0,196,158,101,66,40,21,14,6,4,3,208,202,139,88,50,32,17,10,6,2,2
26,7,2,2107,2476,0,196,158,101,66,40,21,14,6,4,3,202,208,141,81,48,27,18,11,6,5,2
26,7,0,2152,2559,0,187,144,102,66,42,25,14,7,3,3,203,199,135,88,52,32,19,9,7,4,2
26,7,1,2152,2640,0,187,144,102,66,42,25,14,7,3,3,195,203,139,88,55,32,19,13,6,3,2
26,7,2,2152,2558,0,187,144,102,66,42,25,14,7,3,3,199,195,136,90,57,34,18,9,4,3,3
26,7,0,2115,2450,0,206,146,100,64,41,25,13,7,4,3,200,200,138,89,54,29,16,10,6,4,2
26,7,1,2115,2545,0,206,146,100,64,41,25,13,7,4,3,211,200,134,87,54,32,20,9,4,3,2
26,7,2,2115,2461,0,206,146,100,64,41,25,13,7,4,3,200,211,133,83,51,34,18,10,6,2,1
26,7,0,2046,2367,0,194,153,95,59,37,23,14,9,6,2,194,204,131,78,49,28,18,12,7,3,1
26,7,1,2046,2457,0,194,153,95,59,37,23,14,9,6,2,195,194,131,82,55,33,19,9,4,4,2
26,7,2,2046,2394,0,194,153,95,59,37,23,14,9,6,2,204,195,137,86,47,31,18,11,7,2,0
26,7,0,2125,2489,0,193,150,108,65,36,21,14,9,5,2,201,200,134,85,54,29,19,12,5,3,2
26,7,1,2125,2541,0,193,150,108,65,36,21,14,9,5,2,205,201,141,89,51,32,18,10,6,3,2
26,7,2,2125,2603,0,193,150,108,65,36,21,14,9,5,2,200,205,138,89,50,29,17,11,8,4,1
26,7,0,2186,2594,0,199,149,101,67,44,23,16,9,5,2,208,202,137,86,53,34,20,11,5,3,2
26,7,1,2186,2587,0,199,149,101,67,44,23,16,9,5,2,207,208,146,91,57,31,18,12,7,3,1
26,7,2,2186,2590,0,199,149,101,67,44,23,16,9,5,2,202,207,135,92,58,36,19,11,6,3,1
26,7,0,2195,2595,0,199,146,93,63,41,30,14,8,5,4,205,204,136,90,56,34,20,9,6,3,2
26,7,1,2195,2638,0,199,146,93,63,41,30,14,8,5,4,196,205,135,85,52,34,23,13,7,4,2
26,7,2,2195,2622,0,199,146,93,63,41,30,14,8,5,4,204,196,135,85,59,36,20,11,6,4,2
26,7,0,2058,2435,0,198,147,105,60,37,25,16,11,4,1,202,202,137,90,53,34,18,9,6,2,0
26,7,1,2058,2388,0,198,147,105,60,37,25,16,11,4,1,200,202,131,86,48,30,19,11,5,2,1
26,7,2,2058,2364,0,198,147,105,60,37,25,16,11,4,1,202,200,138,83,53,30,20,12,5,1,0
26,7,0,2059,2406,0,201,149,102,69,45,25,13,6,3,1,205,204,138,90,54,32,18,10,4,1,1
26,7,1,2059,2342,0,201,149,102,69,45,25,13,6,3,1,206,205,138,89,54,31,13,7,3,2,1
26,7,2,2059,2332,0,201,149,102,69,45,25,13,6,3,1,204,206,138,86,55,31,18,7,4,2,0
26,7,0,2107,2424,0,199,153,99,66,40,26,15,8,5,2,202,202,136,89,52,30,19,11,5,2,1
26,7,1,2107,2443,0,199,153,99,66,40,26,15,8,5,2,209,202,138,85,53,33,19,10,5,2,1
26,7,2,2107,2463,0,199,153,99,66,40,26,15,8,5,2,202,209,140,87,57,33,18,9,5,3,0
26,7,0,2110,2567,0,197,137,95,70,41,27,13,9,5,3,199,200,138,89,56,34,19,9,6,4,2
26,7,1,2110,2447,0,197,137,95,70,41,27,13,9,5,3,199,199,128,87,57,33,18,11,6,3,0
26,7,2,2110,2521,0,197,137,95,70,41,27,13,9,5,3,200,199,135,88,56,32,21,11,6,2,2
26,7,0,2091,2513,0,204,153,100,59,37,22,15,7,5,3,201,203,132,79,51,33,21,12,6,3,1
26,7,1,2091,2437,0,204,153,100,59,37,22,15,7,5,3,203,201,137,84,49,31,15,11,6,4,2
26,7,2,2091,2468,0,204,153,100,59,37,22,15,7,5,3,203,203,134,87,50,27,18,9,5,3,2
26,7,0,2181,2622,0,185,153,104,63,43,25,19,10,4,2,206,197,141,93,59,35,20,13,7,3,0
26,7,1,2181,2526,0,185,153,104,63,43,25,19,10,4,2,206,206,140,91,52,33,20,12,6,2,1
26,7,2,2181,2592,0,185,153,104,63,43,25,19,10,4,2,197,206,143,87,56,36,21,11,4,2,2
26,7,0,2069,2414,0,209,148,103,60,33,21,16,10,6,3,209,205,142,86,41,26,19,14,7,3,0
26,7,1,2069,2399,0,209,148,103,60,33,21,16,10,6,3,195,209,129,81,55,28,17,11,6,3,1
26,7,2,2069,2482,0,209,148,103,60,33,21,16,10,6,3,205,195,129,85,53,35,20,10,6,3,2
26,7,0,2110,2461,0,201,151,96,62,43,22,14,11,6,2,208,201,136,87,49,30,20,11,8,3,0
26,7,1,2110,2501,0,201,151,96,62,43,22,14,11,6,2,199,208,135,79,53,35,20,14,6,2,1
26,7,2,2110,2443,0,201,151,96,62,43,22,14,11,6,2,201,199,136,90,58,33,15,8,5,3,1
26,7,0,2135,2547,0,181,148,99,67,40,29,15,8,4,2,194,194,137,92,58,33,18,10,6,3,2
26,7,1,2135,2554,0,181,148,99,67,40,29,15,8,4,2,207,194,138,87,57,34,22,10,5,3,1
26,7,2,2135,2485,0,181,148,99,67,40,29,15,8,4,2,194,207,139,87,52,33,20,11,5,2,1
26,7,0,2453,2954,0,202,151,105,70,49,31,17,9,5,4,211,222,149,92,61,38,25,14,8,6,3
26,7,1,2453,3019,0,202,151,105,70,49,31,17,9,5,4,214,211,146,100,67,42,23,12,6,4,3
26,7,2,2453,2943,0,202,151,105,70,49,31,17,9,5,4,222,214,150,102,61,39,22,13,8,3,2
26,7,0,2402,2849,0,204,152,104,72,46,30,19,9,6,3,219,218,155,99,59,35,23,14,6,3,1
26,7,1,2402,2860,0,204,152,104,72,46,30,19,9,6,3,210,219,142,97,67,37,23,13,6,3,2
26,7,2,2402,2853,0,204,152,104,72,46,30,19,9,6,3,218,210,146,95,61,43,23,12,8,5,2
26,7,0,2398,2867,0,205,158,108,67,43,28,19,13,7,3,224,213,148,97,59,39,25,13,7,4,2
26,7,1,2398,2938,0,205,158,108,67,43,28,19,13,7,3,215,224,147,91,58,41,25,15,10,4,1
26,7,2,2398,2808,0,205,158,108,67,43,28,19,13,7,3,213,215,152,101,64,34,21,15,7,3,1
26,7,0,2476,2991,0,205,153,108,72,43,24,20,13,9,5,221,216,153,98,61,41,24,14,10,6,2
26,7,1,2476,2995,0,205,153,108,72,43,24,20,13,9,5,216,221,152,103,59,34,25,19,10,4,1
26,7,2,2476,3016,0,205,153,108,72,43,24,20,13,9,5,216,216,143,94,67,40,23,15,8,5,3
26,7,0,2486,2928,0,211,158,106,67,47,30,19,13,6,3,229,218,155,103,59,40,24,13,7,4,2
26,7,1,2486,3024,0,211,158,106,67,47,30,19,13,6,3,216,229,149,94,61,38,24,16,10,4,2
26,7,2,2486,3029,0,211,158,106,67,47,30,19,13,6,3,218,216,148,97,68,43,26,15,8,4,2
26,7,0,2439,3014,0,196,157,109,73,44,30,16,10,8,5,214,221,153,100,62,38,22,14,10,6,3
26,7,1,2439,2977,0,196,157,109,73,44,30,16,10,8,5,215,214,153,101,62,39,24,13,7,6,3
26,7,2,2439,2903,0,196,157,109,73,44,30,16,10,8,5,221,215,148,96,64,38,25,14,8,3,1
26,7,0,2399,2873,0,206,160,110,73,43,27,17,11,7,4,214,224,153,95,59,38,25,14,7,3,1
26,7,1,2399,2849,0,206,160,110,73,43,27,17,11,7,4,221,214,147,100,66,36,19,12,8,4,2
26,7,2,2399,2897,0,206,160,110,73,43,27,17,11,7,4,224,221,153,98,58,36,23,14,8,5,2
26,7,0,2486,3018,0,207,156,102,69,48,28,18,12,6,3,215,220,146,97,64,38,26,15,9,4,2
26,7,1,2486,3029,0,207,156,102,69,48,28,18,12,6,3,218,215,148,92,62,42,23,17,8,4,3
26,7,2,2486,3030,0,207,156,102,69,48,28,18,12,6,3,220,218,152,101,62,39,22,11,8,5,2
26,7,0,2517,3136,0,204,156,110,68,46,33,19,12,7,3,220,213,148,100,66,46,28,13,8,5,2
26,7,1,2517,3007,0,204,156,110,68,46,33,19,12,7,3,228,220,156,101,57,38,25,17,10,4,1
26,7,2,2517,3017,0,204,156,110,68,46,33,19,12,7,3,213,228,153,100,68,39,24,14,7,4,3
26,7,0,2490,3030,0,208,154,108,71,49,33,17,9,6,2,211,226,155,100,62,38,24,14,7,4,2
26,7,1,2490,3017,0,208,154,108,71,49,33,17,9,6,2,224,211,147,102,65,39,23,13,8,4,2
26,7,2,2490,3060,0,208,154,108,71,49,33,17,9,6,2,226,224,151,97,64,43,24,11,6,4,2
26,7,0,2374,2838,0,209,157,110,73,42,26,16,10,6,3,217,223,149,100,58,33,19,11,8,5,2
26,7,1,2374,2862,0,209,157,110,73,42,26,16,10,6,3,215,217,140,90,61,36,25,14,7,4,2
26,7,2,2374,2839,0,209,157,110,73,42,26,16,10,6,3,223,215,157,99,60,37,20,13,7,3,2
26,7,0,2449,2997,0,205,161,111,69,45,26,17,11,5,4,214,223,146,97,62,40,21,16,8,4,3
26,7,1,2449,2984,0,205,161,111,69,45,26,17,11,5,4,221,214,151,97,61,37,21,11,7,5,3
26,7,2,2449,2957,0,205,161,111,69,45,26,17,11,5,4,223,221,156,98,58,35,25,14,9,4,2
26,7,0,2432,2890,0,207,159,110,70,44,28,19,12,6,4,219,216,145,101,60,36,23,14,9,5,2
26,7,1,2432,2992,0,207,159,110,70,44,28,19,12,6,4,226,219,154,93,64,39,25,15,7,3,2
26,7,2,2432,2998,0,207,159,110,70,44,28,19,12,6,4,216,226,155,101,61,40,23,14,8,4,2
26,7,0,2345,2773,0,206,158,103,69,51,32,18,9,4,2,217,215,148,97,63,40,23,12,4,2,1
26,7,1,2345,2745,0,206,158,103,69,51,32,18,9,4,2,221,217,149,96,63,41,21,12,5,2,1
26,7,2,2345,2745,0,206,158,103,69,51,32,18,9,4,2,215,221,150,96,60,36,22,10,7,3,1
26,7,0,2447,2945,0,202,155,106,72,44,30,20,11,7,2,216,217,148,95,61,40,24,13,8,5,2
26,7,1,2447,3016,0,202,155,106,72,44,30,20,11,7,2,219,216,152,98,66,39,23,14,8,4,2
26,7,2,2447,2999,0,202,155,106,72,44,30,20,11,7,2,217,219,150,102,62,38,26,16,7,3,1
26,7,0,2329,2724,0,205,160,109,75,44,23,15,10,7,3,222,213,152,98,61,32,19,12,8,4,0
26,7,1,2329,2728,0,205,160,109,75,44,23,15,10,7,3,217,222,145,92,57,36,22,13,6,3,2
26,7,2,2329,2748,0,205,160,109,75,44,23,15,10,7,3,213,217,150,97,60,35,18,11,7,4,2
26,7,0,2373,2825,0,207,157,104,67,45,29,19,11,6,3,215,217,145,90,58,41,23,15,7,4,1
26,7,1,2373,2784,0,207,157,104,67,45,29,19,11,6,3,217,215,154,98,62,35,20,12,7,3,1
26,7,2,2373,2848,0,207,157,104,67,45,29,19,11,6,3,217,217,143,97,61,38,26,13,7,3,2
26,7,0,2367,2835,0,213,155,109,67,43,31,17,9,5,3,219,213,148,101,59,34,20,12,6,5,2
26,7,1,2367,2807,0,213,155,109,67,43,31,17,9,5,3,223,219,147,91,58,38,25,11,6,2,2
26,7,2,2367,2890,0,213,155,109,67,43,31,17,9,5,3,213,223,147,95,61,39,23,14,8,4,2
26,7,0,2365,2859,0,200,162,111,72,47,31,18,8,3,2,219,221,147,96,58,39,26,12,5,2,1
26,7,1,2365,2801,0,200,162,111,72,47,31,18,8,3,2,217,219,151,92,61,37,20,13,6,3,2
26,7,2,2365,2844,0,200,162,111,72,47,31,18,8,3,2,221,217,159,107,65,36,19,9,5,3,2
26,7,0,2335,2771,0,210,156,106,72,46,27,17,10,5,2,218,212,142,98,64,41,21,9,7,4,1
26,7,1,2335,2798,0,210,156,106,72,46,27,17,10,5,2,223,218,156,94,54,33,22,16,7,2,1
26,7,2,2335,2746,0,210,156,106,72,46,27,17,10,5,2,212,223,145,95,63,35,20,11,5,3,2
26,7,0,2338,2740,0,214,155,103,66,45,29,17,10,5,4,221,204,140,95,65,40,21,11,5,3,2
26,7,1,2338,2829,0,214,155,103,66,45,29,17,10,5,4,225,221,151,92,55,37,22,12,9,4,2
26,7,2,2338,2826,0,214,155,103,66,45,29,17,10,5,4,204,225,145,94,58,35,24,15,7,4,2
26,7,0,2312,2716,0,205,153,112,75,45,25,17,11,5,2,222,217,155,94,60,35,20,13,5,2,2
26,7,1,2312,2765,0,205,153,112,75,45,25,17,11,5,2,212,222,150,105,62,33,18,10,8,3,1
26,7,2,2312,2724,0,205,153,112,75,45,25,17,11,5,2,217,212,141,94,59,38,23,13,6,3,0
26,7,0,2409,2781,0,211,160,111,72,46,30,20,9,5,3,225,225,159,103,58,35,22,12,6,3,1
26,7,1,2409,2850,0,211,160,111,72,46,30,20,9,5,3,218,225,147,98,62,37,25,14,5,3,2
26,7,2,2409,2846,0,211,160,111,72,46,30,20,9,5,3,225,218,151,96,66,42,21,12,7,3,1
26,7,0,2416,2896,0,212,162,107,69,44,29,17,13,8,3,219,230,154,97,58,38,24,14,9,3,1
26,7,1,2416,2889,0,212,162,107,69,44,29,17,13,8,3,215,219,148,96,63,36,22,15,8,5,1
26,7,2,2416,2811,0,212,162,107,69,44,29,17,13,8,3,230,215,150,97,62,40,24,12,7,3,1
26,7,0,2360,2816,0,213,154,110,77,45,26,15,11,6,2,221,225,154,99,56,36,23,13,8,3,1
26,7,1,2360,2791,0,213,154,110,77,45,26,15,11,6,2,215,221,145,96,64,34,20,12,7,5,1
26,7,2,2360,2816,0,213,154,110,77,45,26,15,11,6,2,225,215,149,99,64,37,19,11,6,2,2
26,7,0,2342,2733,0,210,165,107,66,44,29,18,9,5,3,214,220,147,98,58,34,22,12,9,3,0
26,7,1,2342,2807,0,210,165,107,66,44,29,18,9,5,3,224,214,149,90,59,37,23,16,6,4,2
26,7,2,2342,2800,0,210,165,107,66,44,29,18,9,5,3,220,224,152,95,59,39,21,9,4,3,3
26,7,0,2398,2823,0,200,159,110,70,47,30,17,9,5,3,209,217,144,101,61,40,22,12,7,5,1
26,7,1,2398,2873,0,200,159,110,70,47,30,17,9,5,3,227,209,151,93,61,38,23,14,7,2,2
26,7,2,2398,2923,0,200,159,110,70,47,30,17,9,5,3,217,227,158,100,62,36,22,11,6,4,3
26,7,0,2349,2815,0,207,150,104,70,44,24,15,9,5,3,212,218,146,93,58,36,23,12,5,3,3
26,7,1,2349,2839,0,207,150,104,70,44,24,15,9,5,3,206,212,139,94,59,37,18,12,9,4,3
26,7,2,2349,2837,0,207,150,104,70,44,24,15,9,5,3,218,206,144,92,58,32,20,13,8,6,2
26,7,0,2383,2894,0,199,156,107,67,41,26,17,10,5,3,211,208,146,97,57,37,22,12,7,4,3
26,7,1,2383,3003,0,199,156,107,67,41,26,17,10,5,3,217,211,146,89,55,34,22,16,10,5,2
26,7,2,2383,2944,0,199,156,107,67,41,26,17,10,5,3,208,217,145,95,62,36,22,12,6,4,3
26,7,0,2263,2771,0,205,157,106,71,41,21,13,8,6,4,212,210,144,89,61,33,20,9,6,5,2
26,7,1,2263,2666,0,205,157,106,71,41,21,13,8,6,4,213,212,141,93,54,34,18,12,8,3,2
26,7,2,2263,2703,0,205,157,106,71,41,21,13,8,6,4,210,213,145,91,52,29,17,13,7,5,3
26,7,0,2305,2754,0,204,152,97,62,42,28,19,11,5,3,209,205,137,87,58,39,26,14,5,3,2
26,7,1,2305,2832,0,204,152,97,62,42,28,19,11,5,3,212,209,145,91,57,37,20,14,9,3,2
26,7,2,2305,2800,0,204,152,97,62,42,28,19,11,5,3,205,212,140,92,58,35,23,13,8,5,2
26,7,0,2265,2679,0,200,150,109,67,42,28,14,8,5,3,214,201,141,93,55,35,20,10,7,4,2
26,7,1,2265,2671,0,200,150,109,67,42,28,14,8,5,3,214,214,148,92,54,31,20,13,7,4,2
26,7,2,2265,2726,0,200,150,109,67,42,28,14,8,5,3,201,214,140,94,61,37,21,10,5,3,2
26,7,0,2364,2898,0,202,153,105,69,42,26,18,11,7,3,220,208,152,90,58,39,24,16,8,3,2
26,7,1,2364,2891,0,202,153,105,69,42,26,18,11,7,3,211,220,151,99,59,34,20,13,8,6,3
26,7,2,2364,2849,0,202,153,105,69,42,26,18,11,7,3,208,211,134,95,62,37,24,13,8,4,1
26,7,0,2473,3095,0,208,156,106,65,42,28,16,12,7,4,221,214,147,99,58,37,24,15,12,5,2
26,7,1,2473,3058,0,208,156,106,65,42,28,16,12,7,4,214,221,149,89,57,37,25,16,9,6,4
26,7,2,2473,3022,0,208,156,106,65,42,28,16,12,7,4,214,214,145,97,64,40,23,13,7,5,3
26,7,0,2468,3156,0,201,155,103,69,46,27,16,10,6,4,212,217,149,96,62,38,23,14,9,5,2
26,7,1,2468,3117,0,201,155,103,69,46,27,16,10,6,4,214,212,148,99,62,39,24,15,9,4,3
26,7,2,2468,3048,0,201,155,103,69,46,27,16,10,6,4,217,214,145,92,60,38,22,13,8,7,5
26,7,0,2242,2662,0,193,150,103,67,43,25,17,10,4,2,196,211,136,85,56,36,23,13,5,2,1
26,7,1,2242,2687,0,193,150,103,67,43,25,17,10,4,2,210,196,145,94,63,34,17,11,7,3,2
26,7,2,2242,2738,0,193,150,103,67,43,25,17,10,4,2,211,210,143,95,52,34,21,12,7,4,2
26,7,0,2314,2776,0,205,148,104,66,43,27,17,9,5,2,216,209,142,87,57,38,22,10,6,4,1
26,7,1,2314,2827,0,205,148,104,66,43,27,17,9,5,2,205,216,145,91,55,34,22,15,8,3,2
26,7,2,2314,2825,0,205,148,104,66,43,27,17,9,5,2,209,205,138,99,61,35,20,12,6,4,3
26,7,0,2279,2798,0,204,157,103,66,39,26,16,9,6,4,220,205,145,89,59,41,23,11,7,4,2
26,7,1,2279,2765,0,204,157,103,66,39,26,16,9,6,4,208,220,152,93,49,29,19,15,9,4,2
26,7,2,2279,2745,0,204,157,103,66,39,26,16,9,6,4,205,208,132,90,61,33,22,12,6,5,3
26,7,0,2353,2808,0,199,148,105,68,43,26,16,12,6,2,213,207,141,93,60,37,21,14,7,4,2
26,7,1,2353,2867,0,199,148,105,68,43,26,16,12,6,2,209,213,146,94,59,34,21,12,8,3,2
26,7,2,2353,2897,0,199,148,105,68,43,26,16,12,6,2,207,209,143,95,58,38,24,14,9,5,2
26,7,0,2321,2782,0,198,154,99,64,40,28,16,10,7,4,210,209,145,90,60,34,20,14,8,5,3
26,7,1,2321,2823,0,198,154,99,64,40,28,16,10,7,4,204,210,140,95,56,37,25,11,7,5,3
26,7,2,2321,2801,0,198,154,99,64,40,28,16,10,7,4,209,204,140,86,56,37,23,15,9,4,1
26,7,0,2269,2672,0,195,145,100,66,43,24,17,11,7,4,209,204,145,90,54,35,23,14,7,3,1
26,7,1,2269,2780,0,195,145,100,66,43,24,17,11,7,4,200,209,137,94,60,35,21,14,7,3,3
26,7,2,2269,2706,0,195,145,100,66,43,24,17,11,7,4,204,200,136,89,59,37,20,12,9,6,1
26,7,0,2142,2483,0,198,146,101,67,42,26,16,9,3,1,204,205,138,90,56,31,19,9,5,2,1
26,7,1,2142,2528,0,198,146,101,67,42,26,16,9,3,1,202,204,137,88,57,35,21,12,5,2,1
26,7,2,2142,2513,0,198,146,101,67,42,26,16,9,3,1,205,202,138,89,53,33,17,10,5,2,1
26,7,0,2172,2581,0,201,149,101,65,43,28,16,9,4,2,211,203,140,87,56,38,21,9,4,3,1
26,7,1,2172,2558,0,201,149,101,65,43,28,16,9,4,2,205,211,142,91,55,34,20,11,7,2,0
26,7,2,2172,2538,0,201,149,101,65,43,28,16,9,4,2,203,205,136,91,57,31,19,12,5,2,2
26,7,0,2161,2454,0,194,155,101,67,43,28,15,7,4,2,203,206,139,90,59,33,19,9,4,3,1
26,7,1,2161,2476,0,194,155,101,67,43,28,15,7,4,2,208,203,147,90,54,34,18,10,5,2,1
26,7,2,2161,2490,0,194,155,101,67,43,28,15,7,4,2,206,208,137,88,54,33,20,10,5,2,1
26,7,0,2195,2642,0,199,156,101,67,41,25,16,8,5,3,209,210,143,88,55,33,20,12,7,3,1
26,7,1,2195,2570,0,199,156,101,67,41,25,16,8,5,3,204,209,137,91,56,29,18,13,7,4,1
26,7,2,2195,2640,0,199,156,101,67,41,25,16,8,5,3,210,204,144,89,56,38,21,9,4,3,3
26,7,0,2314,2791,0,202,151,103,63,44,28,18,11,7,3,210,215,144,93,57,39,21,12,9,5,1
26,7,1,2314,2746,0,202,151,103,63,44,28,18,11,7,3,206,210,143,93,54,35,25,16,7,3,1
26,7,2,2314,2766,0,202,151,103,63,44,28,18,11,7,3,215,206,142,92,64,38,22,12,6,3,2
26,7,0,2297,2728,0,204,153,107,68,42,26,15,11,5,3,225,204,150,95,55,35,18,13,8,4,2
26,7,1,2297,2728,0,204,153,107,68,42,26,15,11,5,3,207,225,143,92,58,32,19,11,6,4,2
26,7,2,2297,2733,0,204,153,107,68,42,26,15,11,5,3,204,207,139,92,59,37,25,12,7,2,1
26,7,0,2300,2718,0,212,150,103,65,41,29,19,10,7,1,204,214,142,95,60,35,24,14,6,2,1
26,7,1,2300,2832,0,212,150,103,65,41,29,19,10,7,1,221,204,140,90,60,40,22,13,8,4,1
26,7,2,2300,2672,0,212,150,103,65,41,29,19,10,7,1,214,221,145,92,54,34,22,12,6,4,1
26,7,0,2364,2810,0,200,162,111,67,44,28,17,12,5,4,214,217,146,92,58,38,23,12,8,4,1
26,7,1,2364,2869,0,200,162,111,67,44,28,17,12,5,4,221,214,148,95,63,38,23,14,9,3,2
26,7,2,2364,2918,0,200,162,111,67,44,28,17,12,5,4,217,221,158,103,58,36,22,14,6,4,3
26,7,0,2322,2813,0,199,150,102,75,46,28,16,8,4,3,209,212,143,91,65,38,21,13,6,4,2
26,7,1,2322,2782,0,199,150,102,75,46,28,16,8,4,3,213,209,150,97,61,36,20,11,5,3,2
26,7,2,2322,2783,0,199,150,102,75,46,28,16,8,4,3,212,213,142,97,57,34,21,10,7,3,2
26,7,0,2265,2712,0,210,157,102,63,44,26,16,9,4,4,216,210,139,83,54,37,23,13,7,4,3
26,7,1,2265,2779,0,210,157,102,63,44,26,16,9,4,4,212,216,149,92,59,35,18,13,6,4,3
26,7,2,2265,2647,0,210,157,102,63,44,26,16,9,4,4,210,212,140,96,56,34,21,10,7,3,1
26,7,0,2243,2643,0,195,151,108,73,43,26,13,7,6,3,214,200,147,101,58,31,17,11,6,3,1
26,7,1,2243,2640,0,195,151,108,73,43,26,13,7,6,3,213,214,142,90,57,33,19,9,6,4,2
26,7,2,2243,2684,0,195,151,108,73,43,26,13,7,6,3,200,213,143,90,58,36,21,11,6,4,2
26,7,0,2187,2546,0,205,156,109,69,41,22,15,10,7,3,210,213,135,84,53,33,21,12,7,3,1
26,7,1,2187,2679,0,205,156,109,69,41,22,15,10,7,3,214,210,151,91,59,35,18,13,7,3,1
26,7,2,2187,2612,0,205,156,109,69,41,22,15,10,7,3,213,214,146,101,55,30,18,10,6,4,1
26,7,0,2174,2587,0,206,153,103,67,39,26,14,7,5,3,208,201,143,88,56,30,20,11,6,4,1
26,7,1,2174,2567,0,206,153,103,67,39,26,14,7,5,3,216,208,141,96,57,32,18,9,6,3,1
26,7,2,2174,2577,0,206,153,103,67,39,26,14,7,5,3,201,216,135,82,50,34,19,11,5,3,3
26,7,0,2151,2482,0,202,155,104,65,42,22,15,9,5,3,208,211,135,87,52,31,22,9,5,4,1
26,7,1,2151,2588,0,202,155,104,65,42,22,15,9,5,3,204,208,141,84,52,36,20,14,6,1,1
26,7,2,2151,2561,0,202,155,104,65,42,22,15,9,5,3,211,204,145,95,58,30,13,10,7,4,2
26,7,0,2211,2644,0,199,151,106,71,46,26,12,6,3,2,207,211,144,90,57,37,16,8,4,3,2
26,7,1,2211,2597,0,199,151,106,71,46,26,12,6,3,2,208,207,148,96,55,28,15,9,6,3,3
26,7,2,2211,2626,0,199,151,106,71,46,26,12,6,3,2,211,208,135,90,58,34,22,10,5,3,1
26,7,0,2263,2758,0,202,154,102,65,43,27,18,10,4,2,217,207,147,95,56,34,20,12,9,3,2
26,7,1,2263,2741,0,202,154,102,65,43,27,18,10,4,2,206,217,143,88,56,34,22,14,6,4,1
26,7,2,2263,2661,0,202,154,102,65,43,27,18,10,4,2,207,206,138,91,60,39,22,11,4,2,2
26,7,0,2226,2631,0,199,150,103,67,43,28,14,9,7,3,201,209,136,95,58,33,21,12,8,3,1
26,7,1,2226,2622,0,199,150,103,67,43,28,14,9,7,3,213,201,141,88,56,36,21,12,6,4,1
26,7,2,2226,2577,0,199,150,103,67,43,28,14,9,7,3,209,213,147,91,57,35,19,9,5,3,1
26,7,0,2226,2621,0,201,152,104,64,39,23,18,12,5,3,197,213,139,93,55,29,17,14,8,4,2
26,7,1,2226,2626,0,201,152,104,64,39,23,18,12,5,3,212,197,133,92,58,34,24,11,6,3,1
26,7,2,2226,2643,0,201,152,104,64,39,23,18,12,5,3,213,212,149,84,52,38,21,14,7,2,1
26,7,0,2284,2730,0,205,152,106,67,43,27,16,8,4,2,221,205,144,93,57,33,21,9,6,4,3
26,7,1,2284,2727,0,205,152,106,67,43,27,16,8,4,2,208,221,143,87,55,36,23,15,6,3,1
26,7,2,2284,2726,0,205,152,106,67,43,27,16,8,4,2,205,208,142,97,59,35,17,10,6,3,2
26,7,0,2311,2838,0,197,157,102,69,41,26,19,10,5,2,213,200,141,92,61,41,23,13,6,2,2
26,7,1,2311,2881,0,197,157,102,69,41,26,19,10,5,2,219,213,153,93,56,32,20,15,10,6,2
26,7,2,2311,2758,0,197,157,102,69,41,26,19,10,5,2,200,219,141,93,59,34,23,12,5,3,2
26,7,0,2210,2588,0,202,148,101,65,44,29,15,9,5,3,204,205,137,93,61,34,17,9,8,3,1
26,7,1,2210,2693,0,202,148,101,65,44,29,15,9,5,3,213,204,141,92,57,36,22,12,7,4,1
26,7,2,2210,2585,0,202,148,101,65,44,29,15,9,5,3,205,213,142,87,53,36,23,12,3,2,2
26,7,0,2254,2698,0,215,158,105,62,40,27,14,9,5,3,221,214,146,90,50,34,23,13,7,2,1
26,7,1,2254,2687,0,215,158,105,62,40,27,14,9,5,3,206,221,141,86,56,31,18,13,7,4,3
26,7,2,2254,2652,0,215,158,105,62,40,27,14,9,5,3,214,206,139,92,57,36,20,8,6,5,2
26,7,0,2216,2732,0,190,162,111,72,42,24,13,7,3,3,208,213,151,102,58,31,16,8,6,4,3
26,7,1,2216,2663,0,190,162,111,72,42,24,13,7,3,3,210,208,139,90,54,33,21,12,7,3,1
26,7,2,2216,2578,0,190,162,111,72,42,24,13,7,3,3,213,210,151,87,56,32,17,10,4,3,3
26,7,0,2289,2723,0,211,146,102,71,44,25,16,8,5,2,206,212,140,90,56,36,20,11,5,4,3
26,7,1,2289,2807,0,211,146,102,71,44,25,16,8,5,2,216,206,137,93,63,35,19,12,7,3,1
26,7,2,2289,2808,0,211,146,102,71,44,25,16,8,5,2,212,216,146,94,56,33,21,12,7,4,2
26,7,0,2273,2678,0,210,156,96,68,49,29,16,8,4,4,212,204,142,94,62,38,20,8,5,3,2
26,7,1,2273,2703,0,210,156,96,68,49,29,16,8,4,4,225,212,145,90,57,36,20,14,8,3,1
26,7,2,2273,2692,0,210,156,96,68,49,29,16,8,4,4,204,225,144,91,60,37,22,11,4,3,2
26,7,0,2287,2730,0,200,153,112,71,40,27,16,10,5,1,207,208,137,93,58,38,21,11,6,4,2
26,7,1,2287,2686,0,200,153,112,71,40,27,16,10,5,1,223,207,153,93,54,33,19,12,7,3,1
26,7,2,2287,2775,0,200,153,112,71,40,27,16,10,5,1,208,223,148,99,61,31,22,12,6,2,1
26,7,0,2306,2713,0,212,165,111,69,42,22,14,9,6,3,220,218,144,91,56,33,18,14,8,3,1
26,7,1,2306,2728,0,212,165,111,69,42,22,14,9,6,3,218,220,154,94,57,31,16,10,7,5,3
26,7,2,2306,2723,0,212,165,111,69,42,22,14,9,6,3,218,218,146,94,55,35,23,11,6,4,2
26,7,0,2241,2628,0,206,160,105,64,40,25,18,11,5,3,218,215,145,90,52,30,19,14,8,3,1
26,7,1,2241,2714,0,206,160,105,64,40,25,18,11,5,3,205,218,142,87,58,34,23,12,6,3,2
26,7,2,2241,2687,0,206,160,105,64,40,25,18,11,5,3,215,205,145,95,57,39,21,12,6,3,1
26,7,0,2113,2593,0,208,149,102,65,42,27,12,7,3,2,211,202,132,91,52,34,20,9,6,3,2
26,7,1,2113,2496,0,208,149,102,65,42,27,12,7,3,2,207,211,142,82,51,31,19,11,4,2,2
26,7,2,2113,2416,0,208,149,102,65,42,27,12,7,3,2,202,207,138,90,58,31,15,7,5,3,1
26,7,0,2201,2603,0,205,155,107,67,40,22,14,6,6,3,211,203,140,93,58,32,14,10,5,3,3
26,7,1,2201,2612,0,205,155,107,67,40,22,14,6,6,3,214,211,140,91,52,31,19,8,7,5,2
26,7,2,2201,2568,0,205,155,107,67,40,22,14,6,6,3,203,214,143,84,51,31,21,14,6,4,1
26,7,0,2297,2741,0,202,150,106,69,45,30,17,11,6,2,208,220,145,96,62,40,23,9,6,4,1
26,7,1,2297,2701,0,202,150,106,69,45,30,17,11,6,2,210,208,141,93,58,37,23,15,7,2,0
26,7,2,2297,2675,0,202,150,106,69,45,30,17,11,6,2,220,210,150,97,60,34,20,12,6,2,1
26,7,0,2269,2706,0,211,155,104,65,38,26,19,11,6,3,207,213,140,92,61,39,20,13,6,3,1
26,7,1,2269,2688,0,211,155,104,65,38,26,19,11,6,3,219,207,143,90,55,33,20,11,8,4,2
26,7,2,2269,2731,0,211,155,104,65,38,26,19,11,6,3,213,219,145,91,53,32,26,16,7,3,1
26,7,0,2272,2702,0,200,156,102,67,46,29,19,10,5,2,212,210,142,90,64,39,22,14,7,1,0
26,7,1,2272,2677,0,200,156,102,67,46,29,19,10,5,2,214,212,145,97,58,38,19,11,5,3,2
26,7,2,2272,2638,0,200,156,102,67,46,29,19,10,5,2,210,214,149,93,56,34,24,11,5,3,0
26,7,0,2284,2711,0,202,160,106,68,41,28,16,8,6,3,214,211,150,95,52,34,21,14,6,4,2
26,7,1,2284,2689,0,202,160,106,68,41,28,16,8,6,3,215,214,144,91,58,33,21,11,5,3,2
26,7,2,2284,2724,0,202,160,106,68,41,28,16,8,6,3,211,215,144,92,62,37,21,10,8,4,1
26,7,0,2202,2570,0,203,153,103,70,43,25,14,10,7,3,217,210,144,90,53,31,16,12,7,4,1
26,7,1,2202,2630,0,203,153,103,70,43,25,14,10,7,3,204,217,142,90,61,33,21,10,5,3,2
26,7,2,2202,2681,0,203,153,103,70,43,25,14,10,7,3,210,204,142,95,58,38,22,12,8,3,0
26,7,0,2213,2663,0,208,151,109,70,43,23,15,10,5,2,211,212,144,95,57,33,20,11,6,3,2
26,7,1,2213,2672,0,208,151,109,70,43,23,15,10,5,2,215,211,145,92,56,38,21,11,5,3,1
26,7,2,2213,2559,0,208,151,109,70,43,23,15,10,5,2,212,215,141,92,57,29,16,12,8,3,1
26,7,0,2155,2493,0,202,155,100,68,43,28,14,7,4,2,210,205,136,86,55,36,21,10,5,2,0
26,7,1,2155,2502,0,202,155,100,68,43,28,14,7,4,2,209,210,148,92,57,32,15,10,5,2,1
26,7,2,2155,2515,0,202,155,100,68,43,28,14,7,4,2,205,209,138,89,55,31,20,8,4,3,2
26,7,0,2217,2585,0,204,155,106,63,42,26,16,8,4,3,214,205,142,90,55,34,20,10,5,4,1
26,7,1,2217,2580,0,204,155,106,63,42,26,16,8,4,3,210,214,147,88,51,34,20,12,7,2,1
26,7,2,2217,2630,0,204,155,106,63,42,26,16,8,4,3,205,210,136,92,58,33,19,11,5,3,3
26,7,0,2235,2647,0,206,156,108,69,43,24,14,10,4,2,216,209,143,89,54,37,20,10,6,4,2
26,7,1,2235,2584,0,206,156,108,69,43,24,14,10,4,2,213,216,152,93,53,29,17,12,6,2,1
26,7,2,2235,2610,0,206,156,108,69,43,24,14,10,4,2,209,213,137,94,61,33,19,10,6,2,1
26,7,0,2293,2653,0,208,165,113,75,43,26,14,9,4,2,213,227,146,99,57,32,19,9,6,3,2
26,7,1,2293,2718,0,208,165,113,75,43,26,14,9,4,2,221,213,150,92,61,38,21,10,5,3,1
26,7,2,2293,2627,0,208,165,113,75,43,26,14,9,4,2,227,221,157,97,57,30,17,12,6,2,1
26,7,0,2268,2731,0,212,160,104,69,43,24,15,8,6,3,211,216,147,92,59,32,21,13,4,3,2
26,7,1,2268,2623,0,212,160,104,69,43,24,15,8,6,3,219,211,138,93,61,37,18,9,7,3,1
26,7,2,2268,2660,0,212,160,104,69,43,24,15,8,6,3,216,219,149,89,50,32,19,12,8,5,2
26,7,0,2338,2723,0,216,156,110,67,45,29,18,11,6,2,211,228,142,94,61,37,24,11,5,3,1
26,7,1,2338,2755,0,216,156,110,67,45,29,18,11,6,2,221,211,146,94,59,41,23,13,8,2,0
26,7,2,2338,2726,0,216,156,110,67,45,29,18,11,6,2,228,221,156,100,58,33,19,13,6,3,1
26,7,0,2346,2822,0,209,153,109,71,46,26,16,11,6,2,222,211,149,99,62,39,18,11,7,5,2
26,7,1,2346,2745,0,209,153,109,71,46,26,16,11,6,2,218,222,151,98,54,34,20,12,7,3,1
26,7,2,2346,2790,0,209,153,109,71,46,26,16,11,6,2,211,218,142,92,64,36,25,14,7,2,1
26,7,0,2264,2667,0,209,162,106,69,43,27,16,9,5,3,223,212,152,89,52,35,22,14,7,2,1
26,7,1,2264,2729,0,209,162,106,69,43,27,16,9,5,3,215,223,152,96,62,32,17,10,5,4,3
26,7,2,2264,2639,0,209,162,106,69,43,27,16,9,5,3,212,215,137,94,59,37,22,10,6,3,0
26,7,0,2308,2681,0,208,157,108,68,44,30,17,9,4,3,214,221,153,96,55,31,19,14,8,2,1
26,7,1,2308,2735,0,208,157,108,68,44,30,17,9,4,3,215,214,144,96,60,35,24,11,5,3,3
26,7,2,2308,2793,0,208,157,108,68,44,30,17,9,4,3,221,215,145,93,62,43,22,10,5,4,1
26,7,0,2313,2797,0,213,161,104,71,48,29,16,10,6,2,224,222,155,93,60,38,20,13,7,3,1
26,7,1,2313,2673,0,213,161,104,71,48,29,16,10,6,2,215,224,148,98,59,34,20,10,6,3,1
26,7,2,2313,2817,0,213,161,104,71,48,29,16,10,6,2,222,215,145,96,64,40,24,12,6,3,1
26,7,0,2351,2884,0,206,160,104,68,43,30,19,9,7,4,229,213,147,96,60,39,25,11,8,4,2
26,7,1,2351,2891,0,206,160,104,68,43,30,19,9,7,4,209,229,155,90,55,37,26,17,6,4,2
26,7,2,2351,2773,0,206,160,104,68,43,30,19,9,7,4,213,209,143,99,66,37,19,12,7,4,1
26,7,0,2400,2879,0,206,155,113,72,45,28,21,14,5,2,223,208,154,105,67,39,22,13,6,2,2
26,7,1,2400,2849,0,206,155,113,72,45,28,21,14,5,2,230,223,155,103,58,36,23,13,8,4,0
26,7,2,2400,2819,0,206,155,113,72,45,28,21,14,5,2,208,230,146,92,62,40,25,16,7,1,0
26,7,0,2319,2734,0,210,153,116,71,40,25,16,10,8,4,211,221,140,94,59,36,19,13,9,3,1
26,7,1,2319,2857,0,210,153,116,71,40,25,16,10,8,4,222,211,148,98,60,32,20,13,9,7,2
26,7,2,2319,2852,0,210,153,116,71,40,25,16,10,8,4,221,222,156,99,56,36,25,13,5,3,2
26,7,0,2413,2983,0,211,160,102,68,42,28,18,10,5,3,207,223,149,99,64,34,22,16,10,4,1
26,7,1,2413,2950,0,211,160,102,68,42,28,18,10,5,3,222,207,139,96,60,39,23,14,7,4,3
26,7,2,2413,2923,0,211,160,102,68,42,28,18,10,5,3,223,222,153,86,55,38,24,11,6,5,4
26,7,0,2319,2820,0,201,154,104,63,44,29,17,9,5,3,213,215,136,89,52,36,23,15,9,5,2
26,7,1,2319,2755,0,201,154,104,63,44,29,17,9,5,3,205,213,142,89,62,37,21,12,6,3,2
26,7,2,2319,2938,0,201,154,104,63,44,29,17,9,5,3,215,205,154,100,60,38,23,11,6,4,3
26,7,0,2235,2598,0,202,150,106,74,42,27,14,7,6,3,211,214,140,94,60,30,18,10,7,4,1
26,7,1,2235,2744,0,202,150,106,74,42,27,14,7,6,3,208,211,144,91,58,37,22,12,4,3,3
26,7,2,2235,2669,0,202,150,106,74,42,27,14,7,6,3,214,208,147,96,57,34,19,10,7,4,1
26,7,0,2167,2558,0,203,158,101,65,41,21,15,11,5,3,211,204,144,84,52,36,20,12,6,1,1
26,7,1,2167,2608,0,203,158,101,65,41,21,15,11,5,3,209,211,143,91,56,31,16,11,8,4,2
26,7,2,2167,2539,0,203,158,101,65,41,21,15,11,5,3,204,209,134,88,54,30,20,12,6,4,1
26,7,0,2224,2659,0,199,151,103,67,46,28,13,7,3,2,211,214,145,91,59,32,17,10,6,3,3
26,7,1,2224,2602,0,199,151,103,67,46,28,13,7,3,2,198,211,137,91,58,36,20,9,5,3,1
26,7,2,2224,2654,0,199,151,103,67,46,28,13,7,3,2,214,198,142,91,53,35,20,10,5,3,2
26,7,0,2321,2757,0,213,155,104,63,45,29,20,10,4,2,219,219,142,92,56,37,24,15,5,3,1
26,7,1,2321,2730,0,213,155,104,63,45,29,20,10,4,2,210,219,140,87,60,40,23,12,6,2,2
26,7,2,2321,2872,0,213,155,104,63,45,29,20,10,4,2,219,210,153,101,60,36,21,12,8,4,2
26,7,0,2313,2784,0,204,161,106,66,44,29,16,11,7,3,215,213,151,88,60,36,20,12,8,5,2
26,7,1,2313,2744,0,204,161,106,66,44,29,16,11,7,3,219,215,156,102,61,36,22,11,5,3,0
26,7,2,2313,2734,0,204,161,106,66,44,29,16,11,7,3,213,219,136,92,55,38,24,14,8,2,1
26,7,0,2291,2730,0,202,154,105,72,41,24,17,11,6,4,223,204,151,97,61,35,24,12,5,3,1
26,7,1,2291,2662,0,202,154,105,72,41,24,17,11,6,4,210,223,139,88,53,39,21,12,8,3,2
26,7,2,2291,2766,0,202,154,105,72,41,24,17,11,6,4,204,210,145,96,62,30,18,15,9,5,2
26,7,0,2298,2730,0,213,155,104,67,42,24,14,8,8,4,217,210,141,93,60,30,17,12,7,5,3
26,7,1,2298,2842,0,213,155,104,67,42,24,14,8,8,4,215,217,141,90,55,38,24,10,7,5,3
26,7,2,2298,2750,0,213,155,104,67,42,24,14,8,8,4,210,215,147,91,55,35,20,15,9,5,1
26,7,0,2430,2937,0,208,158,105,65,43,28,21,12,6,4,214,213,144,94,62,38,25,16,7,4,3
26,7,1,2430,2880,0,208,158,105,65,43,28,21,12,6,4,225,214,150,96,62,43,25,12,7,4,2
26,7,2,2430,2888,0,208,158,105,65,43,28,21,12,6,4,213,225,150,96,57,35,23,17,10,4,1
26,7,0,2350,2824,0,207,159,106,64,42,30,16,10,4,3,215,216,142,90,58,34,22,14,5,3,3
26,7,1,2350,2812,0,207,159,106,64,42,30,16,10,4,3,215,215,147,95,62,39,23,9,7,4,2
26,7,2,2350,2995,0,207,159,106,64,42,30,16,10,4,3,216,215,150,95,54,37,23,15,10,5,3
26,7,0,2480,3097,0,212,156,106,75,47,26,17,10,7,4,222,220,150,95,65,39,21,15,9,6,4
26,7,1,2480,3008,0,212,156,106,75,47,26,17,10,7,4,222,222,153,102,63,37,23,13,8,6,2
26,7,2,2480,2978,0,212,156,106,75,47,26,17,10,7,4,220,222,149,99,62,39,24,14,8,3,2
26,7,0,2497,3048,0,211,158,109,69,44,31,19,11,4,4,229,215,150,99,63,41,25,13,8,4,2
26,7,1,2497,2989,0,211,158,109,69,44,31,19,11,4,4,220,229,153,97,59,38,26,15,7,4,3
26,7,2,2497,3026,0,211,158,109,69,44,31,19,11,4,4,215,220,150,99,64,38,22,14,8,4,3
26,7,0,2444,2980,0,205,157,109,72,45,28,16,10,6,2,217,224,148,95,64,38,20,13,8,3,1
26,7,1,2444,2946,0,205,157,109,72,45,28,16,10,6,2,213,217,152,101,61,36,21,11,8,5,2
26,7,2,2444,2977,0,205,157,109,72,45,28,16,10,6,2,224,213,149,96,58,37,25,14,6,4,3
26,7,0,2348,2706,0,214,164,113,71,45,27,17,7,5,4,225,223,148,93,58,37,21,14,6,3,1
26,7,1,2348,2717,0,214,164,113,71,45,27,17,7,5,4,220,225,153,95,59,35,20,11,6,3,2
26,7,2,2348,2773,0,214,164,113,71,45,27,17,7,5,4,223,220,153,102,60,34,20,9,5,4,2
26,7,0,2466,2936,0,211,162,111,71,44,29,19,13,6,1,223,220,154,96,62,38,20,14,9,5,1
26,7,1,2466,2979,0,211,162,111,71,44,29,19,13,6,1,227,223,158,102,65,36,24,14,6,2,1
26,7,2,2466,2980,0,211,162,111,71,44,29,19,13,6,1,220,227,147,99,59,41,27,14,8,3,2
26,7,0,2360,2857,0,211,163,109,72,45,25,13,9,6,4,224,221,153,95,60,37,19,12,7,4,3
26,7,1,2360,2813,0,211,163,109,72,45,25,13,9,6,4,215,224,145,96,57,35,22,10,6,5,3
26,7,2,2360,2831,0,211,163,109,72,45,25,13,9,6,4,221,215,151,95,60,33,19,13,9,4,1
26,7,0,2228,2667,0,203,156,104,73,41,28,17,8,4,1,215,205,146,96,58,35,20,10,6,2,1
26,7,1,2228,2595,0,203,156,104,73,41,28,17,8,4,1,217,215,147,92,55,29,20,13,5,3,1
26,7,2,2228,2532,0,203,156,104,73,41,28,17,8,4,1,205,217,141,90,61,37,20,9,4,2,1
26,7,0,2203,2522,0,214,156,111,68,44,25,14,10,4,2,212,214,139,99,58,32,17,8,6,2,1
26,7,1,2203,2625,0,214,156,111,68,44,25,14,10,4,2,223,212,145,88,52,36,21,12,7,3,1
26,7,2,2203,2574,0,214,156,111,68,44,25,14,10,4,2,214,223,151,92,58,32,18,11,4,2,1
26,7,0,2310,2746,0,211,165,106,71,50,29,14,6,3,2,213,224,150,91,60,36,19,11,4,3,2
26,7,1,2310,2677,0,211,165,106,71,50,29,14,6,3,2,223,213,150,100,63,36,17,7,5,2,1
26,7,2,2310,2698,0,211,165,106,71,50,29,14,6,3,2,224,223,149,93,55,35,21,10,5,3,2
26,7,0,2309,2671,0,214,162,109,67,44,28,15,9,4,3,217,222,150,92,57,35,21,10,5,3,2
26,7,1,2309,2721,0,214,162,109,67,44,28,15,9,4,3,218,217,147,98,58,32,20,13,7,2,1
26,7,2,2309,2669,0,214,162,109,67,44,28,15,9,4,3,222,218,146,91,57,38,20,10,6,4,2
26,7,0,2245,2633,0,213,162,113,72,42,25,15,6,4,3,224,216,149,97,59,33,17,9,5,3,2
26,7,1,2245,2559,0,213,162,113,72,42,25,15,6,4,3,217,224,144,91,51,32,19,11,6,4,2
26,7,2,2245,2620,0,213,162,113,72,42,25,15,6,4,3,216,217,151,94,59,32,19,10,4,2,1
26,7,0,2303,2765,0,212,159,106,69,41,24,19,12,7,2,217,218,145,94,59,37,22,14,8,3,0
26,7,1,2303,2682,0,212,159,106,69,41,24,19,12,7,2,216,217,147,97,57,33,19,13,7,3,1
26,7,2,2303,2692,0,212,159,106,69,41,24,19,12,7,2,218,216,147,89,58,35,23,13,6,3,1
26,7,0,2314,2726,0,206,155,104,67,43,26,15,10,8,4,208,216,146,97,59,31,20,13,8,4,1
26,7,1,2314,2777,0,206,155,104,67,43,26,15,10,8,4,215,208,140,91,60,38,24,13,7,3,2
26,7,2,2314,2758,0,206,155,104,67,43,26,15,10,8,4,216,215,147,90,55,38,20,12,8,6,2
26,7,0,2304,2780,0,211,153,110,69,42,25,18,11,5,2,216,223,148,91,56,35,23,13,5,3,2
26,7,1,2304,2721,0,211,153,110,69,42,25,18,11,5,2,209,216,140,96,62,37,20,13,8,2,1
26,7,2,2304,2671,0,211,153,110,69,42,25,18,11,5,2,223,209,149,97,56,33,20,12,7,4,1
26,7,0,2281,2733,0,211,165,108,68,42,27,14,9,5,3,219,218,153,93,57,35,18,10,6,4,3
26,7,1,2281,2668,0,211,165,108,68,42,27,14,9,5,3,217,219,144,94,57,33,20,11,6,3,1
26,7,2,2281,2661,0,211,165,108,68,42,27,14,9,5,3,218,217,146,91,56,34,22,12,7,3,1
26,7,0,2352,2821,0,214,151,108,70,42,29,17,10,6,3,227,205,145,100,59,34,19,11,7,5,2
26,7,1,2352,2782,0,214,151,108,70,42,29,17,10,6,3,220,227,148,91,57,36,25,13,7,2,1
26,7,2,2352,2891,0,214,151,108,70,42,29,17,10,6,3,205,220,145,96,63,39,23,14,7,4,2
26,7,0,2262,2671,0,199,163,104,69,42,23,14,10,7,4,212,209,141,86,56,36,21,13,5,4,3
26,7,1,2262,2750,0,199,163,104,69,42,23,14,10,7,4,215,212,156,94,57,34,18,10,8,4,2
26,7,2,2262,2656,0,199,163,104,69,42,23,14,10,7,4,209,215,140,94,57,31,20,13,9,4,0
26,7,0,2363,2775,0,199,151,107,70,48,29,19,10,6,3,215,213,151,100,60,36,19,13,7,3,1
26,7,1,2363,2840,0,199,151,107,70,48,29,19,10,6,3,215,215,147,98,64,38,24,11,6,4,2
26,7,2,2363,2890,0,199,151,107,70,48,29,19,10,6,3,213,215,146,95,62,42,25,15,7,3,1
26,7,0,2315,2818,0,215,152,100,68,47,28,16,7,4,3,214,217,143,95,61,33,20,13,6,4,2
26,7,1,2315,2816,0,215,152,100,68,47,28,16,7,4,3,213,214,135,88,59,42,21,9,5,3,2
26,7,2,2315,2868,0,215,152,100,68,47,28,16,7,4,3,217,213,151,94,57,34,21,12,7,4,3
26,7,0,2340,2906,0,208,160,108,68,41,27,15,10,8,2,212,220,137,88,58,39,25,14,8,6,2
26,7,1,2340,2727,0,208,160,108,68,41,27,15,10,8,2,218,212,154,94,58,36,20,12,6,3,2
26,7,2,2340,2801,0,208,160,108,68,41,27,15,10,8,2,220,218,151,100,58,31,20,12,9,4,1
26,7,0,2409,3017,0,196,161,113,71,42,24,15,12,5,4,220,206,148,102,64,36,21,13,7,5,3
26,7,1,2409,2893,0,196,161,113,71,42,24,15,12,5,4,222,220,153,94,55,35,22,13,8,4,3
26,7,2,2409,3025,0,196,161,113,71,42,24,15,12,5,4,206,222,151,95,59,36,22,15,11,5,3
26,7,0,2303,2774,0,210,163,102,66,44,27,17,10,5,3,218,211,144,91,63,35,21,14,6,2,2
26,7,1,2303,2800,0,210,163,102,66,44,27,17,10,5,3,220,218,146,93,59,40,20,10,7,4,2
26,7,2,2303,2683,0,210,163,102,66,44,27,17,10,5,3,211,220,149,92,52,33,23,13,7,4,1
26,7,0,2214,2575,0,200,150,99,66,49,31,19,7,2,2,201,213,136,90,58,37,20,13,4,2,1
26,7,1,2214,2564,0,200,150,99,66,49,31,19,7,2,2,212,201,142,93,62,37,21,7,4,2,1
26,7,2,2214,2615,0,200,150,99,66,49,31,19,7,2,2,213,212,148,93,57,37,21,11,4,1,1
26,7,0,2326,2740,0,202,147,112,72,42,29,16,10,5,1,219,212,149,90,59,35,21,13,6,3,1
26,7,1,2326,2797,0,202,147,112,72,42,29,16,10,5,1,208,219,146,100,62,34,22,12,5,2,1
26,7,2,2326,2773,0,202,147,112,72,42,29,16,10,5,1,212,208,142,100,57,37,21,10,8,4,2
26,7,0,2263,2643,0,207,152,102,64,45,31,17,9,2,2,216,218,143,86,53,38,22,12,6,3,1
26,7,1,2263,2687,0,207,152,102,64,45,31,17,9,2,2,200,216,145,92,60,35,19,11,5,2,2
26,7,2,2263,2724,0,207,152,102,64,45,31,17,9,2,2,218,200,139,97,60,36,23,10,5,2,2
26,7,0,2135,2474,0,198,157,109,69,39,24,13,7,4,2,215,197,145,93,52,29,18,10,6,3,1
26,7,1,2135,2514,0,198,157,109,69,39,24,13,7,4,2,212,215,146,87,52,30,17,10,4,2,2
26,7,2,2135,2471,0,198,157,109,69,39,24,13,7,4,2,197,212,135,89,56,32,17,8,5,3,1
26,7,0,2217,2602,0,203,155,98,64,41,25,19,10,6,2,207,207,137,89,58,33,21,13,6,3,1
26,7,1,2217,2709,0,203,155,98,64,41,25,19,10,6,2,210,207,140,88,56,36,23,13,6,3,2
26,7,2,2217,2535,0,203,155,98,64,41,25,19,10,6,2,207,210,144,89,54,35,19,12,7,3,0
26,7,0,2242,2699,0,206,157,109,67,45,23,15,9,4,2,221,212,150,91,54,36,19,13,6,3,2
26,7,1,2242,2588,0,206,157,109,67,45,23,15,9,4,2,207,221,147,96,53,32,18,9,4,3,2
26,7,2,2242,2720,0,206,157,109,67,45,23,15,9,4,2,212,207,137,90,61,33,19,11,8,3,1
26,7,0,2213,2594,0,207,151,103,73,45,27,14,7,4,2,221,212,149,91,52,32,20,11,5,1,1
26,7,1,2213,2637,0,207,151,103,73,45,27,14,7,4,2,202,221,147,94,59,30,17,10,6,3,2
26,7,2,2213,2597,0,207,151,103,73,45,27,14,7,4,2,212,202,132,92,63,39,19,8,4,4,1
26,7,0,2117,2551,0,211,161,106,64,36,26,15,7,4,3,214,212,152,94,51,28,18,7,7,4,2
26,7,1,2117,2572,0,211,161,106,64,36,26,15,7,4,3,209,214,137,86,49,32,24,15,5,3,1
26,7,2,2117,2439,0,211,161,106,64,36,26,15,7,4,3,212,209,135,83,57,33,15,9,4,2,2
26,7,0,2200,2669,0,198,156,113,74,45,22,10,10,6,2,201,218,144,96,57,34,20,9,7,3,1
26,7,1,2200,2538,0,198,156,113,74,45,22,10,10,6,2,218,201,146,97,57,32,15,10,7,4,0
26,7,2,2200,2518,0,198,156,113,74,45,22,10,10,6,2,218,218,149,90,56,30,16,10,5,2,2
26,7,0,2132,2547,0,206,156,97,65,42,25,16,6,4,4,200,213,135,87,57,31,20,10,5,4,2
26,7,1,2132,2488,0,206,156,97,65,42,25,16,6,4,4,209,200,135,84,52,33,20,12,5,2,1
26,7,2,2132,2512,0,206,156,97,65,42,25,16,6,4,4,213,209,146,89,54,34,16,9,5,3,2
26,7,0,2154,2532,0,207,148,106,63,40,28,17,10,5,1,207,210,137,92,56,37,20,11,5,2,0
26,7,1,2154,2494,0,207,148,106,63,40,28,17,10,5,1,208,207,139,91,50,30,20,12,6,2,1
26,7,2,2154,2517,0,207,148,106,63,40,28,17,10,5,1,210,208,142,87,58,34,21,10,5,2,0
26,7,0,2522,3089,0,211,158,114,71,42,25,19,10,6,3,228,228,153,97,58,39,23,13,7,4,2
26,7,1,2522,3068,0,211,158,114,71,42,25,19,10,6,3,209,228,151,101,59,35,23,15,10,4,3
26,7,2,2522,3147,0,211,158,114,71,42,25,19,10,6,3,228,209,150,98,65,37,23,16,8,7,4
26,7,0,2460,2998,0,218,166,112,70,44,28,19,12,5,3,231,227,162,105,62,37,22,12,7,5,3
26,7,1,2460,2951,0,218,166,112,70,44,28,19,12,5,3,222,231,151,98,60,39,24,14,8,3,1
26,7,2,2460,2914,0,218,166,112,70,44,28,19,12,5,3,227,222,149,93,62,38,24,16,8,3,2
26,7,0,2484,3042,0,208,159,102,69,46,30,14,10,7,4,219,217,149,94,58,39,26,14,8,5,4
26,7,1,2484,3034,0,208,159,102,69,46,30,14,10,7,4,218,219,148,94,66,40,21,13,8,6,3
26,7,2,2484,3041,0,208,159,102,69,46,30,14,10,7,4,217,218,149,99,61,37,23,13,10,5,2
26,7,0,2513,3065,0,210,158,116,74,47,28,16,9,5,4,207,236,151,99,67,40,21,14,9,4,3
26,7,1,2513,3064,0,210,158,116,74,47,28,16,9,5,4,229,207,153,109,65,37,20,12,7,6,3
26,7,2,2513,3024,0,210,158,116,74,47,28,16,9,5,4,236,229,158,96,56,37,26,13,7,4,3
26,7,0,2514,3160,0,214,164,105,65,43,28,17,12,7,4,221,225,143,87,57,38,26,17,11,6,2
26,7,1,2514,3070,0,214,164,105,65,43,28,17,12,7,4,218,221,159,96,61,37,23,16,8,4,3
26,7,2,2514,3152,0,214,164,105,65,43,28,17,12,7,4,225,218,148,103,63,41,24,12,9,6,4
26,7,0,2506,3014,0,213,151,112,75,45,29,18,11,7,4,231,218,149,99,60,43,24,13,9,4,3
26,7,1,2506,3102,0,213,151,112,75,45,29,18,11,7,4,219,231,154,97,61,36,24,16,10,6,2
26,7,2,2506,3051,0,213,151,112,75,45,29,18,11,7,4,218,219,152,108,71,38,24,14,6,4,2
26,7,0,2365,2927,0,214,171,110,65,42,26,17,12,6,3,229,218,154,91,59,37,20,15,10,3,2
26,7,1,2365,2913,0,214,171,110,65,42,26,17,12,6,3,222,229,162,101,59,33,21,13,8,6,2
26,7,2,2365,2799,0,214,171,110,65,42,26,17,12,6,3,218,222,139,92,56,39,26,13,6,3,2
26,7,0,2437,2920,0,204,160,106,72,49,28,15,8,6,4,225,217,154,102,62,35,20,14,9,5,2
26,7,1,2437,2930,0,204,160,106,72,49,28,15,8,6,4,214,225,144,94,60,40,25,11,6,5,3
26,7,2,2437,2948,0,204,160,106,72,49,28,15,8,6,4,217,214,154,96,64,39,20,12,7,4,3
26,7,0,2213,2567,0,211,159,97,61,40,28,19,9,4,3,214,206,147,94,57,32,19,10,5,3,1
26,7,1,2213,2620,0,211,159,97,61,40,28,19,9,4,3,212,214,139,88,52,36,25,13,6,2,1
26,7,2,2213,2622,0,211,159,97,61,40,28,19,9,4,3,206,212,135,80,56,36,20,13,6,3,2
26,7,0,2214,2580,0,198,152,106,65,44,