q,K,path,digit,G,G2,n0,n1,n2,n3,n4,n5,n6,n7,n8,n9,n10,m0,m1,m2,m3,m4,m5,m6,m7,m8,m9,m10
24,0,,1,409,599,0,21,21,14,10,7,5,2,2,1,1,28,31,22,14,10,7,4,3,2,1,1
24,0,,2,409,535,0,21,21,14,10,7,5,2,2,1,1,27,28,21,16,10,6,4,3,2,2,1
24,1,1,0,599,677,28,31,22,14,10,7,4,3,2,1,1,0,41,34,22,15,9,7,5,4,3,2
24,1,1,1,599,644,28,31,22,14,10,7,4,3,2,1,1,0,43,31,22,16,11,7,5,2,2,2
24,1,2,0,535,578,27,28,21,16,10,6,4,3,2,2,1,0,40,30,21,16,10,8,5,2,1,1
24,1,2,1,535,573,27,28,21,16,10,6,4,3,2,2,1,0,40,32,22,14,11,5,4,4,2,2
24,1,2,2,535,519,27,28,21,16,10,6,4,3,2,2,1,0,41,32,23,15,8,6,4,3,3,1
24,2,10,0,677,895,0,41,34,22,15,9,7,5,4,3,2,48,50,35,20,16,12,9,6,3,2,2
24,2,10,1,677,954,0,41,34,22,15,9,7,5,4,3,2,50,47,33,23,15,10,8,6,5,3,1
24,2,10,2,677,944,0,41,34,22,15,9,7,5,4,3,2,47,48,36,27,17,11,7,5,4,3,2
24,2,11,0,644,827,0,43,31,22,16,11,7,5,2,2,2,49,50,34,23,14,10,8,4,3,2,1
24,2,11,1,644,860,0,43,31,22,16,11,7,5,2,2,2,50,45,34,26,18,12,5,3,3,3,2
24,2,11,2,644,874,0,43,31,22,16,11,7,5,2,2,2,45,49,33,21,16,10,8,7,3,2,2
24,2,20,0,578,715,0,40,30,21,16,10,8,5,2,1,1,43,45,32,21,16,10,6,3,3,1,1
24,2,20,1,578,729,0,40,30,21,16,10,8,5,2,1,1,45,48,32,22,14,9,6,4,1,1,1
24,2,20,2,578,724,0,40,30,21,16,10,8,5,2,1,1,48,43,32,23,15,10,7,4,2,2,1
24,2,21,0,573,727,0,40,32,22,14,11,5,4,4,2,2,46,45,32,22,15,11,5,4,3,2,1
24,2,21,1,573,765,0,40,32,22,14,11,5,4,4,2,2,45,46,31,21,15,10,7,5,3,1,1
24,2,21,2,573,706,0,40,32,22,14,11,5,4,4,2,2,46,46,34,22,13,8,6,4,3,2,1
24,2,22,0,519,667,0,41,32,23,15,8,6,4,3,3,1,43,46,33,21,14,8,6,4,3,1,0
24,2,22,1,519,622,0,41,32,23,15,8,6,4,3,3,1,46,47,30,19,13,9,6,3,2,1,0
24,2,22,2,519,672,0,41,32,23,15,8,6,4,3,3,1,47,43,32,23,13,8,5,4,2,2,1
24,3,100,0,895,916,48,50,35,20,16,12,9,6,3,2,2,0,68,51,36,24,16,12,9,5,2,1
24,3,100,1,895,897,48,50,35,20,16,12,9,6,3,2,2,0,72,53,35,22,17,11,6,5,4,2
24,3,100,2,895,896,48,50,35,20,16,12,9,6,3,2,2,0,64,52,35,25,18,12,8,4,2,2
24,3,101,0,954,1034,50,47,33,23,15,10,8,6,5,3,1,0,71,47,35,22,16,13,10,7,3,2
24,3,101,2,954,1069,50,47,33,23,15,10,8,6,5,3,1,0,64,52,33,27,18,11,8,5,5,4
24,3,102,0,944,993,47,48,36,27,17,11,7,5,4,3,2,0,68,57,41,26,16,10,9,5,4,3
24,3,102,1,944,1023,47,48,36,27,17,11,7,5,4,3,2,0,71,54,36,26,18,13,8,7,3,1
24,3,102,2,944,999,47,48,36,27,17,11,7,5,4,3,2,0,70,51,37,26,17,11,6,4,4,3
24,3,110,0,827,815,49,50,34,23,14,10,8,4,3,2,1,0,67,50,33,19,12,10,9,4,3,1
24,3,110,1,827,888,49,50,34,23,14,10,8,4,3,2,1,0,65,53,38,23,16,10,6,5,3,2
24,3,110,2,827,868,49,50,34,23,14,10,8,4,3,2,1,0,68,48,30,25,16,10,5,3,2,2
24,3,111,0,860,854,50,45,34,26,18,12,5,3,3,3,2,0,69,54,36,24,14,7,7,5,4,2
24,3,111,1,860,845,50,45,34,26,18,12,5,3,3,3,2,0,69,49,33,22,18,12,5,4,2,2
24,3,111,2,860,864,50,45,34,26,18,12,5,3,3,3,2,0,64,49,38,27,15,10,5,3,3,2
24,3,112,0,874,878,45,49,33,21,16,10,8,7,3,2,2,0,69,50,35,22,17,11,7,5,2,1
24,3,112,1,874,884,45,49,33,21,16,10,8,7,3,2,2,0,62,53,35,25,17,12,7,3,3,2
24,3,112,2,874,921,45,49,33,21,16,10,8,7,3,2,2,0,66,49,33,23,15,10,9,7,3,2
24,3,200,0,715,758,43,45,32,21,16,10,6,3,3,1,1,0,59,47,27,21,15,9,6,3,2,1
24,3,200,1,715,676,43,45,32,21,16,10,6,3,3,1,1,0,63,43,32,19,14,9,4,3,2,1
24,3,200,2,715,706,43,45,32,21,16,10,6,3,3,1,1,0,60,49,35,22,12,7,5,3,2,1
24,3,201,0,729,706,45,48,32,22,14,9,6,4,1,1,1,0,64,44,30,20,12,8,5,3,2,2
24,3,201,1,729,749,45,48,32,22,14,9,6,4,1,1,1,0,60,52,33,19,12,7,5,3,1,1
24,3,201,2,729,725,45,48,32,22,14,9,6,4,1,1,1,0,61,44,29,21,14,9,5,3,2,1
24,3,202,0,724,744,48,43,32,23,15,10,7,4,2,2,1,0,61,48,33,24,14,9,6,3,1,1
24,3,202,1,724,684,48,43,32,23,15,10,7,4,2,2,1,0,67,46,29,18,13,10,5,3,2,1
24,3,202,2,724,682,48,43,32,23,15,10,7,4,2,2,1,0,59,45,34,22,14,7,5,3,2,1
24,3,210,0,727,707,46,45,32,22,15,11,5,4,3,2,1,0,61,47,32,19,13,9,7,3,2,1
24,3,210,1,727,725,46,45,32,22,15,11,5,4,3,2,1,0,60,48,34,22,14,9,5,5,2,0
24,3,210,2,727,696,46,45,32,22,15,11,5,4,3,2,1,0,65,45,29,22,14,8,3,2,2,2
24,3,211,0,765,748,45,46,31,21,15,10,7,5,3,1,1,0,64,48,34,21,12,7,6,5,4,1
24,3,211,1,765,745,45,46,31,21,15,10,7,5,3,1,1,0,63,46,29,22,17,10,6,4,1,1
24,3,211,2,765,753,45,46,31,21,15,10,7,5,3,1,1,0,59,47,32,21,14,11,6,2,1,1
24,3,212,0,706,651,46,46,34,22,13,8,6,4,3,2,1,0,64,46,30,18,13,8,6,4,2,0
24,3,212,1,706,732,46,46,34,22,13,8,6,4,3,2,1,0,57,48,32,22,14,9,4,2,2,2
24,3,212,2,706,667,46,46,34,22,13,8,6,4,3,2,1,0,64,45,31,19,10,7,6,4,2,1
24,3,220,0,667,610,43,46,33,21,14,8,6,4,3,1,0,0,62,43,30,20,11,7,4,3,2,0
24,3,220,1,667,622,43,46,33,21,14,8,6,4,3,1,0,0,60,49,31,17,11,8,5,2,1,1
24,3,220,2,667,617,43,46,33,21,14,8,6,4,3,1,0,0,57,44,29,20,14,7,5,3,1,0
24,3,221,0,622,562,46,47,30,19,13,9,6,3,2,1,0,0,58,44,29,16,11,8,4,2,1,0
24,3,221,1,622,571,46,47,30,19,13,9,6,3,2,1,0,0,61,44,28,18,12,6,3,2,1,1
24,3,221,2,622,551,46,47,30,19,13,9,6,3,2,1,0,0,57,42,26,19,11,7,5,2,1,0
24,3,222,0,672,647,47,43,32,23,13,8,5,4,2,2,1,0,63,44,31,18,10,7,5,4,2,1
24,3,222,1,672,656,47,43,32,23,13,8,5,4,2,2,1,0,59,45,31,21,13,7,4,3,1,1
24,3,222,2,672,629,47,43,32,23,13,8,5,4,2,2,1,0,58,44,28,19,12,8,5,2,2,1
24,4,1000,0,916,1175,0,68,51,36,24,16,12,9,5,2,1,76,75,55,37,23,16,9,5,3,2,1
24,4,1000,1,916,1111,0,68,51,36,24,16,12,9,5,2,1,75,76,50,33,23,15,11,7,4,1,1
24,4,1000,2,916,1162,0,68,51,36,24,16,12,9,5,2,1,75,75,53,37,25,16,11,7,3,2,1
24,4,1001,0,897,1142,0,72,53,35,22,17,11,6,5,4,2,77,77,54,35,21,15,12,7,5,2,0
24,4,1001,1,897,1097,0,72,53,35,22,17,11,6,5,4,2,74,77,49,34,23,15,8,7,3,2,2
24,4,1001,2,897,1128,0,72,53,35,22,17,11,6,5,4,2,77,74,53,34,24,16,9,4,4,3,1
24,4,1002,0,896,1090,0,64,52,35,25,18,12,8,4,2,2,78,73,52,34,25,17,9,4,3,2,1
24,4,1002,1,896,1127,0,64,52,35,25,18,12,8,4,2,2,72,78,56,36,23,15,10,6,3,2,1
24,4,1002,2,896,1136,0,64,52,35,25,18,12,8,4,2,2,73,72,51,37,24,15,10,7,3,1,1
24,4,1010,0,1034,1364,0,71,47,35,22,16,13,10,7,3,2,74,78,51,38,23,16,12,8,6,4,2
24,4,1010,1,1034,1378,0,71,47,35,22,16,13,10,7,3,2,77,74,50,34,26,18,14,9,5,2,1
24,4,1010,2,1034,1321,0,71,47,35,22,16,13,10,7,3,2,78,77,57,39,27,20,12,8,4,2,2
24,4,1012,0,1069,1388,0,64,52,33,27,18,11,8,5,5,4,79,80,56,37,27,19,11,6,5,5,3
24,4,1012,1,1069,1368,0,64,52,33,27,18,11,8,5,5,4,71,79,55,39,25,16,14,10,6,3,1
24,4,1012,2,1069,1421,0,64,52,33,27,18,11,8,5,5,4,80,71,55,38,29,19,11,9,6,4,3
24,4,1020,0,993,1285,0,68,57,41,26,16,10,9,5,4,3,83,77,56,41,24,18,11,7,4,2,2
24,4,1020,1,993,1225,0,68,57,41,26,16,10,9,5,4,3,80,83,59,35,23,14,9,8,6,4,1
24,4,1020,2,993,1220,0,68,57,41,26,16,10,9,5,4,3,77,80,57,39,27,16,12,7,3,2,1
24,4,1021,0,1023,1288,0,71,54,36,26,18,13,8,7,3,1,78,84,60,35,24,18,11,7,4,1,1
24,4,1021,1,1023,1362,0,71,54,36,26,18,13,8,7,3,1,78,78,54,43,29,16,11,7,6,3,2
24,4,1021,2,1023,1334,0,71,54,36,26,18,13,8,7,3,1,84,78,55,37,26,19,13,8,4,3,1
24,4,1022,0,999,1289,0,70,51,37,26,17,11,6,4,4,3,81,71,53,39,27,16,8,6,5,4,3
24,4,1022,1,999,1249,0,70,51,37,26,17,11,6,4,4,3,80,81,57,37,23,15,12,5,4,4,2
24,4,1022,2,999,1281,0,70,51,37,26,17,11,6,4,4,3,71,80,52,35,24,17,11,9,5,2,1
24,4,1100,0,815,989,0,67,50,33,19,12,10,9,4,3,1,70,72,46,30,20,14,10,5,2,2,1
24,4,1100,1,815,1105,0,67,50,33,19,12,10,9,4,3,1,68,70,46,30,20,15,10,7,4,1,1
24,4,1100,2,815,1087,0,67,50,33,19,12,10,9,4,3,1,72,68,51,33,20,12,9,7,4,3,1
24,4,1101,0,888,1107,0,65,53,38,23,16,10,6,5,3,2,73,74,46,33,23,15,11,6,4,2,1
24,4,1101,1,888,1098,0,65,53,38,23,16,10,6,5,3,2,75,73,55,31,21,16,9,6,3,2,1
24,4,1101,2,888,1061,0,65,53,38,23,16,10,6,5,3,2,74,75,56,40,22,12,7,5,4,2,1
24,4,1102,0,868,1090,0,68,48,30,25,16,10,5,3,2,2,68,76,47,27,20,14,9,6,3,3,2
24,4,1102,1,868,1093,0,68,48,30,25,16,10,5,3,2,2,68,68,47,34,25,14,7,4,3,2,1
24,4,1102,2,868,1092,0,68,48,30,25,16,10,5,3,2,2,76,68,50,35,21,13,9,5,4,2,2
24,4,1110,0,854,1040,0,69,54,36,24,14,7,7,5,4,2,72,75,52,33,23,12,6,6,4,2,1
24,4,1110,1,854,1034,0,69,54,36,24,14,7,7,5,4,2,75,72,50,36,22,12,9,4,3,3,1
24,4,1110,2,854,1034,0,69,54,36,24,14,7,7,5,4,2,75,75,51,30,18,15,10,8,4,1,0
24,4,1111,0,845,1030,0,69,49,33,22,18,12,5,4,2,2,80,65,52,34,21,13,7,4,4,2,1
24,4,1111,1,845,1118,0,69,49,33,22,18,12,5,4,2,2,73,80,50,33,23,14,11,6,4,2,1
24,4,1111,2,845,1072,0,69,49,33,22,18,12,5,4,2,2,65,73,47,33,23,18,9,5,2,2,2
24,4,1112,0,864,1075,0,64,49,38,27,15,10,5,3,3,2,72,77,52,37,24,12,7,5,4,2,1
24,4,1112,1,864,1059,0,64,49,38,27,15,10,5,3,3,2,69,72,47,34,23,14,8,5,3,3,2
24,4,1112,2,864,1110,0,64,49,38,27,15,10,5,3,3,2,77,69,55,34,20,14,10,5,3,2,1
24,4,1120,0,878,1075,0,69,50,35,22,17,11,7,5,2,1,75,71,49,32,20,17,12,5,3,1,1
24,4,1120,1,878,1112,0,69,50,35,22,17,11,7,5,2,1,75,75,54,34,23,13,8,7,5,2,1
24,4,1120,2,878,1102,0,69,50,35,22,17,11,7,5,2,1,71,75,49,36,24,15,8,5,2,2,1
24,4,1121,0,884,1081,0,62,53,35,25,17,12,7,3,3,2,76,68,53,32,24,17,9,5,2,2,2
24,4,1121,1,884,1090,0,62,53,35,25,17,12,7,3,3,2,76,76,55,37,25,15,8,3,3,2,1
24,4,1121,2,884,1085,0,62,53,35,25,17,12,7,3,3,2,68,76,50,36,21,13,11,8,4,2,0
24,4,1122,0,921,1164,0,66,49,33,23,15,10,9,7,3,2,74,71,51,35,21,13,10,8,6,3,1
24,4,1122,1,921,1149,0,66,49,33,23,15,10,9,7,3,2,73,74,48,34,26,14,12,8,3,1,1
24,4,1122,2,921,1151,0,66,49,33,23,15,10,9,7,3,2,71,73,53,34,23,20,10,6,4,2,1
24,4,2000,0,758,943,0,59,47,27,21,15,9,6,3,2,1,64,67,45,27,19,13,8,6,3,2,1
24,4,2000,1,758,942,0,59,47,27,21,15,9,6,3,2,1,61,64,44,31,21,13,7,4,2,1,1
24,4,2000,2,758,938,0,59,47,27,21,15,9,6,3,2,1,67,61,44,28,19,12,8,4,3,2,1
24,4,2001,0,676,788,0,63,43,32,19,14,9,4,3,2,1,64,59,40,28,18,14,6,3,2,1,0
24,4,2001,1,676,774,0,63,43,32,19,14,9,4,3,2,1,67,64,45,27,15,9,7,4,2,1,0
24,4,2001,2,676,802,0,63,43,32,19,14,9,4,3,2,1,59,67,42,29,19,10,6,3,2,1,1
24,4,2002,0,706,870,0,60,49,35,22,12,7,5,3,2,1,64,68,45,28,16,10,8,5,1,1,1
24,4,2002,1,706,821,0,60,49,35,22,12,7,5,3,2,1,65,64,45,29,20,11,5,3,3,1,0
24,4,2002,2,706,881,0,60,49,35,22,12,7,5,3,2,1,68,65,47,31,17,10,6,4,3,2,1
24,4,2010,0,706,880,0,64,44,30,20,12,8,5,3,2,2,69,63,47,29,16,12,6,4,2,1,1
24,4,2010,1,706,849,0,64,44,30,20,12,8,5,3,2,2,59,69,41,27,17,9,7,4,3,2,1
24,4,2010,2,706,902,0,64,44,30,20,12,8,5,3,2,2,63,59,39,27,20,12,8,5,3,2,1
24,4,2011,0,749,939,0,60,52,33,19,12,7,5,3,1,1,66,62,44,28,19,10,6,5,2,1,1
24,4,2011,1,749,924,0,60,52,33,19,12,7,5,3,1,1,68,66,46,29,16,11,7,3,3,2,2
24,4,2011,2,749,944,0,60,52,33,19,12,7,5,3,1,1,62,68,46,27,16,11,7,5,3,2,1
24,4,2012,0,725,916,0,61,44,29,21,14,9,5,3,2,1,68,60,43,30,20,13,7,4,3,2,1
24,4,2012,1,725,882,0,61,44,29,21,14,9,5,3,2,1,63,68,42,26,17,12,7,4,3,2,1
24,4,2012,2,725,950,0,61,44,29,21,14,9,5,3,2,1,60,63,45,30,20,11,8,5,2,1,1
24,4,2020,0,744,838,0,61,48,33,24,14,9,6,3,1,1,66,69,47,31,20,11,7,4,2,1,0
24,4,2020,1,744,869,0,61,48,33,24,14,9,6,3,1,1,66,66,42,30,21,13,8,4,1,1,1
24,4,2020,2,744,931,0,61,48,33,24,14,9,6,3,1,1,69,66,51,31,18,11,6,4,3,1,1
24,4,2021,0,684,824,0,67,46,29,18,13,10,5,3,2,1,66,62,41,28,18,11,7,3,2,1,1
24,4,2021,1,684,826,0,67,46,29,18,13,10,5,3,2,1,66,66,43,24,16,13,9,4,2,1,0
24,4,2021,2,684,773,0,67,46,29,18,13,10,5,3,2,1,62,66,43,29,18,10,5,4,2,1,0
24,4,2022,0,682,778,0,59,45,34,22,14,7,5,3,2,1,67,66,46,27,14,10,7,5,2,0,0
24,4,2022,1,682,828,0,59,45,34,22,14,7,5,3,2,1,59,67,43,29,21,11,5,4,2,1,1
24,4,2022,2,682,798,0,59,45,34,22,14,7,5,3,2,1,66,59,44,32,19,11,6,2,2,2,0
24,4,2100,0,707,814,0,61,47,32,19,13,9,7,3,2,1,63,66,44,31,17,9,7,5,2,1,0
24,4,2100,1,707,868,0,61,47,32,19,13,9,7,3,2,1,65,63,44,27,20,13,9,4,1,1,1
24,4,2100,2,707,796,0,61,47,32,19,13,9,7,3,2,1,66,65,45,28,17,13,6,4,3,1,0
24,4,2101,0,725,822,0,60,48,34,22,14,9,5,5,2,0,69,65,50,31,18,10,6,4,2,1,0
24,4,2101,1,725,842,0,60,48,34,22,14,9,5,5,2,0,65,69,46,31,19,12,7,4,2,0,0
24,4,2101,2,725,871,0,60,48,34,22,14,9,5,5,2,0,65,65,43,29,20,13,8,4,3,1,0
24,4,2102,0,696,849,0,65,45,29,22,14,8,3,2,2,2,63,64,42,29,20,12,6,4,3,1,0
24,4,2102,1,696,838,0,65,45,29,22,14,8,3,2,2,2,66,63,43,28,15,9,6,4,2,2,2
24,4,2102,2,696,861,0,65,45,29,22,14,8,3,2,2,2,64,66,43,26,19,11,6,2,2,2,1
24,4,2110,0,748,952,0,64,48,34,21,12,7,6,5,4,1,68,65,46,31,18,13,9,6,4,2,0
24,4,2110,1,748,870,0,64,48,34,21,12,7,6,5,4,1,69,68,48,30,17,10,7,6,3,1,0
24,4,2110,2,748,925,0,64,48,34,21,12,7,6,5,4,1,65,69,44,29,21,12,7,4,3,2,1
24,4,2111,0,745,959,0,63,46,29,22,17,10,6,4,1,1,66,67,46,31,23,14,7,4,2,1,1
24,4,2111,1,745,871,0,63,46,29,22,17,10,6,4,1,1,67,66,44,31,21,14,7,3,2,1,0
24,4,2111,2,745,933,0,63,46,29,22,17,10,6,4,1,1,67,67,47,29,18,12,9,6,3,1,1
24,4,2112,0,753,920,0,59,47,32,21,14,11,6,2,1,1,65,64,45,31,18,11,7,4,2,1,1
24,4,2112,1,753,943,0,59,47,32,21,14,11,6,2,1,1,67,65,45,27,20,12,9,5,2,1,1
24,4,2112,2,753,923,0,59,47,32,21,14,11,6,2,1,1,64,67,47,32,20,14,7,3,2,2,1
24,4,2120,0,651,822,0,64,46,30,18,13,8,6,4,2,0,64,65,45,25,18,11,6,4,3,1,0
24,4,2120,1,651,814,0,64,46,30,18,13,8,6,4,2,0,62,64,42,28,17,12,7,4,2,1,0
24,4,2120,2,651,735,0,64,46,30,18,13,8,6,4,2,0,65,62,40,28,16,10,7,4,1,0,0
24,4,2121,0,732,879,0,57,48,32,22,14,9,4,2,2,2,61,66,46,29,18,11,6,4,3,2,1
24,4,2121,1,732,871,0,57,48,32,22,14,9,4,2,2,2,66,61,46,30,20,11,7,4,2,2,1
24,4,2121,2,732,869,0,57,48,32,22,14,9,4,2,2,2,66,66,44,29,18,12,7,3,2,1,1
24,4,2122,0,667,796,0,64,45,31,19,10,7,6,4,2,1,66,59,41,28,16,11,7,3,2,1,1
24,4,2122,1,667,817,0,64,45,31,19,10,7,6,4,2,1,64,66,45,26,14,10,7,5,3,1,0
24,4,2122,2,667,769,0,64,45,31,19,10,7,6,4,2,1,59,64,39,26,19,9,6,5,2,1,0
24,4,2200,0,610,738,0,62,43,30,20,11,7,4,3,2,0,62,57,38,28,17,10,5,3,2,1,0
24,4,2200,1,610,686,0,62,43,30,20,11,7,4,3,2,0,63,62,43,24,13,8,6,3,1,1,0
24,4,2200,2,610,709,0,62,43,30,20,11,7,4,3,2,0,57,63,39,25,17,9,5,3,2,0,0
24,4,2201,0,622,716,0,60,49,31,17,11,8,5,2,1,1,59,63,42,22,13,10,7,4,1,1,0
24,4,2201,1,622,693,0,60,49,31,17,11,8,5,2,1,1,63,59,43,27,16,9,4,3,2,0,0
24,4,2201,2,622,727,0,60,49,31,17,11,8,5,2,1,1,63,63,40,27,16,9,6,2,1,1,1
24,4,2202,0,617,715,0,57,44,29,20,14,7,5,3,1,0,58,58,40,30,19,12,5,2,1,0,0
24,4,2202,1,617,716,0,57,44,29,20,14,7,5,3,1,0,64,58,39,26,15,9,5,3,2,1,0
24,4,2202,2,617,711,0,57,44,29,20,14,7,5,3,1,0,58,64,44,23,16,9,6,4,1,0,0
24,4,2210,0,562,622,0,58,44,29,16,11,8,4,2,1,0,56,57,37,25,14,7,6,3,1,0,0
24,4,2210,1,562,659,0,58,44,29,16,11,8,4,2,1,0,60,56,37,22,14,11,6,3,1,0,0
24,4,2210,2,562,610,0,58,44,29,16,11,8,4,2,1,0,57,60,41,24,14,8,3,1,1,1,0
24,4,2211,0,571,654,0,61,44,28,18,12,6,3,2,1,1,63,61,38,23,13,11,6,2,1,0,0
24,4,2211,1,571,658,0,61,44,28,18,12,6,3,2,1,1,52,63,39,21,13,8,3,3,2,1,1
24,4,2211,2,571,621,0,61,44,28,18,12,6,3,2,1,1,61,52,38,27,17,6,4,2,1,1,0
24,4,2212,0,551,613,0,57,42,26,19,11,7,5,2,1,0,52,57,34,20,14,10,7,3,0,0,0
24,4,2212,1,551,653,0,57,42,26,19,11,7,5,2,1,0,61,52,40,25,16,9,4,3,2,0,0
24,4,2212,2,551,639,0,57,42,26,19,11,7,5,2,1,0,57,61,39,26,15,7,4,2,1,1,0
24,4,2220,0,647,769,0,63,44,31,18,10,7,5,4,2,1,62,60,43,26,14,10,7,5,3,0,0
24,4,2220,1,647,797,0,63,44,31,18,10,7,5,4,2,1,63,62,42,26,16,9,5,4,2,2,1
24,4,2220,2,647,760,0,63,44,31,18,10,7,5,4,2,1,60,63,37,26,17,10,7,3,2,1,0
24,4,2221,0,656,806,0,59,45,31,21,13,7,4,3,1,1,63,64,45,28,17,10,5,3,1,1,1
24,4,2221,1,656,762,0,59,45,31,21,13,7,4,3,1,1,59,63,40,29,17,9,5,3,3,1,0
24,4,2221,2,656,788,0,59,45,31,21,13,7,4,3,1,1,64,59,42,25,17,11,7,4,2,1,1
24,4,2222,0,629,726,0,58,44,28,19,12,8,5,2,2,1,61,56,39,26,18,11,6,3,2,0,0
24,4,2222,1,629,784,0,58,44,28,19,12,8,5,2,2,1,62,61,43,26,14,10,6,3,2,2,1
24,4,2222,2,629,724,0,58,44,28,19,12,8,5,2,2,1,56,62,39,25,17,9,6,4,1,1,0
24,5,10000,0,1175,1485,76,75,55,37,23,16,9,5,3,2,1,0,101,75,53,33,19,12,8,5,3,2
24,5,10000,1,1175,1529,76,75,55,37,23,16,9,5,3,2,1,0,104,77,49,31,20,14,8,3,3,2
24,5,10000,2,1175,1531,76,75,55,37,23,16,9,5,3,2,1,0,99,76,51,34,22,12,6,5,2,1
24,5,10001,0,1111,1527,75,76,50,33,23,15,11,7,4,1,1,0,97,76,50,33,22,13,9,5,2,1
24,5,10001,1,1111,1485,75,76,50,33,23,15,11,7,4,1,1,0,100,74,51,31,20,13,8,5,3,1
24,5,10001,2,1111,1382,75,76,50,33,23,15,11,7,4,1,1,0,100,72,45,32,21,14,8,4,2,1
24,5,10002,0,1162,1448,75,75,53,37,25,16,11,7,3,2,1,0,105,77,53,33,20,12,8,5,2,1
24,5,10002,1,1162,1450,75,75,53,37,25,16,11,7,3,2,1,0,100,74,52,35,23,14,8,4,2,1
24,5,10002,2,1162,1487,75,75,53,37,25,16,11,7,3,2,1,0,100,79,50,34,22,14,8,4,2,1
24,5,10010,0,1142,1427,77,77,54,35,21,15,12,7,5,2,0,0,100,79,52,32,19,12,9,4,2,1
24,5,10010,1,1142,1439,77,77,54,35,21,15,12,7,5,2,0,0,101,75,50,34,20,14,7,4,3,1
24,5,10010,2,1142,1487,77,77,54,35,21,15,12,7,5,2,0,0,104,74,49,31,23,15,10,6,2,0
24,5,10011,0,1097,1442,74,77,49,34,23,15,8,7,3,2,2,0,101,69,48,29,21,15,8,6,2,1
24,5,10011,1,1097,1447,74,77,49,34,23,15,8,7,3,2,2,0,102,74,43,31,22,11,8,4,3,2
24,5,10011,2,1097,1353,74,77,49,34,23,15,8,7,3,2,2,0,91,77,52,34,17,11,6,4,2,1
24,5,10012,0,1128,1519,77,74,53,34,24,16,9,4,4,3,1,0,94,77,51,33,21,14,7,4,3,1
24,5,10012,1,1128,1463,77,74,53,34,24,16,9,4,4,3,1,0,99,78,53,32,20,12,8,5,2,1
24,5,10012,2,1128,1435,77,74,53,34,24,16,9,4,4,3,1,0,107,68,45,31,21,12,7,4,4,3
24,5,10020,0,1090,1351,78,73,52,34,25,17,9,4,3,2,1,0,99,71,45,31,23,14,6,2,2,2
24,5,10020,1,1090,1339,78,73,52,34,25,17,9,4,3,2,1,0,101,76,50,32,21,11,5,3,2,1
24,5,10020,2,1090,1351,78,73,52,34,25,17,9,4,3,2,1,0,98,73,52,32,17,11,8,5,2,0
24,5,10021,0,1127,1392,72,78,56,36,23,15,10,6,3,2,1,0,93,76,53,37,21,13,6,2,1,1
24,5,10021,1,1127,1412,72,78,56,36,23,15,10,6,3,2,1,0,102,79,50,28,22,12,7,5,2,1
24,5,10021,2,1127,1424,72,78,56,36,23,15,10,6,3,2,1,0,107,75,49,31,17,12,9,5,3,1
24,5,10022,0,1136,1425,73,72,51,37,24,15,10,7,3,1,1,0,100,69,48,35,25,15,6,3,1,1
24,5,10022,1,1136,1426,73,72,51,37,24,15,10,7,3,1,1,0,97,77,51,31,20,11,9,7,2,1
24,5,10022,2,1136,1451,73,72,51,37,24,15,10,7,3,1,1,0,98,76,51,33,17,12,8,3,3,1
24,5,10100,0,1364,1837,74,78,51,38,23,16,12,8,6,4,2,0,103,80,52,37,25,16,13,7,4,4
24,5,10100,1,1364,1885,74,78,51,38,23,16,12,8,6,4,2,0,109,84,53,36,23,16,10,7,6,3
24,5,10100,2,1364,1856,74,78,51,38,23,16,12,8,6,4,2,0,102,76,57,38,25,18,11,8,4,1
24,5,10101,0,1378,1844,77,74,50,34,26,18,14,9,5,2,1,0,103,80,59,38,25,15,11,8,3,2
24,5,10101,1,1378,1887,77,74,50,34,26,18,14,9,5,2,1,0,104,79,53,37,26,19,11,6,5,3
24,5,10102,0,1321,1733,78,77,57,39,27,20,12,8,4,2,2,0,110,85,56,37,25,18,11,6,2,1
24,5,10102,1,1321,1776,78,77,57,39,27,20,12,8,4,2,2,0,109,81,59,42,27,15,10,5,3,2
24,5,10102,2,1321,1708,78,77,57,39,27,20,12,8,4,2,2,0,108,83,57,36,24,16,8,6,4,2
24,5,10120,0,1388,1873,79,80,56,37,27,19,11,6,5,5,3,0,106,83,59,40,27,18,10,5,4,3
24,5,10120,1,1388,1863,79,80,56,37,27,19,11,6,5,5,3,0,112,84,57,36,25,15,10,7,4,4
24,5,10120,2,1388,1816,79,80,56,37,27,19,11,6,5,5,3,0,111,83,54,38,25,17,11,8,6,2
24,5,10121,0,1368,1812,71,79,55,39,25,16,14,10,6,3,1,0,109,82,55,38,25,17,10,6,3,2
24,5,10121,1,1368,1938,71,79,55,39,25,16,14,10,6,3,1,0,103,86,59,39,26,18,13,9,4,3
24,5,10121,2,1368,1882,71,79,55,39,25,16,14,10,6,3,1,0,109,82,57,39,26,17,13,7,5,1
24,5,10122,0,1421,1867,80,71,55,38,29,19,11,9,6,4,3,0,112,83,59,37,27,18,11,6,4,3
24,5,10122,1,1421,1919,80,71,55,38,29,19,11,9,6,4,3,0,107,81,56,42,25,17,12,9,4,2
24,5,10122,2,1421,1990,80,71,55,38,29,19,11,9,6,4,3,0,107,82,60,41,30,18,11,8,6,3
24,5,10200,0,1285,1676,83,77,56,41,24,18,11,7,4,2,2,0,107,80,58,40,23,14,8,6,3,1
24,5,10200,1,1285,1646,83,77,56,41,24,18,11,7,4,2,2,0,107,80,54,35,22,16,10,6,3,2
24,5,10200,2,1285,1658,83,77,56,41,24,18,11,7,4,2,2,0,112,83,54,35,24,15,9,4,3,2
24,5,10201,0,1225,1625,80,83,59,35,23,14,9,8,6,4,1,0,111,76,56,35,22,13,10,6,4,2
24,5,10201,1,1225,1580,80,83,59,35,23,14,9,8,6,4,1,0,102,78,52,34,22,14,9,6,3,1
24,5,10201,2,1225,1639,80,83,59,35,23,14,9,8,6,4,1,0,109,88,51,31,21,15,9,7,4,2
24,5,10202,0,1220,1543,77,80,57,39,27,16,12,7,3,2,1,0,110,81,53,36,22,14,9,4,2,1
24,5,10202,1,1220,1537,77,80,57,39,27,16,12,7,3,2,1,0,106,79,58,37,24,12,7,5,2,1
24,5,10202,2,1220,1533,77,80,57,39,27,16,12,7,3,2,1,0,105,84,53,34,22,15,9,4,2,1
24,5,10210,0,1288,1739,78,84,60,35,24,18,11,7,4,1,1,0,109,80,52,34,25,15,9,6,3,2
24,5,10210,1,1288,1669,78,84,60,35,24,18,11,7,4,1,1,0,111,86,55,33,21,13,9,5,3,2
24,5,10211,0,1362,1794,78,78,54,43,29,16,11,7,6,3,2,0,109,84,60,38,25,16,11,6,3,1
24,5,10211,1,1362,1786,78,78,54,43,29,16,11,7,6,3,2,0,110,86,57,37,23,15,10,7,4,3
24,5,10211,2,1362,1794,78,78,54,43,29,16,11,7,6,3,2,0,109,80,55,43,27,15,9,6,5,2
24,5,10212,0,1334,1759,84,78,55,37,26,19,13,8,4,3,1,0,109,84,57,36,23,16,10,7,4,2
24,5,10212,1,1334,1878,84,78,55,37,26,19,13,8,4,3,1,0,114,82,55,38,25,18,12,6,3,2
24,5,10212,2,1334,1721,84,78,55,37,26,19,13,8,4,3,1,0,107,80,56,39,28,16,9,5,3,2
24,5,10220,0,1289,1696,81,71,53,39,27,16,8,6,5,4,3,0,99,79,53,38,23,12,9,7,5,3
24,5,10220,1,1289,1710,81,71,53,39,27,16,8,6,5,4,3,0,104,78,55,37,24,15,8,6,5,3
24,5,10220,2,1289,1745,81,71,53,39,27,16,8,6,5,4,3,0,111,76,54,34,23,16,10,6,3,2
24,5,10221,0,1249,1595,80,81,57,37,23,15,12,5,4,4,2,0,110,78,51,36,21,14,10,5,4,2
24,5,10221,1,1249,1715,80,81,57,37,23,15,12,5,4,4,2,0,102,79,55,36,25,15,8,4,3,3
24,5,10221,2,1249,1647,80,81,57,37,23,15,12,5,4,4,2,0,109,84,54,31,20,14,10,7,4,2
24,5,10222,0,1281,1716,71,80,52,35,24,17,11,9,5,2,1,0,103,79,49,33,24,16,11,7,2,1
24,5,10222,1,1281,1678,71,80,52,35,24,17,11,9,5,2,1,0,102,80,53,39,23,14,9,6,4,3
24,5,10222,2,1281,1697,71,80,52,35,24,17,11,9,5,2,1,0,104,79,56,34,24,17,10,6,4,1
24,5,11000,0,989,1263,70,72,46,30,20,14,10,5,2,2,1,0,88,71,39,27,18,12,8,3,1,1
24,5,11000,1,989,1251,70,72,46,30,20,14,10,5,2,2,1,0,92,68,47,30,18,9,6,4,2,1
24,5,11000,2,989,1242,70,72,46,30,20,14,10,5,2,2,1,0,92,63,44,27,18,13,6,3,2,1
24,5,11001,0,1105,1473,68,70,46,30,20,15,10,7,4,1,1,0,93,70,45,29,18,14,8,6,4,2
24,5,11001,1,1105,1448,68,70,46,30,20,15,10,7,4,1,1,0,92,67,45,30,21,14,10,4,2,1
24,5,11001,2,1105,1466,68,70,46,30,20,15,10,7,4,1,1,0,89,69,46,31,21,12,7,5,2,1
24,5,11002,0,1087,1488,72,68,51,33,20,12,9,7,4,3,1,0,96,67,50,29,20,12,9,5,2,2
24,5,11002,1,1087,1426,72,68,51,33,20,12,9,7,4,3,1,0,91,70,43,29,17,12,8,6,4,2
24,5,11002,2,1087,1418,72,68,51,33,20,12,9,7,4,3,1,0,94,72,48,32,20,13,8,5,3,1
24,5,11010,0,1107,1402,73,74,46,33,23,15,11,6,4,2,1,0,94,70,50,33,22,13,7,4,2,1
24,5,11010,1,1107,1418,73,74,46,33,23,15,11,6,4,2,1,0,99,72,45,29,20,14,10,5,2,1
24,5,11010,2,1107,1412,73,74,46,33,23,15,11,6,4,2,1,0,95,73,46,33,20,12,7,4,3,1
24,5,11011,0,1098,1397,75,73,55,31,21,16,9,6,3,2,1,0,100,76,46,30,19,10,8,5,3,2
24,5,11011,1,1098,1455,75,73,55,31,21,16,9,6,3,2,1,0,95,73,55,33,18,11,6,4,3,1
24,5,11011,2,1098,1410,75,73,55,31,21,16,9,6,3,2,1,0,98,69,44,27,22,17,8,4,1,1
24,5,11012,0,1061,1324,74,75,56,40,22,12,7,5,4,2,1,0,100,77,49,27,14,12,7,5,3,0
24,5,11012,1,1061,1341,74,75,56,40,22,12,7,5,4,2,1,0,100,73,46,33,20,11,7,2,2,2
24,5,11012,2,1061,1366,74,75,56,40,22,12,7,5,4,2,1,0,98,74,54,33,19,8,5,5,2,1
24,5,11020,0,1090,1557,68,76,47,27,20,14,9,6,3,3,2,0,93,71,46,27,19,14,9,5,3,2
24,5,11020,1,1090,1427,68,76,47,27,20,14,9,6,3,3,2,0,96,70,41,28,20,13,8,5,3,2
24,5,11020,2,1090,1523,68,76,47,27,20,14,9,6,3,3,2,0,88,68,46,31,20,12,8,6,4,3
24,5,11021,1,1093,1517,68,68,47,34,25,14,7,4,3,2,1,0,94,71,45,30,20,12,8,5,3,2
24,5,11021,2,1093,1437,68,68,47,34,25,14,7,4,3,2,1,0,97,67,46,31,18,10,7,4,3,2
24,5,11022,0,1092,1402,76,68,50,35,21,13,9,5,4,2,2,0,96,69,46,34,19,11,6,4,3,2
24,5,11022,1,1092,1494,76,68,50,35,21,13,9,5,4,2,2,0,91,69,51,31,20,13,8,5,3,1
24,5,11022,2,1092,1429,76,68,50,35,21,13,9,5,4,2,2,0,99,72,45,27,18,12,9,5,3,2
24,5,11100,0,1040,1333,72,75,52,33,23,12,6,6,4,2,1,0,92,69,46,30,19,11,5,4,3,1
24,5,11100,1,1040,1293,72,75,52,33,23,12,6,6,4,2,1,0,96,73,45,26,19,12,7,5,2,0
24,5,11100,2,1040,1298,72,75,52,33,23,12,6,6,4,2,1,0,98,72,48,31,16,8,7,4,2,2
24,5,11101,0,1034,1284,75,72,50,36,22,12,9,4,3,3,1,0,96,67,46,32,18,10,5,3,3,2
24,5,11101,1,1034,1323,75,72,50,36,22,12,9,4,3,3,1,0,92,74,47,30,18,11,7,4,2,1
24,5,11101,2,1034,1323,75,72,50,36,22,12,9,4,3,3,1,0,99,71,47,28,18,11,8,4,2,1
24,5,11102,0,1034,1314,75,75,51,30,18,15,10,8,4,1,0,0,96,72,46,32,19,13,8,3,1,0
24,5,11102,1,1034,1284,75,75,51,30,18,15,10,8,4,1,0,0,98,69,47,27,21,12,6,5,2,1
24,5,11102,2,1034,1283,75,75,51,30,18,15,10,8,4,1,0,0,93,71,44,27,16,13,9,5,2,0
24,5,11110,0,1030,1290,80,65,52,34,21,13,7,4,4,2,1,0,93,65,45,28,19,11,5,5,3,1
24,5,11110,1,1030,1323,80,65,52,34,21,13,7,4,4,2,1,0,101,70,44,27,17,12,9,4,3,1
24,5,11110,2,1030,1319,80,65,52,34,21,13,7,4,4,2,1,0,90,69,50,32,17,9,5,3,2,2
24,5,11111,0,1118,1410,73,80,50,33,23,14,11,6,4,2,1,0,96,78,46,30,24,12,9,5,2,0
24,5,11111,1,1118,1364,73,80,50,33,23,14,11,6,4,2,1,0,101,80,54,30,15,10,8,5,3,1
24,5,11111,2,1118,1458,73,80,50,33,23,14,11,6,4,2,1,0,100,66,44,34,22,16,7,3,2,2
24,5,11112,0,1072,1350,65,73,47,33,23,18,9,5,2,2,2,0,90,75,50,31,18,10,6,5,3,1
24,5,11112,1,1072,1496,65,73,47,33,23,18,9,5,2,2,2,0,99,70,45,30,22,16,7,4,2,2
24,5,11112,2,1072,1471,65,73,47,33,23,18,9,5,2,2,2,0,91,70,47,34,22,13,8,3,2,2
24,5,11120,0,1075,1394,72,77,52,37,24,12,7,5,4,2,1,0,95,77,53,33,15,8,7,5,3,2
24,5,11120,1,1075,1351,72,77,52,37,24,12,7,5,4,2,1,0,101,70,46,31,20,11,5,4,4,1
24,5,11120,2,1075,1415,72,77,52,37,24,12,7,5,4,2,1,0,98,75,46,29,21,13,8,4,1,1
24,5,11121,0,1059,1393,69,72,47,34,23,14,8,5,3,3,2,0,97,66,45,30,19,15,9,5,3,1
24,5,11121,1,1059,1385,69,72,47,34,23,14,8,5,3,3,2,0,88,72,46,32,23,11,7,3,2,2
24,5,11121,2,1059,1342,69,72,47,34,23,14,8,5,3,3,2,0,95,73,48,30,16,9,5,5,3,2
24,5,11122,0,1110,1441,77,69,55,34,20,14,10,5,3,2,1,0,96,73,49,29,17,11,8,5,2,1
24,5,11122,1,1110,1461,77,69,55,34,20,14,10,5,3,2,1,0,95,70,49,34,18,13,7,5,3,2
24,5,11122,2,1110,1459,77,69,55,34,20,14,10,5,3,2,1,0,101,72,48,28,22,13,8,3,3,2
24,5,11200,0,1075,1429,75,71,49,32,20,17,12,5,3,1,1,0,99,69,48,29,16,13,10,5,3,1
24,5,11200,1,1075,1353,75,71,49,32,20,17,12,5,3,1,1,0,91,69,46,35,22,14,6,2,2,1
24,5,11200,2,1075,1414,75,71,49,32,20,17,12,5,3,1,1,0,97,74,47,28,22,13,7,4,1,1
24,5,11201,0,1112,1390,75,75,54,34,23,13,8,7,5,2,1,0,101,71,48,30,19,13,8,5,3,1
24,5,11201,1,1112,1435,75,75,54,34,23,13,8,7,5,2,1,0,95,75,46,33,22,14,8,4,2,1
24,5,11201,2,1112,1411,75,75,54,34,23,13,8,7,5,2,1,0,101,76,53,30,18,9,7,6,3,1
24,5,11202,0,1102,1456,71,75,49,36,24,15,8,5,2,2,1,0,95,73,47,33,23,11,5,3,2,1
24,5,11202,1,1102,1406,71,75,49,36,24,15,8,5,2,2,1,0,99,73,48,31,19,11,6,5,2,2
24,5,11202,2,1102,1482,71,75,49,36,24,15,8,5,2,2,1,0,96,73,49,31,17,13,9,4,3,2
24,5,11210,0,1081,1402,76,68,53,32,24,17,9,5,2,2,2,0,99,70,46,32,23,13,7,2,2,2
24,5,11210,1,1081,1348,76,68,53,32,24,17,9,5,2,2,2,0,93,74,53,33,19,9,5,4,2,1
24,5,11210,2,1081,1388,76,68,53,32,24,17,9,5,2,2,2,0,98,70,47,28,19,15,8,5,2,1
24,5,11211,0,1090,1431,76,76,55,37,25,15,8,3,3,2,1,0,97,77,52,32,19,12,7,4,2,1
24,5,11211,1,1090,1348,76,76,55,37,25,15,8,3,3,2,1,0,106,73,48,30,20,10,6,3,3,2
24,5,11211,2,1090,1389,76,76,55,37,25,15,8,3,3,2,1,0,99,76,50,33,19,11,5,3,2,1
24,5,11212,0,1085,1425,68,76,50,36,21,13,11,8,4,2,0,0,97,72,44,30,23,15,10,6,1,0
24,5,11212,1,1085,1402,68,76,50,36,21,13,11,8,4,2,0,0,96,79,51,31,17,10,10,5,2,1
24,5,11212,2,1085,1361,68,76,50,36,21,13,11,8,4,2,0,0,96,70,50,34,19,13,5,3,3,1
24,5,11220,0,1164,1505,74,71,51,35,21,13,10,8,6,3,1,0,96,70,49,34,24,13,8,5,3,2
24,5,11220,1,1164,1538,74,71,51,35,21,13,10,8,6,3,1,0,97,78,50,29,19,13,10,8,4,1
24,5,11220,2,1164,1515,74,71,51,35,21,13,10,8,6,3,1,0,100,71,49,34,19,15,10,5,3,1
24,5,11221,0,1149,1457,73,74,48,34,26,14,12,8,3,1,1,0,100,75,49,32,21,12,9,5,3,1
24,5,11221,1,1149,1477,73,74,48,34,26,14,12,8,3,1,1,0,98,76,50,35,20,13,8,4,2,1
24,5,11221,2,1149,1490,73,74,48,34,26,14,12,8,3,1,1,0,97,71,49,33,25,15,9,5,1,1
24,5,11222,0,1151,1487,71,73,53,34,23,20,10,6,4,2,1,0,101,80,51,30,21,15,10,6,2,0
24,5,11222,1,1151,1466,71,73,53,34,23,20,10,6,4,2,1,0,102,74,51,35,21,13,8,3,3,2
24,5,11222,2,1151,1459,71,73,53,34,23,20,10,6,4,2,1,0,94,72,51,35,24,15,5,4,2,1
24,5,20000,0,943,1260,64,67,45,27,19,13,8,6,3,2,1,0,84,70,39,25,18,13,8,3,1,1
24,5,20000,1,943,1205,64,67,45,27,19,13,8,6,3,2,1,0,87,62,45,29,17,9,6,4,2,1
24,5,20000,2,943,1215,64,67,45,27,19,13,8,6,3,2,1,0,84,59,40,25,17,11,6,5,3,1
24,5,20001,0,942,1217,61,64,44,31,21,13,7,4,2,1,1,0,84,66,41,27,17,11,4,4,2,2
24,5,20001,1,942,1284,61,64,44,31,21,13,7,4,2,1,1,0,89,61,41,26,17,11,8,4,3,1
24,5,20001,2,942,1217,61,64,44,31,21,13,7,4,2,1,1,0,78,63,44,29,17,8,5,2,1,1
24,5,20002,0,938,1250,67,61,44,28,19,12,8,4,3,2,1,0,82,61,43,27,19,11,5,3,2,1
24,5,20002,1,938,1211,67,61,44,28,19,12,8,4,3,2,1,0,81,62,40,24,15,10,8,5,2,1
24,5,20002,2,938,1201,67,61,44,28,19,12,8,4,3,2,1,0,87,60,39,27,16,10,6,3,3,2
24,5,20010,0,788,1005,64,59,40,28,18,14,6,3,2,1,0,0,78,56,39,25,17,8,4,1,1,1
24,5,20010,1,788,948,64,59,40,28,18,14,6,3,2,1,0,0,80,57,37,22,14,9,3,2,1,0
24,5,20010,2,788,982,64,59,40,28,18,14,6,3,2,1,0,0,77,58,36,25,13,9,5,3,1,0
24,5,20011,0,774,955,67,64,45,27,15,9,7,4,2,1,0,0,79,59,36,23,12,7,4,3,1,1
24,5,20011,1,774,977,67,64,45,27,15,9,7,4,2,1,0,0,79,59,39,22,13,8,4,2,2,0
24,5,20011,2,774,909,67,64,45,27,15,9,7,4,2,1,0,0,83,56,35,20,13,8,6,2,0,0
24,5,20012,0,802,1005,59,67,42,29,19,10,6,3,2,1,1,0,83,61,38,23,15,9,5,2,1,0
24,5,20012,1,802,955,59,67,42,29,19,10,6,3,2,1,1,0,80,57,38,23,14,7,4,2,1,1
24,5,20012,2,802,1017,59,67,42,29,19,10,6,3,2,1,1,0,76,62,37,25,13,7,4,3,2,1
24,5,20020,0,870,1126,64,68,45,28,16,10,8,5,1,1,1,0,85,61,40,25,15,10,5,1,1,1
24,5,20020,1,870,1111,64,68,45,28,16,10,8,5,1,1,1,0,80,61,38,23,16,9,5,4,1,1
24,5,20020,2,870,1094,64,68,45,28,16,10,8,5,1,1,1,0,83,62,38,23,12,8,7,4,2,1
24,5,20021,0,821,1035,65,64,45,29,20,11,5,3,3,1,0,0,81,62,38,25,14,8,4,2,2,1
24,5,20021,1,821,972,65,64,45,29,20,11,5,3,3,1,0,0,84,59,39,26,16,6,3,2,1,0
24,5,20021,2,821,992,65,64,45,29,20,11,5,3,3,1,0,0,81,60,40,21,13,9,5,3,1,0
24,5,20022,0,881,1110,68,65,47,31,17,10,6,4,3,2,1,0,83,63,38,25,16,10,6,2,1,1
24,5,20022,1,881,1130,68,65,47,31,17,10,6,4,3,2,1,0,85,63,42,25,15,8,5,4,2,1
24,5,20022,2,881,1099,68,65,47,31,17,10,6,4,3,2,1,0,86,60,41,24,12,8,5,4,3,1
24,5,20100,0,880,1130,69,63,47,29,16,12,6,4,2,1,1,0,83,60,41,26,14,7,4,3,2,1
24,5,20100,1,880,1105,69,63,47,29,16,12,6,4,2,1,1,0,82,60,40,24,15,10,5,3,1,1
24,5,20100,2,880,1091,69,63,47,29,16,12,6,4,2,1,1,0,86,62,38,22,14,10,6,3,2,1
24,5,20101,0,849,1080,59,69,41,27,17,9,7,4,3,2,1,0,80,59,36,24,14,8,7,2,2,2
24,5,20101,1,849,1046,59,69,41,27,17,9,7,4,3,2,1,0,77,59,38,24,16,8,3,3,2,1
24,5,20101,2,849,1090,59,69,41,27,17,9,7,4,3,2,1,0,82,62,37,22,13,10,7,5,2,0
24,5,20102,0,902,1171,63,59,39,27,20,12,8,5,3,2,1,0,81,56,36,25,14,12,7,4,2,1
24,5,20102,1,902,1174,63,59,39,27,20,12,8,5,3,2,1,0,77,61,38,29,19,10,6,3,2,1
24,5,20102,2,902,1135,63,59,39,27,20,12,8,5,3,2,1,0,81,59,43,24,18,9,6,4,2,1
24,5,20110,0,939,1307,66,62,44,28,19,10,6,5,2,1,1,0,84,65,44,23,13,9,7,6,2,2
24,5,20110,1,939,1228,66,62,44,28,19,10,6,5,2,1,1,0,81,56,38,25,15,10,7,3,3,2
24,5,20111,0,924,1190,68,66,46,29,16,11,7,3,3,2,2,0,89,59,41,21,15,10,6,4,2,1
24,5,20111,1,924,1234,68,66,46,29,16,11,7,3,3,2,2,0,83,60,35,27,14,11,8,4,3,2
24,5,20111,2,924,1195,68,66,46,29,16,11,7,3,3,2,2,0,82,67,44,26,16,8,4,3,3,2
24,5,20112,0,944,1301,62,68,46,27,16,11,7,5,3,2,1,0,82,64,41,27,15,8,6,5,4,2
24,5,20112,1,944,1301,62,68,46,27,16,11,7,5,3,2,1,0,80,61,42,26,16,11,7,4,2,1
24,5,20112,2,944,1212,62,68,46,27,16,11,7,5,3,2,1,0,88,63,37,21,16,12,7,4,2,2
24,5,20120,0,916,1265,68,60,43,30,20,13,7,4,3,2,1,0,85,64,44,28,18,8,5,4,3,2
24,5,20120,1,916,1156,68,60,43,30,20,13,7,4,3,2,1,0,84,57,41,25,16,12,5,3,3,1
24,5,20120,2,916,1272,68,60,43,30,20,13,7,4,3,2,1,0,83,63,39,28,17,11,8,4,1,1
24,5,20121,0,882,1114,63,68,42,26,17,12,7,4,3,2,1,0,79,58,37,25,17,12,5,3,2,1
24,5,20121,1,882,1128,63,68,42,26,17,12,7,4,3,2,1,0,86,61,36,23,16,9,6,3,2,1
24,5,20121,2,882,1097,63,68,42,26,17,12,7,4,3,2,1,0,80,63,41,24,13,8,6,4,2,1
24,5,20122,0,950,1314,60,63,45,30,20,11,8,5,2,1,1,0,80,60,43,30,18,10,7,4,1,1
24,5,20122,1,950,1235,60,63,45,30,20,11,8,5,2,1,1,0,79,66,44,24,16,9,6,4,3,2
24,5,20122,2,950,1189,60,63,45,30,20,11,8,5,2,1,1,0,89,62,38,26,16,11,6,3,2,1
24,5,20200,0,838,1003,66,69,47,31,20,11,7,4,2,1,0,0,87,65,39,21,14,8,5,2,1,0
24,5,20200,1,838,1079,66,69,47,31,20,11,7,4,2,1,0,0,88,62,40,28,15,9,4,3,1,1
24,5,20200,2,838,1072,66,69,47,31,20,11,7,4,2,1,0,0,83,65,44,27,16,8,5,2,1,0
24,5,20201,0,869,1107,66,66,42,30,21,13,8,4,1,1,1,0,85,65,37,24,15,9,6,4,1,1
24,5,20201,1,869,1136,66,66,42,30,21,13,8,4,1,1,1,0,83,64,43,30,15,9,6,1,1,1
24,5,20201,2,869,1058,66,66,42,30,21,13,8,4,1,1,1,0,85,58,41,25,19,10,3,2,1,0
24,5,20202,0,931,1164,69,66,51,31,18,11,6,4,3,1,1,0,85,65,46,25,15,8,5,3,1,1
24,5,20202,1,931,1167,69,66,51,31,18,11,6,4,3,1,1,0,91,61,38,23,16,11,5,4,3,1
24,5,20202,2,931,1144,69,66,51,31,18,11,6,4,3,1,1,0,86,67,43,28,14,8,6,3,2,1
24,5,20210,0,824,991,66,62,41,28,18,11,7,3,2,1,1,0,79,56,37,25,17,8,4,2,1,1
24,5,20210,1,824,1043,66,62,41,28,18,11,7,3,2,1,1,0,84,57,38,23,13,7,4,3,2,1
24,5,20210,2,824,1002,66,62,41,28,18,11,7,3,2,1,1,0,77,61,37,23,13,10,6,2,1,0
24,5,20211,0,826,1048,66,66,43,24,16,13,9,4,2,1,0,0,83,60,39,26,14,8,6,3,1,0
24,5,20211,1,826,1021,66,66,43,24,16,13,9,4,2,1,0,0,77,59,42,22,16,10,4,1,1,1
24,5,20211,2,826,1021,66,66,43,24,16,13,9,4,2,1,0,0,84,59,31,21,15,11,6,3,1,0
24,5,20212,0,773,908,62,66,43,29,18,10,5,4,2,1,0,0,80,59,35,18,13,10,5,2,0,0
24,5,20212,1,773,957,62,66,43,29,18,10,5,4,2,1,0,0,83,59,35,25,13,6,4,3,1,1
24,5,20212,2,773,990,62,66,43,29,18,10,5,4,2,1,0,0,77,60,42,26,14,6,3,2,2,0
24,5,20220,0,778,910,67,66,46,27,14,10,7,5,2,0,0,0,81,58,36,20,13,6,4,4,1,0
24,5,20220,1,778,955,67,66,46,27,14,10,7,5,2,0,0,0,83,66,38,21,10,8,5,2,1,0
24,5,20220,2,778,937,67,66,46,27,14,10,7,5,2,0,0,0,80,53,37,24,15,10,5,1,0,0
24,5,20221,0,828,1045,59,67,43,29,21,11,5,4,2,1,1,0,79,67,45,27,12,7,5,2,1,1
24,5,20221,1,828,1079,59,67,43,29,21,11,5,4,2,1,1,0,82,58,39,23,18,10,3,2,1,1
24,5,20221,2,828,1026,59,67,43,29,21,11,5,4,2,1,1,0,82,59,33,24,15,7,5,4,2,0
24,5,20222,0,798,951,66,59,44,32,19,11,6,2,2,2,0,0,89,61,36,20,11,8,4,2,1,1
24,5,20222,1,798,1059,66,59,44,32,19,11,6,2,2,2,0,0,78,56,41,32,15,8,3,2,2,1
24,5,20222,2,798,976,66,59,44,32,19,11,6,2,2,2,0,0,76,60,41,22,16,7,5,2,1,0
24,5,21000,0,814,979,63,66,44,31,17,9,7,5,2,1,0,0,78,58,39,23,13,7,5,4,1,0
24,5,21000,1,814,1053,63,66,44,31,17,9,7,5,2,1,0,0,83,66,37,23,13,9,6,2,1,1
24,5,21000,2,814,988,63,66,44,31,17,9,7,5,2,1,0,0,84,58,40,26,15,8,4,2,1,0
24,5,21001,0,868,1084,65,63,44,27,20,13,9,4,1,1,1,0,79,62,42,28,15,9,5,2,1,1
24,5,21001,1,868,1128,65,63,44,27,20,13,9,4,1,1,1,0,79,61,42,24,18,11,5,2,1,1
24,5,21001,2,868,1044,65,63,44,27,20,13,9,4,1,1,1,0,90,60,36,24,16,9,6,3,1,0
24,5,21002,0,796,933,66,65,45,28,17,13,6,4,3,1,0,0,90,59,35,22,12,7,5,2,1,0
24,5,21002,1,796,1066,66,65,45,28,17,13,6,4,3,1,0,0,78,59,40,30,16,10,3,2,1,1
24,5,21002,2,796,1102,66,65,45,28,17,13,6,4,3,1,0,0,80,64,42,20,16,10,6,4,2,0
24,5,21010,0,822,1003,69,65,50,31,18,10,6,4,2,1,0,0,82,67,48,24,12,6,5,3,0,0
24,5,21010,1,822,1000,69,65,50,31,18,10,6,4,2,1,0,0,84,56,38,25,12,8,4,2,2,1
24,5,21010,2,822,1004,69,65,50,31,18,10,6,4,2,1,0,0,90,64,36,23,17,9,4,2,1,0
24,5,21011,0,842,997,65,69,46,31,19,12,7,4,2,0,0,0,93,56,39,24,15,9,4,3,0,0
24,5,21011,1,842,1041,65,69,46,31,19,12,7,4,2,0,0,0,79,61,38,26,17,9,5,2,1,0
24,5,21011,2,842,1014,65,69,46,31,19,12,7,4,2,0,0,0,83,73,44,25,12,7,4,1,1,0
24,5,21012,0,871,1113,65,65,43,29,20,13,8,4,3,1,0,0,83,64,41,28,17,9,6,2,1,1
24,5,21012,1,871,1060,65,65,43,29,20,13,8,4,3,1,0,0,80,59,44,26,16,9,4,3,1,0
24,5,21012,2,871,1068,65,65,43,29,20,13,8,4,3,1,0,0,88,63,36,24,16,11,6,3,2,0
24,5,21020,0,849,1035,63,64,42,29,20,12,6,4,3,1,0,0,88,56,38,23,14,11,5,3,1,0
24,5,21020,1,849,1045,63,64,42,29,20,12,6,4,3,1,0,0,76,62,40,26,16,8,4,2,1,1
24,5,21020,2,849,1054,63,64,42,29,20,12,6,4,3,1,0,0,80,63,39,26,16,7,5,3,2,0
24,5,21021,0,838,1110,66,63,43,28,15,9,6,4,2,2,2,0,79,61,40,22,11,9,6,3,2,2
24,5,21021,1,838,1066,66,63,43,28,15,9,6,4,2,2,2,0,81,55,36,22,14,9,5,3,2,1
24,5,21021,2,838,1043,66,63,43,28,15,9,6,4,2,2,2,0,80,58,35,24,15,7,5,4,2,1
24,5,21022,0,861,1102,64,66,43,26,19,11,6,2,2,2,1,0,88,55,40,22,15,8,3,2,2,2
24,5,21022,1,861,1101,64,66,43,26,19,11,6,2,2,2,1,0,80,59,34,22,14,11,6,3,2,1
24,5,21022,2,861,1048,64,66,43,26,19,11,6,2,2,2,1,0,75,65,39,26,15,6,5,3,2,1
24,5,21100,0,952,1222,68,65,46,31,18,13,9,6,4,2,0,0,87,63,42,32,16,12,8,5,2,0
24,5,21100,1,952,1246,68,65,46,31,18,13,9,6,4,2,0,0,85,65,48,28,19,10,7,4,2,0
24,5,21100,2,952,1190,68,65,46,31,18,13,9,6,4,2,0,0,90,66,39,23,17,12,6,3,2,2
24,5,21101,0,870,1053,69,68,48,30,17,10,7,6,3,1,0,0,88,61,40,22,14,10,5,3,2,0
24,5,21101,1,870,1081,69,68,48,30,17,10,7,6,3,1,0,0,83,64,40,26,15,10,7,4,0,0
24,5,21101,2,870,1116,69,68,48,30,17,10,7,6,3,1,0,0,88,65,42,26,15,7,5,3,2,1
24,5,21102,0,925,1188,65,69,44,29,21,12,7,4,3,2,1,0,89,65,39,25,17,8,6,3,3,2
24,5,21102,1,925,1146,65,69,44,29,21,12,7,4,3,2,1,0,89,64,42,26,14,9,5,3,2,1
24,5,21102,2,925,1164,65,69,44,29,21,12,7,4,3,2,1,0,79,63,42,28,19,12,6,4,1,0
24,5,21110,0,959,1216,66,67,46,31,23,14,7,4,2,1,1,0,86,66,43,30,18,10,5,3,1,1
24,5,21110,1,959,1216,66,67,46,31,23,14,7,4,2,1,1,0,88,68,46,27,18,9,6,4,2,1
24,5,21110,2,959,1213,66,67,46,31,23,14,7,4,2,1,1,0,89,63,41,27,17,11,5,2,2,1
24,5,21111,0,871,1052,67,66,44,31,21,14,7,3,2,1,0,0,87,67,38,22,16,10,5,2,1,0
24,5,21111,1,871,1084,67,66,44,31,21,14,7,3,2,1,0,0,90,63,44,28,13,8,5,3,1,0
24,5,21111,2,871,1064,67,66,44,31,21,14,7,3,2,1,0,0,79,59,41,29,19,9,3,1,1,1
24,5,21112,0,933,1149,67,67,47,29,18,12,9,6,3,1,1,0,85,70,42,22,15,9,6,6,2,0
24,5,21112,1,933,1218,67,67,47,29,18,12,9,6,3,1,1,0,90,65,42,26,14,12,9,3,2,1
24,5,21112,2,933,1190,67,67,47,29,18,12,9,6,3,1,1,0,85,58,42,31,21,11,5,2,1,1
24,5,21120,0,920,1170,65,64,45,31,18,11,7,4,2,1,1,0,84,63,40,25,13,10,7,2,2,1
24,5,21120,1,920,1220,65,64,45,31,18,11,7,4,2,1,1,0,82,60,41,29,17,9,4,3,1,1
24,5,21120,2,920,1236,65,64,45,31,18,11,7,4,2,1,1,0,85,63,41,23,16,9,6,5,3,2
24,5,21121,0,943,1213,67,65,45,27,20,12,9,5,2,1,1,0,88,62,40,25,16,11,6,4,2,1
24,5,21121,1,943,1205,67,65,45,27,20,12,9,5,2,1,1,0,85,61,41,27,18,11,7,3,2,1
24,5,21121,2,943,1177,67,65,45,27,20,12,9,5,2,1,1,0,82,65,42,26,17,9,6,3,1,1
24,5,21122,0,923,1165,64,67,47,32,20,14,7,3,2,2,1,0,84,65,44,28,18,10,4,3,2,1
24,5,21122,1,923,1128,64,67,47,32,20,14,7,3,2,2,1,0,88,65,42,25,15,10,6,2,1,1
24,5,21122,2,923,1162,64,67,47,32,20,14,7,3,2,2,1,0,87,65,42,28,16,9,5,3,2,1
24,5,21200,0,822,978,64,65,45,25,18,11,6,4,3,1,0,0,83,61,38,20,13,10,5,2,1,1
24,5,21200,1,822,1000,64,65,45,25,18,11,6,4,3,1,0,0,84,57,36,23,15,9,5,3,1,0
24,5,21200,2,822,993,64,65,45,25,18,11,6,4,3,1,0,0,75,60,39,25,15,6,4,3,2,0
24,5,21201,0,814,998,62,64,42,28,17,12,7,4,2,1,0,0,81,61,38,23,13,7,4,2,2,1
24,5,21201,1,814,1015,62,64,42,28,17,12,7,4,2,1,0,0,77,60,38,26,14,10,5,2,1,0
24,5,21201,2,814,980,62,64,42,28,17,12,7,4,2,1,0,0,81,56,37,22,16,9,5,3,0,0
24,5,21202,0,735,848,65,62,40,28,16,10,7,4,1,0,0,0,74,59,35,22,13,7,3,1,0,0
24,5,21202,1,735,923,65,62,40,28,16,10,7,4,1,0,0,0,81,53,34,23,14,8,4,2,1,0
24,5,21202,2,735,882,65,62,40,28,16,10,7,4,1,0,0,0,78,56,37,21,11,7,5,2,0,0
24,5,21210,0,879,1119,61,66,46,29,18,11,6,4,3,2,1,0,83,63,35,25,18,9,4,2,2,2
24,5,21210,1,879,1118,61,66,46,29,18,11,6,4,3,2,1,0,86,64,43,24,13,9,6,5,2,0
24,5,21210,2,879,1101,61,66,46,29,18,11,6,4,3,2,1,0,78,59,42,25,14,9,6,3,2,1
24,5,21211,0,871,1185,66,61,46,30,20,11,7,4,2,2,1,0,76,64,46,30,17,7,4,3,2,2
24,5,21211,1,871,1076,66,61,46,30,20,11,7,4,2,2,1,0,87,60,40,22,15,10,5,3,2,0
24,5,21211,2,871,1080,66,61,46,30,20,11,7,4,2,2,1,0,87,60,37,25,15,10,7,3,1,1
24,5,21212,0,869,1140,66,66,44,29,18,12,7,3,2,1,1,0,85,59,36,26,16,11,6,3,1,1
24,5,21212,1,869,1102,66,66,44,29,18,12,7,3,2,1,1,0,83,62,43,25,16,7,4,3,3,1
24,5,21212,2,869,1094,66,66,44,29,18,12,7,3,2,1,1,0,82,63,39,23,13,9,5,2,1,1
24,5,21220,0,796,997,66,59,41,28,16,11,7,3,2,1,1,0,78,54,32,22,14,9,4,2,2,1
24,5,21220,1,796,996,66,59,41,28,16,11,7,3,2,1,1,0,82,60,37,23,13,8,5,3,1,0
24,5,21220,2,796,989,66,59,41,28,16,11,7,3,2,1,1,0,75,55,41,24,14,8,5,2,1,1
24,5,21221,0,817,999,64,66,45,26,14,10,7,5,3,1,0,0,74,58,39,24,14,9,4,2,2,1
24,5,21221,1,817,992,64,66,45,26,14,10,7,5,3,1,0,0,82,65,35,17,13,10,6,3,1,0
24,5,21221,2,817,1001,64,66,45,26,14,10,7,5,3,1,0,0,85,54,37,25,13,7,6,4,1,0
24,5,21222,0,769,921,59,64,39,26,19,9,6,5,2,1,0,0,76,55,37,23,15,7,4,2,0,0
24,5,21222,1,769,983,59,64,39,26,19,9,6,5,2,1,0,0,78,59,35,22,13,7,4,4,2,1
24,5,21222,2,769,955,59,64,39,26,19,9,6,5,2,1,0,0,76,57,35,23,14,9,6,2,1,0
24,5,22000,0,738,880,62,57,38,28,17,10,5,3,2,1,0,0,73,53,33,23,13,7,3,2,2,0
24,5,22000,1,738,877,62,57,38,28,17,10,5,3,2,1,0,0,73,55,34,22,14,8,4,1,0,0
24,5,22000,2,738,901,62,57,38,28,17,10,5,3,2,1,0,0,77,53,37,21,11,6,4,3,1,1
24,5,22001,0,686,822,63,62,43,24,13,8,6,3,1,1,0,0,71,51,33,21,13,6,4,1,0,0
24,5,22001,1,686,790,63,62,43,24,13,8,6,3,1,1,0,0,78,55,31,17,11,5,2,2,1,1
24,5,22001,2,686,829,63,62,43,24,13,8,6,3,1,1,0,0,75,55,35,18,8,8,5,2,1,0
24,5,22002,0,709,837,57,63,39,25,17,9,5,3,2,0,0,0,70,51,32,22,13,7,3,2,1,0
24,5,22002,1,709,810,57,63,39,25,17,9,5,3,2,0,0,0,71,60,35,20,12,6,3,1,0,0
24,5,22002,2,709,847,57,63,39,25,17,9,5,3,2,0,0,0,79,52,33,19,11,6,4,2,1,0
24,5,22010,0,716,880,59,63,42,22,13,10,7,4,1,1,0,0,74,57,34,16,13,9,4,2,1,0
24,5,22010,1,716,842,59,63,42,22,13,10,7,4,1,1,0,0,77,51,31,19,11,7,6,3,0,0
24,5,22010,2,716,891,59,63,42,22,13,10,7,4,1,1,0,0,71,55,35,23,12,7,3,1,1,1
24,5,22011,0,693,810,63,59,43,27,16,9,4,3,2,0,0,0,78,52,35,19,11,4,3,2,1,0
24,5,22011,1,693,810,63,59,43,27,16,9,4,3,2,0,0,0,72,56,33,21,9,6,3,2,1,0
24,5,22011,2,693,828,63,59,43,27,16,9,4,3,2,0,0,0,76,55,36,21,14,8,3,1,0,0
24,5,22012,0,727,919,63,63,40,27,16,9,6,2,1,1,1,0,74,55,38,23,12,6,5,2,1,1
24,5,22012,1,727,893,63,63,40,27,16,9,6,2,1,1,1,0,76,53,32,19,13,7,3,1,1,1
24,5,22012,2,727,864,63,63,40,27,16,9,6,2,1,1,1,0,79,58,33,21,11,7,3,2,1,0
24,5,22020,0,715,866,58,58,40,30,19,12,5,2,1,0,0,0,77,55,36,24,14,7,2,1,0,0
24,5,22020,1,715,903,58,58,40,30,19,12,5,2,1,0,0,0,74,56,38,22,12,7,3,2,1,0
24,5,22020,2,715,811,58,58,40,30,19,12,5,2,1,0,0,0,74,56,35,23,13,6,3,0,0,0
24,5,22021,0,716,859,64,58,39,26,15,9,5,3,2,1,0,0,72,55,33,20,12,6,3,3,1,0
24,5,22021,1,716,863,64,58,39,26,15,9,5,3,2,1,0,0,75,52,34,21,10,7,5,2,1,0
24,5,22021,2,716,855,64,58,39,26,15,9,5,3,2,1,0,0,75,51,33,20,13,7,3,1,1,1
24,5,22022,0,711,827,58,64,44,23,16,9,6,4,1,0,0,0,76,55,32,19,12,7,4,2,0,0
24,5,22022,1,711,849,58,64,44,23,16,9,6,4,1,0,0,0,75,57,34,20,12,6,4,2,1,0
24,5,22022,2,711,817,58,64,44,23,16,9,6,4,1,0,0,0,74,55,37,20,12,7,3,1,0,0
24,5,22100,0,622,685,56,57,37,25,14,7,6,3,1,0,0,0,72,52,31,17,7,4,3,1,1,0
24,5,22100,1,622,757,56,57,37,25,14,7,6,3,1,0,0,0,67,46,30,22,12,8,2,0,0,0
24,5,22100,2,622,795,56,57,37,25,14,7,6,3,1,0,0,0,67,52,32,17,12,5,5,3,0,0
24,5,22101,0,659,795,60,56,37,22,14,11,6,3,1,0,0,0,71,48,29,19,12,10,4,1,0,0
24,5,22101,1,659,797,60,56,37,22,14,11,6,3,1,0,0,0,69,52,28,20,14,6,3,1,1,0
24,5,22101,2,659,767,60,56,37,22,14,11,6,3,1,0,0,0,70,50,37,18,9,5,3,2,0,0
24,5,22102,0,610,735,57,60,41,24,14,8,3,1,1,1,0,0,67,50,35,20,10,5,1,1,1,0
24,5,22102,1,610,688,57,60,41,24,14,8,3,1,1,1,0,0,71,50,29,16,9,5,3,1,0,0
24,5,22102,2,610,729,57,60,41,24,14,8,3,1,1,1,0,0,72,53,29,16,9,4,2,1,1,1
24,5,22110,0,654,797,63,61,38,23,13,11,6,2,1,0,0,0,75,53,31,18,13,7,4,1,0,0
24,5,22110,1,654,765,63,61,38,23,13,11,6,2,1,0,0,0,68,49,34,21,10,5,2,1,1,0
24,5,22110,2,654,776,63,61,38,23,13,11,6,2,1,0,0,0,75,53,29,17,10,8,3,1,0,0
24,5,22111,0,658,776,52,63,39,21,13,8,3,3,2,1,1,0,69,49,29,18,9,6,3,3,2,0
24,5,22111,1,658,809,52,63,39,21,13,8,3,3,2,1,1,0,70,50,27,18,13,6,4,2,1,1
24,5,22111,2,658,845,52,63,39,21,13,8,3,3,2,1,1,0,67,55,35,16,9,6,3,2,1,1
24,5,22112,0,621,793,61,52,38,27,17,6,4,2,1,1,0,0,66,46,29,19,14,6,4,1,1,0
24,5,22112,1,621,694,61,52,38,27,17,6,4,2,1,1,0,0,68,56,32,19,8,3,2,1,0,0
24,5,22112,2,621,804,61,52,38,27,17,6,4,2,1,1,0,0,75,46,35,20,9,5,2,2,1,1
24,5,22120,0,613,776,52,57,34,20,14,10,7,3,0,0,0,0,67,48,33,20,14,8,2,0,0,0
24,5,22120,1,613,733,52,57,34,20,14,10,7,3,0,0,0,0,68,46,27,14,12,7,4,2,0,0
24,5,22120,2,613,726,52,57,34,20,14,10,7,3,0,0,0,0,62,51,28,20,8,5,4,1,0,0
24,5,22121,0,653,815,61,52,40,25,16,9,4,3,2,0,0,0,70,53,33,21,12,6,4,2,0,0
24,5,22121,1,653,812,61,52,40,25,16,9,4,3,2,0,0,0,69,49,37,22,11,3,3,2,1,0
24,5,22121,2,653,774,61,52,40,25,16,9,4,3,2,0,0,0,73,49,29,16,11,9,2,1,1,0
24,5,22122,0,639,743,57,61,39,26,15,7,4,2,1,1,0,0,73,50,31,16,9,6,3,1,1,0
24,5,22122,1,639,745,57,61,39,26,15,7,4,2,1,1,0,0,68,51,29,20,11,5,3,2,0,0
24,5,22122,2,639,788,57,61,39,26,15,7,4,2,1,1,0,0,72,55,35,20,10,4,2,1,1,1
24,5,22200,0,769,926,62,60,43,26,14,10,7,5,3,0,0,0,77,54,37,21,12,7,4,3,2,0
24,5,22200,1,769,927,62,60,43,26,14,10,7,5,3,0,0,0,77,55,34,22,14,10,5,2,0,0
24,5,22200,2,769,981,62,60,43,26,14,10,7,5,3,0,0,0,76,59,37,22,13,8,6,3,1,0
24,5,22201,0,797,976,63,62,42,26,16,9,5,4,2,2,1,0,82,58,31,20,13,7,6,2,2,2
24,5,22201,1,797,997,63,62,42,26,16,9,5,4,2,2,1,0,76,59,40,24,12,7,2,2,2,1
24,5,22201,2,797,1013,63,62,42,26,16,9,5,4,2,2,1,0,74,52,36,21,14,9,6,5,1,0
24,5,22202,0,760,919,60,63,37,26,17,10,7,3,2,1,0,0,71,61,38,21,12,8,4,2,1,0
24,5,22202,1,760,929,60,63,37,26,17,10,7,3,2,1,0,0,83,52,31,21,14,9,4,1,1,1
24,5,22202,2,760,925,60,63,37,26,17,10,7,3,2,1,0,0,72,53,34,24,14,6,5,3,1,0
24,5,22210,0,806,1021,63,64,45,28,17,10,5,3,1,1,1,0,80,61,37,20,11,7,4,3,1,1
24,5,22210,1,806,1009,63,64,45,28,17,10,5,3,1,1,1,0,78,58,37,24,14,8,5,2,1,1
24,5,22210,2,806,967,63,64,45,28,17,10,5,3,1,1,1,0,81,57,38,23,14,7,3,2,2,1
24,5,22211,0,762,944,59,63,40,29,17,9,5,3,3,1,0,0,75,56,36,24,12,7,4,2,1,1
24,5,22211,1,762,966,59,63,40,29,17,9,5,3,3,1,0,0,74,55,33,22,15,8,4,3,2,0
24,5,22211,2,762,888,59,63,40,29,17,9,5,3,3,1,0,0,80,59,38,21,11,6,4,2,1,0
24,5,22212,0,788,1064,64,59,42,25,17,11,7,4,2,1,1,0,80,53,35,25,15,8,5,3,2,1
24,5,22212,1,788,955,64,59,42,25,17,11,7,4,2,1,1,0,73,56,37,24,15,8,4,2,1,0
24,5,22212,2,788,1016,64,59,42,25,17,11,7,4,2,1,1,0,80,60,38,19,13,10,6,3,1,1
24,5,22220,0,726,908,61,56,39,26,18,11,6,3,2,0,0,0,76,56,38,22,13,7,3,2,1,0
24,5,22220,1,726,862,61,56,39,26,18,11,6,3,2,0,0,0,75,49,35,21,12,9,5,1,0,0
24,5,22220,2,726,878,61,56,39,26,18,11,6,3,2,0,0,0,71,56,32,23,15,6,3,2,1,0
24,5,22221,0,784,1001,62,61,43,26,14,10,6,3,2,2,1,0,82,56,35,21,14,9,4,2,1,1
24,5,22221,1,784,1000,62,61,43,26,14,10,6,3,2,2,1,0,76,55,36,21,11,7,6,4,2,1
24,5,22221,2,784,916,62,61,43,26,14,10,6,3,2,2,1,0,72,57,36,22,13,8,4,2,2,1
24,5,22222,0,724,929,56,62,39,25,17,9,6,4,1,1,0,0,71,58,37,21,13,6,3,3,1,1
24,5,22222,1,724,836,56,62,39,25,17,9,6,4,1,1,0,0,76,52,33,19,12,7,5,2,1,0
24,5,22222,2,724,858,56,62,39,25,17,9,6,4,1,1,0,0,73,54,32,23,13,8,4,1,0,0
24,6,100000,0,1485,1519,0,101,75,53,33,19,12,8,5,3,2,0,102,104,74,45,29,18,11,7,4,1
24,6,100000,1,1485,1411,0,101,75,53,33,19,12,8,5,3,2,0,104,106,65,42,26,17,12,6,3,2
24,6,100000,2,1485,1477,0,101,75,53,33,19,12,8,5,3,2,0,106,102,72,49,28,15,8,6,4,3
24,6,100001,0,1529,1518,0,104,77,49,31,20,14,8,3,3,2,0,98,110,70,42,25,19,10,6,3,2
24,6,100001,1,1529,1480,0,104,77,49,31,20,14,8,3,3,2,0,110,105,70,44,28,19,12,5,3,2
24,6,100001,2,1529,1513,0,104,77,49,31,20,14,8,3,3,2,0,105,98,69,46,30,14,10,7,4,3
24,6,100002,0,1531,1542,0,99,76,51,34,22,12,6,5,2,1,0,103,101,65,43,28,17,12,7,4,2
24,6,100002,1,1531,1482,0,99,76,51,34,22,12,6,5,2,1,0,101,107,72,47,28,16,9,5,4,2
24,6,100010,0,1527,1543,0,97,76,50,33,22,13,9,5,2,1,0,99,107,75,47,30,18,11,6,2,1
24,6,100010,1,1527,1509,0,97,76,50,33,22,13,9,5,2,1,0,107,104,70,43,28,17,10,7,5,3
24,6,100010,2,1527,1478,0,97,76,50,33,22,13,9,5,2,1,0,104,99,68,47,29,19,11,6,3,1
24,6,100011,0,1485,1468,0,100,74,51,31,20,13,8,5,3,1,0,98,101,66,43,28,16,12,6,3,2
24,6,100011,1,1485,1420,0,100,74,51,31,20,13,8,5,3,1,0,101,108,72,46,25,16,9,5,4,2
24,6,100011,2,1485,1427,0,100,74,51,31,20,13,8,5,3,1,0,108,98,69,44,29,19,10,7,3,1
24,6,100012,0,1382,1294,0,100,72,45,32,21,14,8,4,2,1,0,103,94,61,40,28,19,9,4,3,1
24,6,100012,1,1382,1297,0,100,72,45,32,21,14,8,4,2,1,0,94,102,65,44,28,15,10,5,1,1
24,6,100012,2,1382,1362,0,100,72,45,32,21,14,8,4,2,1,0,102,103,73,43,26,16,10,6,3,1
24,6,100020,0,1448,1388,0,105,77,53,33,20,12,8,5,2,1,0,99,107,72,46,27,14,8,7,3,1
24,6,100020,1,1448,1369,0,105,77,53,33,20,12,8,5,2,1,0,107,110,73,43,25,17,10,6,3,0
24,6,100020,2,1448,1349,0,105,77,53,33,20,12,8,5,2,1,0,110,99,66,45,29,17,10,3,2,2
24,6,100021,0,1450,1366,0,100,74,52,35,23,14,8,4,2,1,0,102,100,66,44,30,18,10,5,2,1
24,6,100021,1,1450,1425,0,100,74,52,35,23,14,8,4,2,1,0,100,111,72,48,29,16,9,5,3,1
24,6,100021,2,1450,1404,0,100,74,52,35,23,14,8,4,2,1,0,111,102,75,47,28,18,10,5,2,1
24,6,100022,0,1487,1391,0,100,79,50,34,22,14,8,4,2,1,0,106,102,67,44,29,20,10,6,1,1
24,6,100022,1,1487,1469,0,100,79,50,34,22,14,8,4,2,1,0,102,107,69,45,29,16,12,6,4,2
24,6,100022,2,1487,1427,0,100,79,50,34,22,14,8,4,2,1,0,107,106,79,47,28,16,8,4,3,1
24,6,100100,0,1427,1321,0,100,79,52,32,19,12,9,4,2,1,0,102,108,75,43,26,14,9,4,2,2
24,6,100100,1,1427,1328,0,100,79,52,32,19,12,9,4,2,1,0,108,100,69,43,24,15,8,6,3,1
24,6,100100,2,1427,1358,0,100,79,52,32,19,12,9,4,2,1,0,100,102,66,45,29,18,11,6,2,0
24,6,100101,0,1439,1354,0,101,75,50,34,20,14,7,4,3,1,0,102,102,68,44,30,17,9,4,3,2
24,6,100101,1,1439,1384,0,101,75,50,34,20,14,7,4,3,1,0,102,105,71,46,26,16,11,6,2,1
24,6,100101,2,1439,1339,0,101,75,50,34,20,14,7,4,3,1,0,105,102,69,43,27,16,9,5,3,1
24,6,100102,0,1487,1416,0,104,74,49,31,23,15,10,6,2,0,0,101,101,67,43,30,19,9,7,4,1
24,6,100102,1,1487,1450,0,104,74,49,31,23,15,10,6,2,0,0,101,112,72,45,28,21,14,5,2,0
24,6,100102,2,1487,1371,0,104,74,49,31,23,15,10,6,2,0,0,112,101,71,48,29,16,10,6,2,1
24,6,100110,0,1442,1381,0,101,69,48,29,21,15,8,6,2,1,0,99,99,63,45,29,20,10,4,2,2
24,6,100110,1,1442,1385,0,101,69,48,29,21,15,8,6,2,1,0,99,102,66,44,29,16,11,7,3,0
24,6,100110,2,1442,1367,0,101,69,48,29,21,15,8,6,2,1,0,102,99,70,41,24,17,11,6,4,1
24,6,100111,0,1447,1360,0,102,74,43,31,22,11,8,4,3,2,0,100,104,70,40,25,16,10,8,4,1
24,6,100111,1,1447,1425,0,102,74,43,31,22,11,8,4,3,2,0,104,97,66,42,28,18,10,5,3,3
24,6,100111,2,1447,1395,0,102,74,43,31,22,11,8,4,3,2,0,97,100,63,43,29,17,9,5,3,2
24,6,100112,0,1353,1334,0,91,77,52,34,17,11,6,4,2,1,0,97,101,67,46,28,13,7,3,2,2
24,6,100112,1,1353,1312,0,91,77,52,34,17,11,6,4,2,1,0,101,98,74,41,27,14,7,6,3,1
24,6,100112,2,1353,1266,0,91,77,52,34,17,11,6,4,2,1,0,98,97,64,41,21,15,11,5,3,1
24,6,100120,0,1519,1494,0,94,77,51,33,21,14,7,4,3,1,0,98,105,68,44,31,19,11,4,4,2
24,6,100120,1,1519,1479,0,94,77,51,33,21,14,7,4,3,1,0,105,104,72,45,28,16,10,6,2,1
24,6,100120,2,1519,1488,0,94,77,51,33,21,14,7,4,3,1,0,104,98,73,47,26,17,10,7,4,3
24,6,100121,0,1463,1367,0,99,78,53,32,20,12,8,5,2,1,0,106,103,71,45,27,17,7,5,4,1
24,6,100121,1,1463,1463,0,99,78,53,32,20,12,8,5,2,1,0,103,102,70,44,29,19,13,6,1,1
24,6,100121,2,1463,1401,0,99,78,53,32,20,12,8,5,2,1,0,102,106,71,45,25,13,9,6,4,2
24,6,100122,0,1435,1369,0,107,68,45,31,21,12,7,4,4,3,0,104,99,67,42,24,14,8,8,4,2
24,6,100122,1,1435,1448,0,107,68,45,31,21,12,7,4,4,3,0,99,99,65,43,28,21,12,6,4,2
24,6,100122,2,1435,1415,0,107,68,45,31,21,12,7,4,4,3,0,99,104,63,42,30,16,10,4,3,3
24,6,100200,0,1351,1301,0,99,71,45,31,23,14,6,2,2,2,0,106,93,64,41,25,19,10,6,2,1
24,6,100200,1,1351,1311,0,99,71,45,31,23,14,6,2,2,2,0,93,96,63,45,31,17,9,2,2,2
24,6,100200,2,1351,1248,0,99,71,45,31,23,14,6,2,2,2,0,96,106,69,39,24,13,7,4,2,1
24,6,100201,0,1339,1306,0,101,76,50,32,21,11,5,3,2,1,0,104,99,72,45,27,14,7,4,2,1
24,6,100201,1,1339,1221,0,101,76,50,32,21,11,5,3,2,1,0,99,100,64,36,26,15,7,4,3,2
24,6,100201,2,1339,1300,0,101,76,50,32,21,11,5,3,2,1,0,100,104,66,45,23,15,9,4,2,1
24,6,100202,0,1351,1261,0,98,73,52,32,17,11,8,5,2,0,0,101,106,74,45,22,10,10,6,2,1
24,6,100202,1,1351,1252,0,98,73,52,32,17,11,8,5,2,0,0,106,91,65,42,25,16,6,4,4,1
24,6,100202,2,1351,1243,0,98,73,52,32,17,11,8,5,2,0,0,91,101,61,40,28,17,10,5,1,0
24,6,100210,0,1392,1304,0,93,76,53,37,21,13,6,2,1,1,0,103,98,73,41,28,17,8,4,1,1
24,6,100210,1,1392,1282,0,93,76,53,37,21,13,6,2,1,1,0,98,103,68,44,25,14,10,4,2,1
24,6,100210,2,1392,1350,0,93,76,53,37,21,13,6,2,1,1,0,103,103,70,50,29,14,6,3,2,1
24,6,100211,0,1412,1350,0,102,79,50,28,22,12,7,5,2,1,0,106,100,68,41,24,19,12,7,2,0
24,6,100211,1,1412,1335,0,102,79,50,28,22,12,7,5,2,1,0,100,102,66,44,28,15,9,4,3,2
24,6,100211,2,1412,1301,0,102,79,50,28,22,12,7,5,2,1,0,102,106,72,42,25,15,6,4,3,1
24,6,100212,0,1424,1368,0,107,75,49,31,17,12,9,5,3,1,0,102,104,69,42,25,18,11,5,2,1
24,6,100212,1,1424,1327,0,107,75,49,31,17,12,9,5,3,1,0,104,103,67,42,27,14,9,5,3,2
24,6,100212,2,1424,1380,0,107,75,49,31,17,12,9,5,3,1,0,103,102,66,43,26,15,10,8,4,1
24,6,100220,0,1425,1359,0,100,69,48,35,25,15,6,3,1,1,0,107,99,66,44,27,17,10,5,3,1
24,6,100220,1,1425,1317,0,100,69,48,35,25,15,6,3,1,1,0,99,98,66,49,31,19,7,2,2,1
24,6,100220,2,1425,1393,0,100,69,48,35,25,15,6,3,1,1,0,98,107,72,42,29,16,10,5,1,1
24,6,100221,0,1426,1399,0,97,77,51,31,20,11,9,7,2,1,0,101,105,70,42,29,17,10,6,3,1
24,6,100221,1,1426,1350,0,97,77,51,31,20,11,9,7,2,1,0,105,100,69,42,23,14,10,7,4,1
24,6,100221,2,1426,1415,0,97,77,51,31,20,11,9,7,2,1,0,100,101,70,48,29,19,10,6,3,1
24,6,100222,0,1451,1433,0,98,76,51,33,17,12,8,3,3,1,0,103,105,70,42,24,15,12,5,4,3
24,6,100222,1,1451,1396,0,98,76,51,33,17,12,8,3,3,1,0,105,96,68,47,28,16,7,4,3,1
24,6,100222,2,1451,1383,0,98,76,51,33,17,12,8,3,3,1,0,96,103,68,41,27,15,10,8,2,2
24,6,101000,0,1837,1874,0,103,80,52,37,25,16,13,7,4,4,0,112,118,78,54,34,22,15,10,5,3
24,6,101000,1,1837,1836,0,103,80,52,37,25,16,13,7,4,4,0,118,112,82,56,36,24,15,9,5,2
24,6,101000,2,1837,1848,0,103,80,52,37,25,16,13,7,4,4,0,112,112,79,49,37,24,15,10,6,4
24,6,101001,0,1885,1961,0,109,84,53,36,23,16,10,7,6,3,0,112,118,78,51,36,24,15,11,7,3
24,6,101001,1,1885,1925,0,109,84,53,36,23,16,10,7,6,3,0,118,120,82,54,31,21,17,9,6,4
24,6,101001,2,1885,1922,0,109,84,53,36,23,16,10,7,6,3,0,120,112,81,52,37,23,13,9,6,5
24,6,101002,0,1856,1883,0,102,76,57,38,25,18,11,8,4,1,0,115,117,78,53,36,23,16,9,4,3
24,6,101002,1,1856,1951,0,102,76,57,38,25,18,11,8,4,1,0,117,111,82,58,36,24,14,9,6,4
24,6,101010,1,1844,1932,0,103,80,59,38,25,15,11,8,3,2,0,117,117,84,55,33,22,12,9,7,4
24,6,101010,2,1844,1857,0,103,80,59,38,25,15,11,8,3,2,0,117,113,80,56,36,23,13,9,5,2
24,6,101011,0,1887,1974,0,104,79,53,37,26,19,11,6,5,3,0,119,112,83,56,39,28,15,7,5,4
24,6,101011,1,1887,1986,0,104,79,53,37,26,19,11,6,5,3,0,112,115,77,53,39,25,17,9,5,4
24,6,101011,2,1887,1937,0,104,79,53,37,26,19,11,6,5,3,0,115,119,82,54,32,20,15,12,7,3
24,6,101020,0,1733,1768,0,110,85,56,37,25,18,11,6,2,1,0,117,120,76,51,33,25,16,9,4,2
24,6,101020,1,1733,1750,0,110,85,56,37,25,18,11,6,2,1,0,120,116,85,58,36,18,14,7,4,1
24,6,101020,2,1733,1690,0,110,85,56,37,25,18,11,6,2,1,0,116,117,82,49,33,22,10,6,3,2
24,6,101021,0,1776,1730,0,109,81,59,42,27,15,10,5,3,2,0,117,116,78,53,36,22,14,8,3,2
24,6,101021,1,1776,1718,0,109,81,59,42,27,15,10,5,3,2,0,116,121,87,57,35,19,10,6,4,3
24,6,101021,2,1776,1721,0,109,81,59,42,27,15,10,5,3,2,0,121,117,80,54,34,22,12,7,4,1
24,6,101022,0,1708,1653,0,108,83,57,36,24,16,8,6,4,2,0,123,111,80,51,30,21,11,7,3,2
24,6,101022,1,1708,1733,0,108,83,57,36,24,16,8,6,4,2,0,111,111,77,55,37,20,13,8,6,2
24,6,101022,2,1708,1670,0,108,83,57,36,24,16,8,6,4,2,0,111,123,80,48,30,20,13,6,4,3
24,6,101200,0,1873,1872,0,106,83,59,40,27,18,10,5,4,3,0,116,122,83,52,38,24,13,7,5,3
24,6,101200,1,1873,1870,0,106,83,59,40,27,18,10,5,4,3,0,122,119,81,57,35,22,15,9,4,2
24,6,101200,2,1873,1907,0,106,83,59,40,27,18,10,5,4,3,0,119,116,87,59,36,23,14,8,5,4
24,6,101201,0,1863,1879,0,112,84,57,36,25,15,10,7,4,4,0,120,119,81,55,33,20,15,9,7,3
24,6,101201,1,1863,1955,0,112,84,57,36,25,15,10,7,4,4,0,119,118,83,55,36,25,13,8,5,4
24,6,101201,2,1863,1934,0,112,84,57,36,25,15,10,7,4,4,0,118,120,81,51,35,23,15,11,6,4
24,6,101202,0,1816,1778,0,111,83,54,38,25,17,11,8,6,2,0,116,118,80,56,34,21,14,8,5,3
24,6,101202,1,1816,1863,0,111,83,54,38,25,17,11,8,6,2,0,118,121,85,55,36,24,15,10,6,2
24,6,101202,2,1816,1821,0,111,83,54,38,25,17,11,8,6,2,0,121,116,79,50,37,24,15,9,5,3
24,6,101210,1,1812,1869,0,109,82,55,38,25,17,10,6,3,2,0,119,118,85,49,33,23,15,8,4,3
24,6,101210,2,1812,1837,0,109,82,55,38,25,17,10,6,3,2,0,118,113,75,52,35,22,14,9,5,3
24,6,101211,0,1938,1979,0,103,86,59,39,26,18,13,9,4,3,0,120,117,85,54,37,24,15,11,7,3
24,6,101211,1,1938,1976,0,103,86,59,39,26,18,13,9,4,3,0,117,124,85,58,37,26,17,9,5,3
24,6,101211,2,1938,1920,0,103,86,59,39,26,18,13,9,4,3,0,124,120,88,60,39,24,16,10,5,2
24,6,101212,0,1882,1958,0,109,82,57,39,26,17,13,7,5,1,0,120,119,80,54,39,25,13,9,6,3
24,6,101212,1,1882,1873,0,109,82,57,39,26,17,13,7,5,1,0,119,119,82,54,35,24,16,11,5,2
24,6,101212,2,1882,1855,0,109,82,57,39,26,17,13,7,5,1,0,119,120,87,59,36,22,16,8,4,3
24,6,101220,0,1867,1840,0,112,83,59,37,27,18,11,6,4,3,0,118,123,81,52,35,23,14,10,6,3
24,6,101220,1,1867,1911,0,112,83,59,37,27,18,11,6,4,3,0,123,121,83,57,36,23,15,9,5,3
24,6,101220,2,1867,1956,0,112,83,59,37,27,18,11,6,4,3,0,121,118,86,58,37,25,15,7,4,3
24,6,101221,0,1919,1958,0,107,81,56,42,25,17,12,9,4,2,0,123,122,85,56,37,23,15,9,4,3
24,6,101221,1,1919,1906,0,107,81,56,42,25,17,12,9,4,2,0,122,112,84,58,39,23,13,11,7,3
24,6,101221,2,1919,1948,0,107,81,56,42,25,17,12,9,4,2,0,112,123,81,55,37,25,18,9,6,2
24,6,101222,0,1990,2002,0,107,82,60,41,30,18,11,8,6,3,0,118,123,85,61,43,25,16,9,5,2
24,6,101222,1,1990,1985,0,107,82,60,41,30,18,11,8,6,3,0,123,126,91,59,37,23,15,11,6,3
24,6,101222,2,1990,2057,0,107,82,60,41,30,18,11,8,6,3,0,126,118,84,58,38,29,16,9,7,5
24,6,102000,0,1676,1624,0,107,80,58,40,23,14,8,6,3,1,0,120,111,80,50,31,19,10,6,3,1
24,6,102000,1,1676,1651,0,107,80,58,40,23,14,8,6,3,1,0,111,111,75,53,35,20,10,7,4,3
24,6,102000,2,1676,1710,0,107,80,58,40,23,14,8,6,3,1,0,111,120,80,52,31,18,14,7,5,2
24,6,102001,0,1646,1691,0,107,80,54,35,22,16,10,6,3,2,0,111,117,79,53,32,19,12,7,3,2
24,6,102001,1,1646,1647,0,107,80,54,35,22,16,10,6,3,2,0,117,108,78,47,32,20,13,9,5,1
24,6,102001,2,1646,1568,0,107,80,54,35,22,16,10,6,3,2,0,108,111,72,49,31,21,13,6,4,3
24,6,102002,0,1658,1592,0,112,83,54,35,24,15,9,4,3,2,0,114,114,78,51,31,17,12,7,4,2
24,6,102002,1,1658,1615,0,112,83,54,35,24,15,9,4,3,2,0,114,114,80,49,31,20,10,4,3,2
24,6,102002,2,1658,1599,0,112,83,54,35,24,15,9,4,3,2,0,114,114,72,47,31,21,12,8,3,2
24,6,102010,0,1625,1562,0,111,76,56,35,22,13,10,6,4,2,0,113,110,75,50,28,18,11,7,4,2
24,6,102010,1,1625,1564,0,111,76,56,35,22,13,10,6,4,2,0,110,112,73,50,33,22,11,7,4,2
24,6,102010,2,1625,1612,0,111,76,56,35,22,13,10,6,4,2,0,112,113,76,48,31,17,13,8,4,2
24,6,102011,0,1580,1544,0,102,78,52,34,22,14,9,6,3,1,0,105,111,74,49,30,19,10,6,4,1
24,6,102011,1,1580,1504,0,102,78,52,34,22,14,9,6,3,1,0,111,106,75,46,29,18,13,8,3,1
24,6,102011,2,1580,1528,0,102,78,52,34,22,14,9,6,3,1,0,106,105,71,47,31,19,11,6,4,3
24,6,102012,0,1639,1613,0,109,88,51,31,21,15,9,7,4,2,0,111,113,75,46,29,19,14,8,4,2
24,6,102012,1,1639,1597,0,109,88,51,31,21,15,9,7,4,2,0,113,113,78,47,31,19,11,7,4,2
24,6,102012,2,1639,1574,0,109,88,51,31,21,15,9,7,4,2,0,113,111,75,47,29,20,12,7,5,2
24,6,102020,0,1543,1551,0,110,81,53,36,22,14,9,4,2,1,0,117,109,78,47,28,18,10,5,4,2
24,6,102020,1,1543,1422,0,110,81,53,36,22,14,9,4,2,1,0,109,107,68,47,34,19,9,5,2,1
24,6,102020,2,1543,1468,0,110,81,53,36,22,14,9,4,2,1,0,107,117,77,48,27,16,12,7,2,1
24,6,102021,0,1537,1424,0,106,79,58,37,24,12,7,5,2,1,0,103,117,74,48,33,17,7,4,2,1
24,6,102021,1,1537,1421,0,106,79,58,37,24,12,7,5,2,1,0,117,111,78,45,23,15,11,8,3,0
24,6,102021,2,1537,1441,0,106,79,58,37,24,12,7,5,2,1,0,111,103,73,53,32,19,9,3,3,2
24,6,102022,0,1533,1469,0,105,84,53,34,22,15,9,4,2,1,0,112,111,75,43,25,19,13,6,3,1
24,6,102022,1,1533,1431,0,105,84,53,34,22,15,9,4,2,1,0,111,106,74,52,32,18,10,3,1,1
24,6,102022,2,1533,1437,0,105,84,53,34,22,15,9,4,2,1,0,106,112,75,45,30,16,8,7,3,1
24,6,102100,0,1739,1782,0,109,80,52,34,25,15,9,6,3,2,0,105,122,78,51,32,21,11,8,5,3
24,6,102100,1,1739,1720,0,109,80,52,34,25,15,9,6,3,2,0,122,111,78,45,30,22,15,8,4,2
24,6,102101,0,1669,1698,0,111,86,55,33,21,13,9,5,3,2,0,112,110,72,44,30,19,13,9,5,3
24,6,102101,1,1669,1643,0,111,86,55,33,21,13,9,5,3,2,0,110,119,74,49,29,18,12,6,4,2
24,6,102101,2,1669,1685,0,111,86,55,33,21,13,9,5,3,2,0,119,112,84,51,30,19,10,7,4,3
24,6,102110,0,1794,1732,0,109,84,60,38,25,16,11,6,3,1,0,115,121,83,52,35,21,13,8,4,1
24,6,102110,1,1794,1778,0,109,84,60,38,25,16,11,6,3,1,0,121,119,84,53,31,20,12,7,4,3
24,6,102110,2,1794,1747,0,109,84,60,38,25,16,11,6,3,1,0,119,115,79,57,36,23,14,8,4,2
24,6,102111,0,1786,1788,0,110,86,57,37,23,15,10,7,4,3,0,123,114,81,52,34,22,14,7,5,3
24,6,102111,1,1786,1780,0,110,86,57,37,23,15,10,7,4,3,0,114,116,77,54,35,20,13,9,5,2
24,6,102111,2,1786,1772,0,110,86,57,37,23,15,10,7,4,3,0,116,123,85,51,31,21,13,9,5,3
24,6,102112,0,1794,1765,0,109,80,55,43,27,15,9,6,5,2,0,113,119,79,55,38,20,13,8,6,2
24,6,102112,1,1794,1746,0,109,80,55,43,27,15,9,6,5,2,0,119,120,84,52,33,22,12,6,4,3
24,6,102112,2,1794,1819,0,109,80,55,43,27,15,9,6,5,2,0,120,113,80,56,37,23,13,9,4,3
24,6,102120,0,1759,1738,0,109,84,57,36,23,16,10,7,4,2,0,116,116,76,51,32,20,15,8,4,4
24,6,102120,1,1759,1835,0,109,84,57,36,23,16,10,7,4,2,0,116,118,83,56,34,22,11,8,6,3
24,6,102120,2,1759,1829,0,109,84,57,36,23,16,10,7,4,2,0,118,116,82,50,34,22,15,9,5,1
24,6,102121,0,1878,1892,0,114,82,55,38,25,18,12,6,3,2,0,121,114,81,56,36,26,14,7,5,3
24,6,102121,2,1878,1894,0,114,82,55,38,25,18,12,6,3,2,0,123,121,83,53,33,21,14,9,5,3
24,6,102122,0,1721,1660,0,107,80,56,39,28,16,9,5,3,2,0,113,118,79,52,33,19,11,8,4,2
24,6,102122,1,1721,1714,0,107,80,56,39,28,16,9,5,3,2,0,118,115,80,54,35,24,12,6,3,2
24,6,102122,2,1721,1687,0,107,80,56,39,28,16,9,5,3,2,0,115,113,80,53,35,21,13,6,4,2
24,6,102200,0,1696,1745,0,99,79,53,38,23,12,9,7,5,3,0,111,110,75,52,32,21,14,7,4,3
24,6,102200,1,1696,1721,0,99,79,53,38,23,12,9,7,5,3,0,110,108,79,54,37,17,10,9,6,3
24,6,102200,2,1696,1695,0,99,79,53,38,23,12,9,7,5,3,0,108,111,76,45,29,22,13,9,6,3
24,6,102201,0,1710,1637,0,104,78,55,37,24,15,8,6,5,3,0,111,112,75,54,36,18,12,8,5,2
24,6,102201,1,1710,1783,0,104,78,55,37,24,15,8,6,5,3,0,112,113,84,51,31,20,12,7,5,4
24,6,102201,2,1710,1750,0,104,78,55,37,24,15,8,6,5,3,0,113,111,73,49,32,24,14,8,5,3
24,6,102202,0,1745,1746,0,111,76,54,34,23,16,10,6,3,2,0,119,109,78,53,30,19,12,7,5,4
24,6,102202,1,1745,1755,0,111,76,54,34,23,16,10,6,3,2,0,109,110,74,52,35,23,13,8,5,2
24,6,102202,2,1745,1766,0,111,76,54,34,23,16,10,6,3,2,0,110,119,75,46,32,21,15,9,4,2
24,6,102210,0,1595,1548,0,110,78,51,36,21,14,10,5,4,2,0,109,113,73,48,28,17,12,8,4,2
24,6,102210,1,1595,1597,0,110,78,51,36,21,14,10,5,4,2,0,113,109,79,47,29,21,13,7,4,2
24,6,102210,2,1595,1536,0,110,78,51,36,21,14,10,5,4,2,0,109,109,69,48,35,18,10,6,3,2
24,6,102211,0,1715,1714,0,102,79,55,36,25,15,8,4,3,3,0,117,104,75,50,32,22,12,7,3,3
24,6,102211,1,1715,1720,0,102,79,55,36,25,15,8,4,3,3,0,104,112,75,52,35,20,12,7,5,4
24,6,102211,2,1715,1742,0,102,79,55,36,25,15,8,4,3,3,0,112,117,81,50,30,19,12,7,5,2
24,6,102212,0,1647,1667,0,109,84,54,31,20,14,10,7,4,2,0,109,115,74,48,29,22,13,8,4,2
24,6,102212,1,1647,1650,0,109,84,54,31,20,14,10,7,4,2,0,115,112,77,46,29,18,14,9,5,3
24,6,102212,2,1647,1598,0,109,84,54,31,20,14,10,7,4,2,0,112,109,76,49,31,18,11,7,5,2
24,6,102220,0,1716,1732,0,103,79,49,33,24,16,11,7,2,1,0,103,116,74,45,32,23,12,9,5,2
24,6,102220,1,1716,1721,0,103,79,49,33,24,16,11,7,2,1,0,116,109,75,47,32,21,15,8,4,2
24,6,102221,0,1678,1733,0,102,80,53,39,23,14,9,6,4,3,0,116,110,78,51,32,19,13,8,5,4
24,6,102221,1,1678,1631,0,102,80,53,39,23,14,9,6,4,3,0,110,108,74,51,36,20,10,7,5,2
24,6,102221,2,1678,1724,0,102,80,53,39,23,14,9,6,4,3,0,108,116,80,50,31,21,14,8,4,2
24,6,102222,0,1697,1654,0,104,79,56,34,24,17,10,6,4,1,0,105,120,75,50,34,20,12,7,4,2
24,6,102222,1,1697,1709,0,104,79,56,34,24,17,10,6,4,1,0,120,112,83,52,29,20,13,9,5,2
24,6,102222,2,1697,1815,0,104,79,56,34,24,17,10,6,4,1,0,112,105,75,52,35,24,15,7,4,3
24,6,110000,0,1263,1210,0,88,71,39,27,18,12,8,3,1,1,0,86,90,58,36,24,17,10,4,2,1
24,6,110000,1,1263,1172,0,88,71,39,27,18,12,8,3,1,1,0,90,93,60,37,25,14,8,4,2,1
24,6,110000,2,1263,1202,0,88,71,39,27,18,12,8,3,1,1,0,93,86,63,37,22,13,8,6,2,1
24,6,110001,0,1251,1171,0,92,68,47,30,18,9,6,4,2,1,0,91,99,62,39,21,15,8,5,2,0
24,6,110001,1,1251,1162,0,92,68,47,30,18,9,6,4,2,1,0,99,87,64,40,24,12,8,4,2,2
24,6,110001,2,1251,1176,0,92,68,47,30,18,9,6,4,2,1,0,87,91,59,38,25,13,6,4,3,1
24,6,110002,0,1242,1137,0,92,63,44,27,18,13,6,3,2,1,0,89,86,55,41,22,14,9,4,2,1
24,6,110002,1,1242,1166,0,92,63,44,27,18,13,6,3,2,1,0,86,94,63,39,27,14,6,3,2,1
24,6,110002,2,1242,1156,0,92,63,44,27,18,13,6,3,2,1,0,94,89,59,34,21,15,10,5,2,1
24,6,110010,0,1473,1515,0,93,70,45,29,18,14,8,6,4,2,0,100,96,65,44,25,17,13,7,6,3
24,6,110010,1,1473,1438,0,93,70,45,29,18,14,8,6,4,2,0,96,94,65,46,32,18,9,5,4,2
24,6,110010,2,1473,1479,0,93,70,45,29,18,14,8,6,4,2,0,94,100,67,37,25,18,13,9,3,2
24,6,110011,0,1448,1409,0,92,67,45,30,21,14,10,4,2,1,0,93,100,66,43,30,15,10,6,3,2
24,6,110011,1,1448,1433,0,92,67,45,30,21,14,10,4,2,1,0,100,95,71,42,23,16,10,7,4,2
24,6,110011,2,1448,1512,0,92,67,45,30,21,14,10,4,2,1,0,95,93,59,44,31,23,13,6,2,1
24,6,110012,0,1466,1474,0,89,69,46,31,21,12,7,5,2,1,0,99,93,64,43,27,17,11,5,4,3
24,6,110012,2,1466,1472,0,89,69,46,31,21,12,7,5,2,1,0,94,99,67,39,25,18,11,7,3,2
24,6,110020,0,1488,1468,0,96,67,50,29,20,12,9,5,2,2,0,99,96,65,45,26,18,10,8,5,2
24,6,110020,1,1488,1468,0,96,67,50,29,20,12,9,5,2,2,0,96,99,64,43,29,17,12,6,4,2
24,6,110020,2,1488,1489,0,96,67,50,29,20,12,9,5,2,2,0,99,99,69,43,26,17,10,6,2,2
24,6,110021,0,1426,1388,0,91,70,43,29,17,12,8,6,4,2,0,94,98,66,41,23,13,11,7,5,3
24,6,110021,1,1426,1428,0,91,70,43,29,17,12,8,6,4,2,0,98,91,66,42,27,19,8,6,5,3
24,6,110021,2,1426,1438,0,91,70,43,29,17,12,8,6,4,2,0,91,94,60,39,29,18,14,8,3,1
24,6,110022,0,1418,1379,0,94,72,48,32,20,13,8,5,3,1,0,99,95,68,46,29,18,10,4,2,2
24,6,110022,1,1418,1369,0,94,72,48,32,20,13,8,5,3,1,0,95,102,68,43,27,14,10,8,4,1
24,6,110022,2,1418,1332,0,94,72,48,32,20,13,8,5,3,1,0,102,99,66,41,26,18,10,5,3,1
24,6,110100,0,1402,1315,0,94,70,50,33,22,13,7,4,2,1,0,96,102,69,43,29,15,7,5,2,1
24,6,110100,1,1402,1282,0,94,70,50,33,22,13,7,4,2,1,0,102,98,70,42,20,15,12,7,3,0
24,6,110100,2,1402,1324,0,94,70,50,33,22,13,7,4,2,1,0,98,96,63,47,33,19,8,2,2,2
24,6,110101,0,1418,1359,0,99,72,45,29,20,14,10,5,2,1,0,100,97,63,38,24,19,13,7,3,1
24,6,110101,1,1418,1377,0,99,72,45,29,20,14,10,5,2,1,0,97,100,64,49,29,18,10,4,2,1
24,6,110101,2,1418,1345,0,99,72,45,29,20,14,10,5,2,1,0,100,100,71,39,28,15,9,7,3,1
24,6,110102,0,1412,1351,0,95,73,46,33,20,12,7,4,3,1,0,99,96,65,41,32,19,8,5,2,1
24,6,110102,1,1412,1355,0,95,73,46,33,20,12,7,4,3,1,0,96,100,68,39,24,14,12,7,3,2
24,6,110102,2,1412,1369,0,95,73,46,33,20,12,7,4,3,1,0,100,99,67,47,25,15,8,4,4,2
24,6,110110,0,1397,1330,0,100,76,46,30,19,10,8,5,3,2,0,99,96,65,39,26,17,9,5,3,2
24,6,110110,1,1397,1355,0,100,76,46,30,19,10,8,5,3,2,0,96,104,62,41,26,17,10,6,3,1
24,6,110110,2,1397,1378,0,100,76,46,30,19,10,8,5,3,2,0,104,99,72,43,25,13,9,7,4,2
24,6,110111,0,1455,1414,0,95,73,55,33,18,11,6,4,3,1,0,100,100,70,43,24,16,10,7,4,2
24,6,110111,1,1455,1405,0,95,73,55,33,18,11,6,4,3,1,0,100,101,66,44,26,16,11,4,3,2
24,6,110111,2,1455,1411,0,95,73,55,33,18,11,6,4,3,1,0,101,100,70,46,28,13,6,5,3,2
24,6,110112,0,1410,1339,0,98,69,44,27,22,17,8,4,1,1,0,95,99,63,40,25,18,11,6,3,1
24,6,110112,1,1410,1315,0,98,69,44,27,22,17,8,4,1,1,0,99,98,66,44,28,18,10,4,2,1
24,6,110112,2,1410,1364,0,98,69,44,27,22,17,8,4,1,1,0,98,95,65,41,28,18,11,5,2,1
24,6,110120,0,1324,1238,0,100,77,49,27,14,12,7,5,3,0,0,90,97,58,38,27,15,11,5,2,1
24,6,110120,1,1324,1214,0,100,77,49,27,14,12,7,5,3,0,0,97,107,68,39,20,11,8,5,3,1
24,6,110120,2,1324,1245,0,100,77,49,27,14,12,7,5,3,0,0,107,90,68,40,21,15,8,5,3,1
24,6,110121,0,1341,1239,0,100,73,46,33,20,11,7,2,2,2,0,97,102,62,36,26,18,8,5,2,1
24,6,110121,1,1341,1300,0,100,73,46,33,20,11,7,2,2,2,0,102,97,64,44,26,14,10,4,2,2
24,6,110121,2,1341,1236,0,100,73,46,33,20,11,7,2,2,2,0,97,97,70,43,25,12,6,4,2,1
24,6,110122,0,1366,1238,0,98,74,54,33,19,8,5,5,2,1,0,108,97,67,43,23,12,7,5,3,1
24,6,110122,1,1366,1292,0,98,74,54,33,19,8,5,5,2,1,0,97,95,65,43,27,16,7,4,3,2
24,6,110122,2,1366,1325,0,98,74,54,33,19,8,5,5,2,1,0,95,108,70,42,24,13,8,5,3,1
24,6,110200,0,1557,1637,0,93,71,46,27,19,14,9,5,3,2,0,99,96,68,46,28,19,12,7,6,4
24,6,110200,2,1557,1604,0,93,71,46,27,19,14,9,5,3,2,0,98,99,64,43,28,19,12,8,4,3
24,6,110201,0,1427,1394,0,96,70,41,28,20,13,8,5,3,2,0,98,93,68,42,26,16,9,6,5,3
24,6,110201,1,1427,1411,0,96,70,41,28,20,13,8,5,3,2,0,93,96,61,39,29,20,10,6,3,1
24,6,110201,2,1427,1366,0,96,70,41,28,20,13,8,5,3,2,0,96,98,62,40,25,16,13,7,3,2
24,6,110202,0,1523,1580,0,88,68,46,31,20,12,8,6,4,3,0,92,96,67,48,31,18,9,7,5,3
24,6,110202,1,1523,1623,0,88,68,46,31,20,12,8,6,4,3,0,96,100,68,39,27,19,14,10,5,2
24,6,110202,2,1523,1541,0,88,68,46,31,20,12,8,6,4,3,0,100,92,65,45,28,18,12,6,5,4
24,6,110211,0,1517,1568,0,94,71,45,30,20,12,8,5,3,2,0,102,96,68,42,30,19,11,7,4,3
24,6,110211,2,1517,1519,0,94,71,45,30,20,12,8,5,3,2,0,95,102,68,43,25,18,10,6,4,3
24,6,110212,0,1437,1446,0,97,67,46,31,18,10,7,4,3,2,0,91,98,63,41,27,15,9,6,5,2
24,6,110212,1,1437,1402,0,97,67,46,31,18,10,7,4,3,2,0,98,99,66,39,24,17,10,5,3,3
24,6,110212,2,1437,1487,0,97,67,46,31,18,10,7,4,3,2,0,99,91,62,44,27,15,10,8,4,3
24,6,110220,0,1402,1336,0,96,69,46,34,19,11,6,4,3,2,0,97,100,65,44,26,13,9,6,4,2
24,6,110220,1,1402,1383,0,96,69,46,34,19,11,6,4,3,2,0,100,94,67,42,28,18,8,4,3,2
24,6,110220,2,1402,1369,0,96,69,46,34,19,11,6,4,3,2,0,94,97,63,40,26,15,10,6,3,2
24,6,110221,0,1494,1473,0,91,69,51,31,20,13,8,5,3,1,0,102,96,72,48,26,17,8,5,4,2
24,6,110221,1,1494,1465,0,91,69,51,31,20,13,8,5,3,1,0,96,96,65,43,29,19,12,8,3,2
24,6,110221,2,1494,1484,0,91,69,51,31,20,13,8,5,3,1,0,96,102,66,43,28,16,12,6,4,2
24,6,110222,0,1429,1419,0,99,72,45,27,18,12,9,5,3,2,0,94,97,65,40,27,13,11,8,3,2
24,6,110222,1,1429,1382,0,99,72,45,27,18,12,9,5,3,2,0,97,102,66,40,22,18,10,7,5,2
24,6,110222,2,1429,1407,0,99,72,45,27,18,12,9,5,3,2,0,102,94,63,42,28,19,11,5,3,2
24,6,111000,0,1333,1300,0,92,69,46,30,19,11,5,4,3,1,0,90,93,62,41,25,15,9,4,3,2
24,6,111000,1,1333,1250,0,92,69,46,30,19,11,5,4,3,1,0,93,98,63,43,24,13,7,5,3,1
24,6,111000,2,1333,1246,0,92,69,46,30,19,11,5,4,3,1,0,98,90,64,36,25,16,9,5,3,2
24,6,111001,0,1293,1228,0,96,73,45,26,19,12,7,5,2,0,0,87,99,59,36,27,17,9,6,2,0
24,6,111001,1,1293,1221,0,96,73,45,26,19,12,7,5,2,0,0,99,99,68,38,19,12,10,5,3,1
24,6,111001,2,1293,1169,0,96,73,45,26,19,12,7,5,2,0,0,99,87,62,42,25,16,7,3,2,1
24,6,111002,0,1298,1251,0,98,72,48,31,16,8,7,4,2,2,0,98,91,59,38,24,15,8,5,3,2
24,6,111002,1,1298,1262,0,98,72,48,31,16,8,7,4,2,2,0,91,99,60,41,28,14,7,4,3,1
24,6,111002,2,1298,1158,0,98,72,48,31,16,8,7,4,2,2,0,99,98,71,39,18,10,8,6,2,1
24,6,111010,0,1284,1219,0,96,67,46,32,18,10,5,3,3,2,0,94,94,62,41,25,13,7,4,3,1
24,6,111010,1,1284,1189,0,96,67,46,32,18,10,5,3,3,2,0,94,94,59,37,23,14,9,6,2,1
24,6,111010,2,1284,1263,0,96,67,46,32,18,10,5,3,3,2,0,94,94,65,41,25,14,7,3,3,3
24,6,111011,0,1323,1249,0,92,74,47,30,18,11,7,4,2,1,0,90,102,65,36,21,14,9,5,2,1
24,6,111011,1,1323,1303,0,92,74,47,30,18,11,7,4,2,1,0,102,95,67,44,23,16,9,5,2,1
24,6,111011,2,1323,1305,0,92,74,47,30,18,11,7,4,2,1,0,95,90,63,41,30,14,8,5,4,2
24,6,111012,0,1323,1272,0,99,71,47,28,18,11,8,4,2,1,0,98,92,59,38,27,19,10,6,2,0
24,6,111012,1,1323,1231,0,99,71,47,28,18,11,8,4,2,1,0,92,99,65,41,24,11,10,5,2,1
24,6,111012,2,1323,1228,0,99,71,47,28,18,11,8,4,2,1,0,99,98,66,40,21,14,6,4,3,2
24,6,111020,0,1314,1224,0,96,72,46,32,19,13,8,3,1,0,0,94,95,65,40,26,15,8,5,2,0
24,6,111020,1,1314,1201,0,96,72,46,32,19,13,8,3,1,0,0,95,101,60,37,25,16,11,4,1,0
24,6,111020,2,1314,1179,0,96,72,46,32,19,13,8,3,1,0,0,101,94,69,45,25,13,6,3,1,1
24,6,111021,0,1284,1206,0,98,69,47,27,21,12,6,5,2,1,0,92,96,59,37,22,15,7,5,3,1
24,6,111021,1,1284,1283,0,98,69,47,27,21,12,6,5,2,1,0,96,100,62,43,25,19,10,4,2,1
24,6,111021,2,1284,1269,0,98,69,47,27,21,12,6,5,2,1,0,100,92,69,41,27,13,9,5,3,1
24,6,111022,0,1283,1191,0,93,71,44,27,16,13,9,5,2,0,0,94,96,60,33,21,16,10,6,3,0
24,6,111022,1,1283,1223,0,93,71,44,27,16,13,9,5,2,0,0,96,90,61,43,22,14,11,6,2,0
24,6,111022,2,1283,1251,0,93,71,44,27,16,13,9,5,2,0,0,90,94,66,40,29,15,8,4,2,2
24,6,111100,0,1290,1197,0,93,65,45,28,19,11,5,5,3,1,0,95,89,61,42,23,13,8,5,3,1
24,6,111100,1,1290,1292,0,93,65,45,28,19,11,5,5,3,1,0,89,92,62,38,24,16,8,4,3,3
24,6,111100,2,1290,1317,0,93,65,45,28,19,11,5,5,3,1,0,92,95,60,38,26,16,10,6,4,1
24,6,111101,0,1323,1298,0,101,70,44,27,17,12,9,4,3,1,0,102,97,69,39,23,14,9,6,3,2
24,6,111101,1,1323,1246,0,101,70,44,27,17,12,9,4,3,1,0,97,89,57,39,25,16,9,6,4,1
24,6,111101,2,1323,1274,0,101,70,44,27,17,12,9,4,3,1,0,89,102,61,39,25,16,11,5,1,1
24,6,111102,0,1319,1355,0,90,69,50,32,17,9,5,3,2,2,0,89,95,65,44,29,12,7,4,3,2
24,6,111102,1,1319,1250,0,90,69,50,32,17,9,5,3,2,2,0,95,97,66,35,20,13,7,5,3,3
24,6,111102,2,1319,1292,0,90,69,50,32,17,9,5,3,2,2,0,97,89,60,43,23,15,9,5,3,1
24,6,111110,0,1410,1326,0,96,78,46,30,24,12,9,5,2,0,0,102,99,70,40,24,16,11,6,2,1
24,6,111110,1,1410,1358,0,96,78,46,30,24,12,9,5,2,0,0,99,101,64,44,30,20,8,4,3,1
24,6,111110,2,1410,1341,0,96,78,46,30,24,12,9,5,2,0,0,101,102,72,44,28,16,9,6,2,0
24,6,111111,0,1364,1333,0,101,80,54,30,15,10,8,5,3,1,0,107,100,75,48,25,16,7,4,3,1
24,6,111111,1,1364,1285,0,101,80,54,30,15,10,8,5,3,1,0,100,100,63,37,27,13,10,7,2,1
24,6,111111,2,1364,1315,0,101,80,54,30,15,10,8,5,3,1,0,100,107,68,41,20,13,10,6,4,2
24,6,111112,0,1458,1398,0,100,66,44,34,22,16,7,3,2,2,0,89,106,69,41,28,14,11,7,3,2
24,6,111112,1,1458,1398,0,100,66,44,34,22,16,7,3,2,2,0,106,102,68,44,25,18,10,4,3,1
24,6,111112,2,1458,1401,0,100,66,44,34,22,16,7,3,2,2,0,102,89,60,46,34,21,10,4,2,2
24,6,111120,0,1350,1295,0,90,75,50,31,18,10,6,5,3,1,0,98,94,61,42,29,17,9,3,2,2
24,6,111120,1,1350,1250,0,90,75,50,31,18,10,6,5,3,1,0,94,97,69,42,25,12,7,6,3,1
24,6,111120,2,1350,1280,0,90,75,50,31,18,10,6,5,3,1,0,97,98,69,40,20,14,9,6,4,1
24,6,111121,0,1496,1458,0,99,70,45,30,22,16,7,4,2,2,0,103,101,69,41,28,20,11,6,3,1
24,6,111121,1,1496,1509,0,99,70,45,30,22,16,7,4,2,2,0,101,95,64,43,28,18,14,6,3,2
24,6,111121,2,1496,1455,0,99,70,45,30,22,16,7,4,2,2,0,95,103,67,46,29,17,8,5,4,3
24,6,111122,0,1471,1424,0,91,70,47,34,22,13,8,3,2,2,0,102,96,70,47,25,16,10,5,3,2
24,6,111122,1,1471,1471,0,91,70,47,34,22,13,8,3,2,2,0,96,96,66,45,33,21,9,4,2,2
24,6,111122,2,1471,1451,0,91,70,47,34,22,13,8,3,2,2,0,96,102,67,41,28,15,11,8,4,2
24,6,111200,0,1394,1377,0,95,77,53,33,15,8,7,5,3,2,0,102,98,68,44,22,15,10,7,3,1
24,6,111200,1,1394,1401,0,95,77,53,33,15,8,7,5,3,2,0,98,99,68,44,27,12,9,6,4,3
24,6,111200,2,1394,1309,0,95,77,53,33,15,8,7,5,3,2,0,99,102,68,39,25,14,7,5,4,2
24,6,111201,0,1351,1283,0,101,70,46,31,20,11,5,4,4,1,0,98,95,67,42,25,15,8,4,3,2
24,6,111201,1,1351,1271,0,101,70,46,31,20,11,5,4,4,1,0,95,100,63,40,26,15,6,4,3,2
24,6,111201,2,1351,1314,0,101,70,46,31,20,11,5,4,4,1,0,100,98,62,40,25,15,11,6,3,1
24,6,111202,0,1415,1415,0,98,75,46,29,21,13,8,4,1,1,0,99,99,68,44,28,17,10,5,3,2
24,6,111202,1,1415,1341,0,98,75,46,29,21,13,8,4,1,1,0,99,100,66,40,26,15,9,6,3,1
24,6,111202,2,1415,1374,0,98,75,46,29,21,13,8,4,1,1,0,100,99,66,41,25,18,10,5,2,1
24,6,111210,0,1393,1325,0,97,66,45,30,19,15,9,5,3,1,0,96,101,66,38,22,16,12,7,3,1
24,6,111210,1,1393,1416,0,97,66,45,30,19,15,9,5,3,1,0,101,93,64,44,27,19,11,5,3,2
24,6,111210,2,1393,1361,0,97,66,45,30,19,15,9,5,3,1,0,93,96,63,45,33,17,10,6,3,1
24,6,111211,0,1385,1361,0,88,72,46,32,23,11,7,3,2,2,0,99,93,63,43,26,18,10,4,2,2
24,6,111211,1,1385,1274,0,88,72,46,32,23,11,7,3,2,2,0,93,95,66,46,30,14,7,5,3,1
24,6,111211,2,1385,1392,0,88,72,46,32,23,11,7,3,2,2,0,95,99,70,38,25,17,9,6,3,2
24,6,111212,0,1342,1264,0,95,73,48,30,16,9,5,5,3,2,0,92,98,63,37,24,14,10,6,4,1
24,6,111212,1,1342,1275,0,95,73,48,30,16,9,5,5,3,2,0,98,97,67,41,20,11,8,4,3,3
24,6,111212,2,1342,1360,0,95,73,48,30,16,9,5,5,3,2,0,97,92,62,41,27,16,7,6,4,2
24,6,111220,0,1441,1458,0,96,73,49,29,17,11,8,5,2,1,0,99,103,68,42,25,15,10,7,4,2
24,6,111220,1,1441,1402,0,96,73,49,29,17,11,8,5,2,1,0,103,92,66,40,26,16,9,5,4,3
24,6,111221,0,1461,1457,0,95,70,49,34,18,13,7,5,3,2,0,99,100,66,46,26,15,12,6,4,3
24,6,111221,1,1461,1413,0,95,70,49,34,18,13,7,5,3,2,0,100,98,68,44,28,15,8,6,5,2
24,6,111221,2,1461,1443,0,95,70,49,34,18,13,7,5,3,2,0,98,99,68,42,29,19,11,6,2,1
24,6,111222,0,1459,1411,0,101,72,48,28,22,13,8,3,3,2,0,99,103,64,42,28,17,11,4,3,3
24,6,111222,1,1459,1482,0,101,72,48,28,22,13,8,3,3,2,0,103,100,70,45,26,16,8,6,4,3
24,6,111222,2,1459,1528,0,101,72,48,28,22,13,8,3,3,2,0,100,99,67,42,27,20,12,8,3,1
24,6,112000,0,1429,1405,0,99,69,48,29,16,13,10,5,3,1,0,99,96,62,40,28,16,10,7,4,2
24,6,112000,1,1429,1370,0,99,69,48,29,16,13,10,5,3,1,0,96,99,65,43,24,17,11,7,4,1
24,6,112000,2,1429,1422,0,99,69,48,29,16,13,10,5,3,1,0,99,99,68,43,26,16,12,6,2,2
24,6,112001,0,1353,1260,0,91,69,46,35,22,14,6,2,2,1,0,96,97,67,42,26,16,9,3,1,1
24,6,112001,1,1353,1274,0,91,69,46,35,22,14,6,2,2,1,0,97,95,64,43,28,16,9,4,2,1
24,6,112001,2,1353,1258,0,91,69,46,35,22,14,6,2,2,1,0,95,96,66,43,28,15,7,4,2,1
24,6,112002,0,1414,1345,0,97,74,47,28,22,13,7,4,1,1,0,98,98,67,43,25,17,10,4,2,1
24,6,112002,1,1414,1389,0,97,74,47,28,22,13,7,4,1,1,0,98,100,66,43,27,17,9,5,2,1
24,6,112002,2,1414,1366,0,97,74,47,28,22,13,7,4,1,1,0,100,98,66,39,26,16,9,6,4,2
24,6,112010,0,1390,1364,0,101,71,48,30,19,13,8,5,3,1,0,100,103,68,42,26,15,11,5,3,1
24,6,112010,1,1390,1304,0,101,71,48,30,19,13,8,5,3,1,0,103,96,67,41,25,16,8,5,3,2
24,6,112010,2,1390,1389,0,101,71,48,30,19,13,8,5,3,1,0,96,100,63,44,28,18,11,7,3,1
24,6,112011,0,1435,1410,0,95,75,46,33,22,14,8,4,2,1,0,97,106,66,44,28,17,12,5,4,2
24,6,112011,1,1435,1402,0,95,75,46,33,22,14,8,4,2,1,0,106,98,75,46,28,16,8,4,3,1
24,6,112011,2,1435,1354,0,95,75,46,33,22,14,8,4,2,1,0,98,97,65,41,29,19,10,7,1,1
24,6,112012,0,1411,1340,0,101,76,53,30,18,9,7,6,3,1,0,104,96,63,43,26,16,9,4,4,3
24,6,112012,1,1411,1325,0,101,76,53,30,18,9,7,6,3,1,0,96,104,71,43,26,13,7,6,3,1
24,6,112012,2,1411,1294,0,101,76,53,30,18,9,7,6,3,1,0,104,104,69,41,22,15,10,7,3,0
24,6,112020,0,1456,1421,0,95,73,47,33,23,11,5,3,2,1,0,102,99,70,44,24,15,9,5,3,2
24,6,112020,2,1456,1439,0,95,73,47,33,23,11,5,3,2,1,0,95,102,67,41,26,17,10,5,3,2
24,6,112021,0,1406,1345,0,99,73,48,31,19,11,6,5,2,2,0,93,106,66,42,28,14,8,5,3,2
24,6,112021,1,1406,1343,0,99,73,48,31,19,11,6,5,2,2,0,106,98,71,41,21,13,8,6,4,1
24,6,112021,2,1406,1390,0,99,73,48,31,19,11,6,5,2,2,0,98,93,61,42,28,19,11,5,3,2
24,6,112022,0,1482,1498,0,96,73,49,31,17,13,9,4,3,2,0,99,99,65,42,28,16,12,7,4,3
24,6,112022,1,1482,1524,0,96,73,49,31,17,13,9,4,3,2,0,99,101,69,46,27,16,10,6,4,2
24,6,112022,2,1482,1447,0,96,73,49,31,17,13,9,4,3,2,0,101,99,69,42,26,18,11,7,3,2
24,6,112100,0,1402,1365,0,99,70,46,32,23,13,7,2,2,2,0,99,102,67,43,27,16,8,4,2,2
24,6,112100,1,1402,1389,0,99,70,46,32,23,13,7,2,2,2,0,102,96,67,41,26,19,10,5,2,2
24,6,112100,2,1402,1306,0,99,70,46,32,23,13,7,2,2,2,0,96,99,64,44,29,15,9,5,3,1
24,6,112101,0,1348,1267,0,93,74,53,33,19,9,5,4,2,1,0,99,93,67,39,26,14,7,5,3,1
24,6,112101,1,1348,1253,0,93,74,53,33,19,9,5,4,2,1,0,93,102,63,42,22,15,9,5,3,1
24,6,112101,2,1348,1306,0,93,74,53,33,19,9,5,4,2,1,0,102,99,71,46,26,12,6,3,2,2
24,6,112102,0,1388,1323,0,98,70,47,28,19,15,8,5,2,1,0,97,99,64,39,23,18,12,5,3,1
24,6,112102,1,1388,1353,0,98,70,47,28,19,15,8,5,2,1,0,99,97,65,43,27,18,10,4,2,2
24,6,112102,2,1388,1293,0,98,70,47,28,19,15,8,5,2,1,0,97,97,66,43,28,14,9,7,3,0
24,6,112110,0,1431,1348,0,97,77,52,32,19,12,7,4,2,1,0,92,109,70,40,27,16,10,5,1,1
24,6,112110,1,1431,1355,0,97,77,52,32,19,12,7,4,2,1,0,109,103,69,42,22,14,9,6,3,2
24,6,112110,2,1431,1350,0,97,77,52,32,19,12,7,4,2,1,0,103,92,68,48,29,16,8,4,4,1
24,6,112111,0,1348,1312,0,106,73,48,30,20,10,6,3,3,2,0,102,102,63,40,25,18,11,5,3,1
24,6,112111,1,1348,1235,0,106,73,48,30,20,10,6,3,3,2,0,102,97,65,42,27,12,7,3,2,2
24,6,112111,2,1348,1289,0,106,73,48,30,20,10,6,3,3,2,0,97,102,67,40,22,14,6,6,3,2
24,6,112112,0,1389,1328,0,99,76,50,33,19,11,5,3,2,1,0,97,102,62,40,27,14,9,5,3,2
24,6,112112,1,1389,1289,0,99,76,50,33,19,11,5,3,2,1,0,102,102,71,42,24,13,7,3,3,2
24,6,112112,2,1389,1372,0,99,76,50,33,19,11,5,3,2,1,0,102,97,69,44,25,16,8,5,2,1
24,6,112120,0,1425,1330,0,97,72,44,30,23,15,10,6,1,0,0,101,97,67,46,29,19,10,5,2,0
24,6,112120,1,1425,1361,0,97,72,44,30,23,15,10,6,1,0,0,97,100,69,45,30,17,11,6,2,0
24,6,112120,2,1425,1355,0,97,72,44,30,23,15,10,6,1,0,0,100,101,65,38,26,19,11,6,3,1
24,6,112121,0,1402,1280,0,96,79,51,31,17,10,10,5,2,1,0,98,98,69,43,25,14,10,7,3,0
24,6,112121,1,1402,1291,0,96,79,51,31,17,10,10,5,2,1,0,98,106,69,43,23,15,10,5,2,2
24,6,112121,2,1402,1354,0,96,79,51,31,17,10,10,5,2,1,0,106,98,68,41,28,16,8,6,3,1
24,6,112122,0,1361,1250,0,96,70,50,34,19,13,5,3,3,1,0,100,95,68,43,28,14,7,4,2,1
24,6,112122,1,1361,1270,0,96,70,50,34,19,13,5,3,3,1,0,95,99,62,42,26,16,8,4,3,2
24,6,112122,2,1361,1289,0,96,70,50,34,19,13,5,3,3,1,0,99,100,68,43,24,14,10,4,2,1
24,6,112200,0,1505,1488,0,96,70,49,34,24,13,8,5,3,2,0,105,100,69,49,31,17,9,5,4,3
24,6,112200,1,1505,1430,0,96,70,49,34,24,13,8,5,3,2,0,100,99,72,46,30,19,9,6,3,1
24,6,112200,2,1505,1438,0,96,70,49,34,24,13,8,5,3,2,0,99,105,67,43,28,19,13,7,3,1
24,6,112201,0,1538,1484,0,97,78,50,29,19,13,10,8,4,1,0,102,102,73,44,30,16,10,8,5,2
24,6,112201,1,1538,1518,0,97,78,50,29,19,13,10,8,4,1,0,102,105,72,43,24,20,13,9,5,1
24,6,112201,2,1538,1503,0,97,78,50,29,19,13,10,8,4,1,0,105,102,67,47,30,19,13,6,3,2
24,6,112202,0,1515,1517,0,100,71,49,34,19,15,10,5,3,1,0,107,97,69,48,28,18,12,6,3,2
24,6,112202,1,1515,1515,0,100,71,49,34,19,15,10,5,3,1,0,97,104,67,46,33,19,12,7,3,2
24,6,112202,2,1515,1442,0,100,71,49,34,19,15,10,5,3,1,0,104,107,72,43,27,17,11,7,4,1
24,6,112210,0,1457,1369,0,100,75,49,32,21,12,9,5,3,1,0,104,102,74,44,23,15,10,7,3,1
24,6,112210,1,1457,1410,0,100,75,49,32,21,12,9,5,3,1,0,102,101,66,45,29,19,11,6,3,1
24,6,112210,2,1457,1405,0,100,75,49,32,21,12,9,5,3,1,0,101,104,67,43,31,17,9,5,3,2
24,6,112211,0,1477,1515,0,98,76,50,35,20,13,8,4,2,1,0,104,102,70,48,33,17,9,6,2,1
24,6,112211,1,1477,1418,0,98,76,50,35,20,13,8,4,2,1,0,102,103,72,42,26,16,10,6,3,2
24,6,112211,2,1477,1474,0,98,76,50,35,20,13,8,4,2,1,0,103,104,69,45,26,17,11,5,4,2
24,6,112212,0,1490,1487,0,97,71,49,33,25,15,9,5,1,1,0,98,105,71,44,30,20,11,7,2,1
24,6,112212,1,1490,1472,0,97,71,49,33,25,15,9,5,1,1,0,105,104,70,44,28,19,12,6,4,1
24,6,112212,2,1490,1398,0,97,71,49,33,25,15,9,5,1,1,0,104,98,69,51,32,18,9,4,2,1
24,6,112220,0,1487,1418,0,101,80,51,30,21,15,10,6,2,0,0,107,105,71,46,30,20,9,5,3,1
24,6,112220,1,1487,1445,0,101,80,51,30,21,15,10,6,2,0,0,105,104,69,44,29,17,13,8,3,0
24,6,112220,2,1487,1375,0,101,80,51,30,21,15,10,6,2,0,0,104,107,75,45,25,17,11,5,2,1
24,6,112221,0,1466,1401,0,102,74,51,35,21,13,8,3,3,2,0,105,104,75,45,26,15,11,6,2,1
24,6,112221,1,1466,1383,0,102,74,51,35,21,13,8,3,3,2,0,104,103,65,44,29,18,9,5,3,2
24,6,112221,2,1466,1448,0,102,74,51,35,21,13,8,3,3,2,0,103,105,70,47,30,17,9,5,3,2
24,6,112222,0,1459,1409,0,94,72,51,35,24,15,5,4,2,1,0,98,108,72,47,31,18,8,3,2,1
24,6,112222,1,1459,1385,0,94,72,51,35,24,15,5,4,2,1,0,108,98,72,46,27,17,10,5,2,1
24,6,112222,2,1459,1403,0,94,72,51,35,24,15,5,4,2,1,0,98,98,66,45,29,17,10,5,4,2
24,6,200000,0,1260,1208,0,84,70,39,25,18,13,8,3,1,1,0,91,82,60,36,23,15,9,6,2,1
24,6,200000,1,1260,1190,0,84,70,39,25,18,13,8,3,1,1,0,82,90,57,38,25,16,10,4,2,1
24,6,200000,2,1260,1191,0,84,70,39,25,18,13,8,3,1,1,0,90,91,62,35,22,14,8,4,2,1
24,6,200001,0,1205,1102,0,87,62,45,29,17,9,6,4,2,1,0,85,86,58,40,24,14,6,5,2,0
24,6,200001,1,1205,1175,0,87,62,45,29,17,9,6,4,2,1,0,86,91,59,34,21,14,9,5,3,2
24,6,200001,2,1205,1113,0,87,62,45,29,17,9,6,4,2,1,0,91,85,58,39,23,11,7,3,2,1
24,6,200002,0,1215,1148,0,84,59,40,25,17,11,6,5,3,1,0,85,82,59,34,20,15,10,5,2,1
24,6,200002,1,1215,1191,0,84,59,40,25,17,11,6,5,3,1,0,82,84,50,36,25,15,8,5,4,2
24,6,200002,2,1215,1147,0,84,59,40,25,17,11,6,5,3,1,0,84,85,58,38,23,13,8,5,3,1
24,6,200010,0,1217,1248,0,84,66,41,27,17,11,4,4,2,2,0,89,85,58,35,22,17,11,4,3,2
24,6,200010,1,1217,1156,0,84,66,41,27,17,11,4,4,2,2,0,85,85,56,37,25,11,7,4,3,2
24,6,200010,2,1217,1170,0,84,66,41,27,17,11,4,4,2,2,0,85,89,61,37,21,13,6,5,3,1
24,6,200011,0,1284,1260,0,89,61,41,26,17,11,8,4,3,1,0,82,91,54,36,25,16,10,5,3,2
24,6,200011,1,1284,1293,0,89,61,41,26,17,11,8,4,3,1,0,91,90,61,38,24,14,9,6,3,2
24,6,200011,2,1284,1354,0,89,61,41,26,17,11,8,4,3,1,0,90,82,59,39,23,16,10,7,4,2
24,6,200012,0,1217,1219,0,78,63,44,29,17,8,5,2,1,1,0,90,85,59,36,20,12,7,5,3,2
24,6,200012,2,1217,1185,0,78,63,44,29,17,8,5,2,1,1,0,76,90,56,35,22,13,7,4,2,2
24,6,200020,0,1250,1225,0,82,61,43,27,19,11,5,3,2,1,0,86,88,61,37,23,13,6,5,4,3
24,6,200020,1,1250,1215,0,82,61,43,27,19,11,5,3,2,1,0,88,82,57,37,23,15,10,4,3,1
24,6,200020,2,1250,1221,0,82,61,43,27,19,11,5,3,2,1,0,82,86,56,39,24,15,8,4,1,1
24,6,200021,0,1211,1187,0,81,62,40,24,15,10,8,5,2,1,0,86,80,55,36,22,10,8,7,4,2
24,6,200021,1,1211,1149,0,81,62,40,24,15,10,8,5,2,1,0,80,83,56,36,21,16,8,5,4,1
24,6,200021,2,1211,1210,0,81,62,40,24,15,10,8,5,2,1,0,83,86,57,34,23,16,11,5,1,1
24,6,200022,0,1201,1147,0,87,60,39,27,16,10,6,3,3,2,0,82,87,56,35,23,14,6,3,2,2
24,6,200022,1,1201,1157,0,87,60,39,27,16,10,6,3,3,2,0,87,84,56,34,20,13,10,7,3,1
24,6,200022,2,1201,1152,0,87,60,39,27,16,10,6,3,3,2,0,84,82,54,37,24,13,8,4,3,2
24,6,200100,0,1005,930,0,78,56,39,25,17,8,4,1,1,1,0,69,84,50,28,20,12,4,3,1,1
24,6,200100,1,1005,870,0,78,56,39,25,17,8,4,1,1,1,0,84,77,53,30,16,10,7,3,1,0
24,6,200100,2,1005,890,0,78,56,39,25,17,8,4,1,1,1,0,77,69,49,38,21,10,4,1,1,1
24,6,200101,0,948,875,0,80,57,37,22,14,9,3,2,1,0,0,81,74,47,25,16,12,7,3,1,0
24,6,200101,1,948,833,0,80,57,37,22,14,9,3,2,1,0,0,74,70,47,34,18,8,5,2,1,0
24,6,200101,2,948,834,0,80,57,37,22,14,9,3,2,1,0,0,70,81,51,29,17,9,3,1,1,1
24,6,200102,0,982,891,0,77,58,36,25,13,9,5,3,1,0,0,75,75,48,28,21,11,8,2,0,0
24,6,200102,1,982,871,0,77,58,36,25,13,9,5,3,1,0,0,75,77,52,31,17,8,4,3,1,1
24,6,200102,2,982,948,0,77,58,36,25,13,9,5,3,1,0,0,77,75,50,33,18,12,6,4,3,0
24,6,200110,0,955,872,0,79,59,36,23,12,7,4,3,1,1,0,77,76,49,32,18,7,4,3,1,1
24,6,200110,1,955,898,0,79,59,36,23,12,7,4,3,1,1,0,76,72,51,31,17,10,4,4,3,0
24,6,200110,2,955,848,0,79,59,36,23,12,7,4,3,1,1,0,72,77,46,24,16,11,8,2,1,1
24,6,200111,0,977,860,0,79,59,39,22,13,8,4,2,2,0,0,73,74,50,32,20,9,5,2,1,0
24,6,200111,1,977,860,0,79,59,39,22,13,8,4,2,2,0,0,74,81,52,27,14,9,6,3,1,1
24,6,200111,2,977,906,0,79,59,39,22,13,8,4,2,2,0,0,81,73,47,31,17,11,5,3,2,1
24,6,200112,0,909,844,0,83,56,35,20,13,8,6,2,0,0,0,79,73,47,30,15,10,5,3,1,0
24,6,200112,1,909,854,0,83,56,35,20,13,8,6,2,0,0,0,73,71,45,28,19,12,7,2,0,0
24,6,200112,2,909,780,0,83,56,35,20,13,8,6,2,0,0,0,71,79,48,26,15,7,4,3,1,0
24,6,200120,0,1005,922,0,83,61,38,23,15,9,5,2,1,0,0,76,76,53,33,17,10,6,4,1,0
24,6,200120,1,1005,905,0,83,61,38,23,15,9,5,2,1,0,0,76,85,52,30,18,12,7,2,1,0
24,6,200120,2,1005,895,0,83,61,38,23,15,9,5,2,1,0,0,85,76,49,30,20,10,4,2,1,1
24,6,200121,0,955,915,0,80,57,38,23,14,7,4,2,1,1,0,72,76,46,29,18,11,6,4,1,1
24,6,200121,1,955,929,0,80,57,38,23,14,7,4,2,1,1,0,76,79,51,31,16,9,5,2,2,1
24,6,200121,2,955,816,0,80,57,38,23,14,7,4,2,1,1,0,79,72,50,30,18,9,4,2,1,0
24,6,200122,0,1017,1019,0,76,62,37,25,13,7,4,3,2,1,0,80,72,53,28,20,14,7,4,2,1
24,6,200122,1,1017,956,0,76,62,37,25,13,7,4,3,2,1,0,72,79,45,30,19,8,6,4,3,2
24,6,200122,2,1017,1010,0,76,62,37,25,13,7,4,3,2,1,0,79,80,57,35,17,9,5,3,2,1
24,6,200200,0,1126,1053,0,85,61,40,25,15,10,5,1,1,1,0,85,77,53,34,20,12,7,3,2,1
24,6,200200,1,1126,1081,0,85,61,40,25,15,10,5,1,1,1,0,77,84,53,34,20,12,6,3,1,1
24,6,200200,2,1126,1076,0,85,61,40,25,15,10,5,1,1,1,0,84,85,55,32,20,11,7,4,2,2
24,6,200201,0,1111,1013,0,80,61,38,23,16,9,5,4,1,1,0,81,81,56,34,20,11,6,4,2,1
24,6,200201,1,1111,1111,0,80,61,38,23,16,9,5,4,1,1,0,81,77,51,31,21,14,7,4,3,1
24,6,200201,2,1111,1054,0,80,61,38,23,16,9,5,4,1,1,0,77,81,52,33,19,12,8,4,2,1
24,6,200202,0,1094,1038,0,83,62,38,23,12,8,7,4,2,1,0,81,78,55,36,18,9,7,5,3,1
24,6,200202,1,1094,1028,0,83,62,38,23,12,8,7,4,2,1,0,78,81,53,29,19,13,7,4,3,1
24,6,200202,2,1094,1030,0,83,62,38,23,12,8,7,4,2,1,0,81,81,49,30,20,12,8,5,1,1
24,6,200210,0,1035,956,0,81,62,38,25,14,8,4,2,2,1,0,76,79,51,30,20,11,7,2,2,1
24,6,200210,1,1035,938,0,81,62,38,25,14,8,4,2,2,1,0,79,82,51,31,17,10,5,3,1,1
24,6,200210,2,1035,975,0,81,62,38,25,14,8,4,2,2,1,0,82,76,54,33,19,10,5,4,2,1
24,6,200211,0,972,901,0,84,59,39,26,16,6,3,2,1,0,0,80,78,52,31,17,11,4,2,1,1
24,6,200211,1,972,863,0,84,59,39,26,16,6,3,2,1,0,0,78,78,50,29,20,10,4,2,1,0
24,6,200211,2,972,847,0,84,59,39,26,16,6,3,2,1,0,0,78,80,50,33,17,7,4,2,1,0
24,6,200212,0,992,862,0,81,60,40,21,13,9,5,3,1,0,0,76,78,48,28,17,11,6,3,2,0
24,6,200212,1,992,901,0,81,60,40,21,13,9,5,3,1,0,0,78,79,50,32,18,9,6,3,1,0
24,6,200212,2,992,937,0,81,60,40,21,13,9,5,3,1,0,0,79,76,54,32,17,11,6,3,1,1
24,6,200220,0,1110,1048,0,83,63,38,25,16,10,6,2,1,1,0,81,80,52,28,21,12,8,5,3,1
24,6,200220,1,1110,1034,0,83,63,38,25,16,10,6,2,1,1,0,80,85,53,36,18,11,7,2,1,1
24,6,200220,2,1110,1072,0,83,63,38,25,16,10,6,2,1,1,0,85,81,58,36,23,14,6,4,1,1
24,6,200221,0,1130,1056,0,85,63,42,25,15,8,5,4,2,1,0,84,87,53,32,19,12,5,3,3,2
24,6,200221,1,1130,1042,0,85,63,42,25,15,8,5,4,2,1,0,87,79,54,38,22,12,7,4,2,0
24,6,200221,2,1130,1062,0,85,63,42,25,15,8,5,4,2,1,0,79,84,58,32,19,11,8,5,2,1
24,6,200222,0,1099,1022,0,86,60,41,24,12,8,5,4,3,1,0,83,81,53,33,20,9,7,5,3,1
24,6,200222,1,1099,1025,0,86,60,41,24,12,8,5,4,3,1,0,81,80,54,32,17,11,7,5,3,1
24,6,200222,2,1099,1059,0,86,60,41,24,12,8,5,4,3,1,0,80,83,51,33,20,13,7,3,2,2
24,6,201000,0,1130,1096,0,83,60,41,26,14,7,4,3,2,1,0,82,79,54,35,21,11,5,4,2,1
24,6,201000,1,1130,1083,0,83,60,41,26,14,7,4,3,2,1,0,79,82,53,33,19,10,7,5,3,2
24,6,201000,2,1130,1086,0,83,60,41,26,14,7,4,3,2,1,0,82,82,53,32,19,12,7,3,3,2
24,6,201001,0,1105,1059,0,82,60,40,24,15,10,5,3,1,1,0,75,79,52,32,20,12,8,4,1,1
24,6,201001,1,1105,1080,0,82,60,40,24,15,10,5,3,1,1,0,79,88,52,34,19,12,7,4,3,1
24,6,201001,2,1105,1017,0,82,60,40,24,15,10,5,3,1,1,0,88,75,56,34,21,12,6,3,2,1
24,6,201002,0,1091,1025,0,86,62,38,22,14,10,6,3,2,1,0,82,82,51,33,19,13,7,4,2,1
24,6,201002,1,1091,1050,0,86,62,38,22,14,10,6,3,2,1,0,82,80,52,32,21,13,8,3,2,1
24,6,201002,2,1091,1011,0,86,62,38,22,14,10,6,3,2,1,0,80,82,55,31,18,10,7,5,2,1
24,6,201010,0,1080,1006,0,80,59,36,24,14,8,7,2,2,2,0,73,79,54,34,19,10,6,4,2,1
24,6,201010,1,1080,1010,0,80,59,36,24,14,8,7,2,2,2,0,79,82,53,28,19,14,7,5,2,1
24,6,201010,2,1080,1044,0,80,59,36,24,14,8,7,2,2,2,0,82,73,47,33,21,11,8,4,2,2
24,6,201011,0,1046,1043,0,77,59,38,24,16,8,3,3,2,1,0,72,82,49,32,21,13,6,3,2,1
24,6,201011,1,1046,1014,0,77,59,38,24,16,8,3,3,2,1,0,82,78,55,32,18,10,7,4,2,1
24,6,201011,2,1046,980,0,77,59,38,24,16,8,3,3,2,1,0,78,72,51,32,19,11,5,3,3,2
24,6,201012,0,1090,1045,0,82,62,37,22,13,10,7,5,2,0,0,82,74,50,29,21,14,9,6,2,0
24,6,201012,1,1090,1013,0,82,62,37,22,13,10,7,5,2,0,0,74,84,50,32,19,11,9,4,2,1
24,6,201012,2,1090,1062,0,82,62,37,22,13,10,7,5,2,0,0,84,82,58,35,19,12,6,4,3,1
24,6,201020,0,1171,1156,0,81,56,36,25,14,12,7,4,2,1,0,81,79,51,35,21,13,9,3,3,2
24,6,201020,1,1171,1133,0,81,56,36,25,14,12,7,4,2,1,0,79,79,54,36,24,15,7,5,2,1
24,6,201020,2,1171,1132,0,81,56,36,25,14,12,7,4,2,1,0,79,81,53,31,21,13,11,7,3,1
24,6,201021,0,1174,1098,0,77,61,38,29,19,10,6,3,2,1,0,82,81,56,34,26,14,5,4,2,1
24,6,201021,1,1174,1089,0,77,61,38,29,19,10,6,3,2,1,0,81,83,58,35,19,13,10,6,2,0
24,6,201021,2,1174,1097,0,77,61,38,29,19,10,6,3,2,1,0,83,82,55,39,25,14,7,2,2,2
24,6,201022,0,1135,1072,0,81,59,43,24,18,9,6,4,2,1,0,87,77,54,33,18,13,8,5,3,1
24,6,201022,1,1135,1112,0,81,59,43,24,18,9,6,4,2,1,0,77,83,52,40,24,16,7,3,1,1
24,6,201022,2,1135,1115,0,81,59,43,24,18,9,6,4,2,1,0,83,87,60,34,22,11,7,5,3,1
24,6,201100,0,1307,1379,0,84,65,44,23,13,9,7,6,2,2,0,82,91,59,35,23,14,9,7,4,3
24,6,201100,1,1307,1319,0,84,65,44,23,13,9,7,6,2,2,0,91,85,58,35,20,13,10,7,5,2
24,6,201101,0,1228,1325,0,81,56,38,25,15,10,7,3,3,2,0,82,79,53,35,25,15,10,7,4,3
24,6,201101,1,1228,1232,0,81,56,38,25,15,10,7,3,3,2,0,79,82,52,35,22,13,9,5,4,2
24,6,201101,2,1228,1290,0,81,56,38,25,15,10,7,3,3,2,0,82,82,57,36,21,15,9,6,3,3
24,6,201110,0,1190,1157,0,89,59,41,21,15,10,6,4,2,1,0,87,83,54,31,19,13,10,5,3,1
24,6,201110,1,1190,1187,0,89,59,41,21,15,10,6,4,2,1,0,83,80,57,37,19,12,7,4,3,2
24,6,201110,2,1190,1186,0,89,59,41,21,15,10,6,4,2,1,0,80,87,50,34,23,15,8,6,3,2
24,6,201111,0,1234,1223,0,83,60,35,27,14,11,8,4,3,2,0,87,76,51,35,24,16,11,5,3,2
24,6,201111,1,1234,1254,0,83,60,35,27,14,11,8,4,3,2,0,76,85,54,39,25,12,9,6,3,2
24,6,201111,2,1234,1251,0,83,60,35,27,14,11,8,4,3,2,0,85,87,60,31,21,15,9,7,4,2
24,6,201112,0,1195,1134,0,82,67,44,26,16,8,4,3,3,2,0,84,85,60,37,20,12,7,5,4,2
24,6,201112,1,1195,1193,0,82,67,44,26,16,8,4,3,3,2,0,85,87,58,35,22,14,7,3,3,2
24,6,201112,2,1195,1131,0,82,67,44,26,16,8,4,3,3,2,0,87,84,56,35,21,11,7,5,2,2
24,6,201120,0,1301,1282,0,82,64,41,27,15,8,6,5,4,2,0,86,89,58,36,23,14,10,5,4,4
24,6,201120,1,1301,1313,0,82,64,41,27,15,8,6,5,4,2,0,89,81,57,36,24,14,7,6,5,3
24,6,201120,2,1301,1338,0,82,64,41,27,15,8,6,5,4,2,0,81,86,59,38,22,14,10,8,4,1
24,6,201121,0,1301,1335,0,80,61,42,26,16,11,7,4,2,1,0,83,85,57,39,23,15,10,5,4,3
24,6,201121,2,1301,1318,0,80,61,42,26,16,11,7,4,2,1,0,85,83,58,38,23,15,9,6,3,2
24,6,201122,0,1212,1166,0,88,63,37,21,16,12,7,4,2,2,0,80,91,54,33,21,14,8,5,4,2
24,6,201122,1,1212,1203,0,88,63,37,21,16,12,7,4,2,2,0,91,82,59,35,23,16,9,5,2,1
24,6,201122,2,1212,1192,0,88,63,37,21,16,12,7,4,2,2,0,82,80,52,34,21,14,11,6,3,2
24,6,201200,0,1265,1214,0,85,64,44,28,18,8,5,4,3,2,0,85,89,56,35,25,14,10,5,2,1
24,6,201200,1,1265,1216,0,85,64,44,28,18,8,5,4,3,2,0,89,88,60,41,21,11,7,5,4,3
24,6,201200,2,1265,1226,0,85,64,44,28,18,8,5,4,3,2,0,88,85,61,37,23,16,6,5,4,2
24,6,201201,0,1156,1069,0,84,57,41,25,16,12,5,3,3,1,0,86,83,54,36,21,13,8,3,2,1
24,6,201201,1,1156,1141,0,84,57,41,25,16,12,5,3,3,1,0,83,78,57,37,23,15,7,3,2,2
24,6,201201,2,1156,1104,0,84,57,41,25,16,12,5,3,3,1,0,78,86,52,33,21,12,9,6,3,1
24,6,201202,0,1272,1226,0,83,63,39,28,17,11,8,4,1,1,0,89,81,58,40,22,13,9,6,4,2
24,6,201202,1,1272,1250,0,83,63,39,28,17,11,8,4,1,1,0,81,87,57,37,25,16,9,4,3,1
24,6,201202,2,1272,1258,0,83,63,39,28,17,11,8,4,1,1,0,87,89,59,34,25,15,9,6,1,1
24,6,201210,0,1114,1104,0,79,58,37,25,17,12,5,3,2,1,0,81,78,57,36,20,13,9,4,3,1
24,6,201210,1,1114,1048,0,79,58,37,25,17,12,5,3,2,1,0,78,80,52,31,21,15,8,3,1,1
24,6,201210,2,1114,1035,0,79,58,37,25,17,12,5,3,2,1,0,80,81,51,35,24,12,6,4,2,1
24,6,201211,0,1128,1082,0,86,61,36,23,16,9,6,3,2,1,0,75,82,50,31,19,15,8,5,2,2
24,6,201211,1,1128,1070,0,86,61,36,23,16,9,6,3,2,1,0,82,87,54,32,21,12,8,4,3,1
24,6,201211,2,1128,1081,0,86,61,36,23,16,9,6,3,2,1,0,87,75,54,34,21,11,6,4,2,1
24,6,201212,0,1097,1025,0,80,63,41,24,13,8,6,4,2,1,0,81,79,50,30,19,15,9,5,2,0
24,6,201212,1,1097,987,0,80,63,41,24,13,8,6,4,2,1,0,79,82,52,35,20,8,7,4,2,2
24,6,201212,2,1097,1054,0,80,63,41,24,13,8,6,4,2,1,0,82,81,60,34,19,11,5,4,3,1
24,6,201220,0,1314,1321,0,80,60,43,30,18,10,7,4,1,1,0,79,92,59,35,23,14,10,7,3,2
24,6,201220,1,1314,1291,0,80,60,43,30,18,10,7,4,1,1,0,92,86,61,40,23,13,8,4,4,2
24,6,201221,0,1235,1222,0,79,66,44,24,16,9,6,4,3,2,0,88,82,54,37,22,13,9,5,4,3
24,6,201221,1,1235,1174,0,79,66,44,24,16,9,6,4,3,2,0,82,84,59,41,24,12,5,4,4,2
24,6,201221,2,1235,1248,0,79,66,44,24,16,9,6,4,3,2,0,84,88,62,31,19,16,11,7,2,1
24,6,201222,0,1189,1122,0,89,62,38,26,16,11,6,3,2,1,0,82,88,54,33,25,12,7,4,2,2
24,6,201222,1,1189,1200,0,89,62,38,26,16,11,6,3,2,1,0,88,86,58,35,18,12,8,6,4,2
24,6,201222,2,1189,1260,0,89,62,38,26,16,11,6,3,2,1,0,86,82,55,37,24,17,10,4,2,1
24,6,202000,0,1003,908,0,87,65,39,21,14,8,5,2,1,0,0,83,78,50,32,16,9,7,2,1,1
24,6,202000,1,1003,877,0,87,65,39,21,14,8,5,2,1,0,0,78,81,55,34,19,9,2,2,2,0
24,6,202000,2,1003,887,0,87,65,39,21,14,8,5,2,1,0,0,81,83,50,24,16,12,7,4,0,0
24,6,202001,0,1079,945,0,88,62,40,28,15,9,4,3,1,1,0,78,85,51,34,23,11,5,2,1,1
24,6,202001,1,1079,1046,0,88,62,40,28,15,9,4,3,1,1,0,85,88,59,34,19,9,6,4,2,1
24,6,202001,2,1079,1005,0,88,62,40,28,15,9,4,3,1,1,0,88,78,53,33,19,13,7,3,2,0
24,6,202002,0,1072,976,0,83,65,44,27,16,8,5,2,1,0,0,91,79,57,36,20,9,5,3,1,1
24,6,202002,1,1072,965,0,83,65,44,27,16,8,5,2,1,0,0,79,81,53,35,22,12,5,2,1,0
24,6,202002,2,1072,953,0,83,65,44,27,16,8,5,2,1,0,0,81,91,58,32,17,11,6,3,1,0
24,6,202010,0,1107,1055,0,85,65,37,24,15,9,6,4,1,1,0,82,82,54,31,18,12,8,3,3,1
24,6,202010,1,1107,998,0,85,65,37,24,15,9,6,4,1,1,0,82,83,54,34,22,13,6,3,1,0
24,6,202010,2,1107,1047,0,85,65,37,24,15,9,6,4,1,1,0,83,82,54,32,20,11,7,6,2,1
24,6,202011,0,1136,1059,0,83,64,43,30,15,9,6,1,1,1,0,87,83,57,38,21,10,6,4,2,1
24,6,202011,1,1136,1106,0,83,64,43,30,15,9,6,1,1,1,0,83,84,60,36,22,12,6,3,1,1
24,6,202011,2,1136,1033,0,83,64,43,30,15,9,6,1,1,1,0,84,87,54,33,21,12,7,3,1,1
24,6,202012,0,1058,927,0,85,58,41,25,19,10,3,2,1,0,0,83,79,53,36,18,11,6,1,1,1
24,6,202012,1,1058,947,0,85,58,41,25,19,10,3,2,1,0,0,79,82,55,33,22,11,4,3,1,0
24,6,202012,2,1058,952,0,85,58,41,25,19,10,3,2,1,0,0,82,83,51,32,20,13,6,2,1,0
24,6,202020,0,1164,1161,0,85,65,46,25,15,8,5,3,1,1,0,85,84,55,35,21,14,7,4,3,1
24,6,202020,1,1164,1149,0,85,65,46,25,15,8,5,3,1,1,0,84,87,58,35,21,10,7,4,2,1
24,6,202020,2,1164,1065,0,85,65,46,25,15,8,5,3,1,1,0,87,85,58,36,18,11,6,4,2,2
24,6,202021,0,1167,1100,0,91,61,38,23,16,11,5,4,3,1,0,86,83,53,30,22,13,8,5,3,2
24,6,202021,1,1167,1151,0,91,61,38,23,16,11,5,4,3,1,0,83,85,53,34,20,14,8,4,3,2
24,6,202021,2,1167,1193,0,91,61,38,23,16,11,5,4,3,1,0,85,86,57,38,22,14,9,5,3,1
24,6,202022,0,1144,1036,0,86,67,43,28,14,8,6,3,2,1,0,92,87,58,34,19,11,6,3,2,1
24,6,202022,1,1144,1079,0,86,67,43,28,14,8,6,3,2,1,0,87,79,56,36,22,12,7,5,2,1
24,6,202022,2,1144,1091,0,86,67,43,28,14,8,6,3,2,1,0,79,92,58,35,21,11,7,4,2,1
24,6,202100,0,991,955,0,79,56,37,25,17,8,4,2,1,1,0,75,80,50,29,19,14,6,3,1,1
24,6,202100,1,991,962,0,79,56,37,25,17,8,4,2,1,1,0,80,75,50,33,19,11,7,2,1,1
24,6,202100,2,991,872,0,79,56,37,25,17,8,4,2,1,1,0,75,75,51,33,20,8,3,3,2,0
24,6,202101,0,1043,1019,0,84,57,38,23,13,7,4,3,2,1,0,77,75,49,29,18,13,6,5,3,1
24,6,202101,1,1043,973,0,84,57,38,23,13,7,4,3,2,1,0,75,81,48,30,19,11,8,3,2,1
24,6,202101,2,1043,986,0,84,57,38,23,13,7,4,3,2,1,0,81,77,52,33,17,7,4,3,2,2
24,6,202102,0,1002,901,0,77,61,37,23,13,10,6,2,1,0,0,75,82,50,29,16,9,7,4,1,0
24,6,202102,1,1002,924,0,77,61,37,23,13,10,6,2,1,0,0,82,73,53,32,19,12,5,2,1,1
24,6,202102,2,1002,910,0,77,61,37,23,13,10,6,2,1,0,0,73,75,50,31,20,11,7,3,1,0
24,6,202110,0,1048,959,0,83,60,39,26,14,8,6,3,1,0,0,76,82,51,29,20,13,8,3,1,0
24,6,202110,1,1048,935,0,83,60,39,26,14,8,6,3,1,0,0,82,82,53,34,19,9,5,2,1,1
24,6,202110,2,1048,948,0,83,60,39,26,14,8,6,3,1,0,0,82,76,53,34,19,10,5,5,2,0
24,6,202111,0,1021,917,0,77,59,42,22,16,10,4,1,1,1,0,80,78,50,30,18,12,6,3,1,0
24,6,202111,1,1021,952,0,77,59,42,22,16,10,4,1,1,1,0,78,75,53,36,19,10,7,2,1,1
24,6,202111,2,1021,902,0,77,59,42,22,16,10,4,1,1,1,0,75,80,53,31,18,11,4,2,1,1
24,6,202112,0,1021,930,0,84,59,31,21,15,11,6,3,1,0,0,82,74,49,31,17,10,7,4,2,0
24,6,202112,1,1021,925,0,84,59,31,21,15,11,6,3,1,0,0,74,75,52,30,21,13,5,2,1,1
24,6,202112,2,1021,962,0,84,59,31,21,15,11,6,3,1,0,0,75,82,46,27,19,13,9,4,1,0
24,6,202120,0,908,811,0,80,59,35,18,13,10,5,2,0,0,0,74,75,45,26,15,11,6,2,1,0
24,6,202120,1,908,861,0,80,59,35,18,13,10,5,2,0,0,0,75,73,49,32,18,11,6,2,0,0
24,6,202120,2,908,790,0,80,59,35,18,13,10,5,2,0,0,0,73,74,48,25,15,8,5,3,1,0
24,6,202121,0,957,840,0,83,59,35,25,13,6,4,3,1,1,0,78,72,47,30,16,9,4,4,2,0
24,6,202121,1,957,942,0,83,59,35,25,13,6,4,3,1,1,0,72,80,50,29,18,11,6,3,2,1
24,6,202121,2,957,906,0,83,59,35,25,13,6,4,3,1,1,0,80,78,50,29,19,8,5,2,1,1
24,6,202122,0,990,877,0,77,60,42,26,14,6,3,2,2,0,0,79,81,52,32,15,8,5,2,1,1
24,6,202122,1,990,896,0,77,60,42,26,14,6,3,2,2,0,0,81,72,52,33,20,9,3,2,2,1
24,6,202122,2,990,877,0,77,60,42,26,14,6,3,2,2,0,0,72,79,51,30,18,10,5,3,1,0
24,6,202200,0,910,848,0,81,58,36,20,13,6,4,4,1,0,0,74,78,54,27,16,7,4,4,2,0
24,6,202200,1,910,789,0,81,58,36,20,13,6,4,4,1,0,0,78,71,44,26,13,10,5,3,2,0
24,6,202200,2,910,865,0,81,58,36,20,13,6,4,4,1,0,0,71,74,44,31,19,11,6,2,1,1
24,6,202201,0,955,880,0,83,66,38,21,10,8,5,2,1,0,0,78,76,52,29,18,8,5,3,1,1
24,6,202201,1,955,841,0,83,66,38,21,10,8,5,2,1,0,0,76,80,52,27,14,9,5,2,2,0
24,6,202201,2,955,824,0,83,66,38,21,10,8,5,2,1,0,0,80,78,47,29,15,9,6,3,0,0
24,6,202202,0,937,838,0,80,53,37,24,15,10,5,1,0,0,0,73,72,44,27,20,11,5,3,0,0
24,6,202202,1,937,860,0,80,53,37,24,15,10,5,1,0,0,0,72,80,48,32,15,9,8,2,1,0
24,6,202202,2,937,848,0,80,53,37,24,15,10,5,1,0,0,0,80,73,53,33,20,11,3,1,0,0
24,6,202210,0,1045,897,0,79,67,45,27,12,7,5,2,1,1,0,82,78,57,36,17,6,5,5,1,0
24,6,202210,1,1045,971,0,79,67,45,27,12,7,5,2,1,1,0,78,86,56,32,16,11,6,3,2,1
24,6,202210,2,1045,958,0,79,67,45,27,12,7,5,2,1,1,0,86,82,54,32,22,11,5,1,1,1
24,6,202211,0,1079,1024,0,82,58,39,23,18,10,3,2,1,1,0,77,78,52,32,20,13,6,2,1,1
24,6,202211,1,1079,983,0,82,58,39,23,18,10,3,2,1,1,0,78,83,50,33,20,12,5,3,2,1
24,6,202211,2,1079,991,0,82,58,39,23,18,10,3,2,1,1,0,83,77,54,33,19,11,7,3,2,1
24,6,202212,0,1026,943,0,82,59,33,24,15,7,5,4,2,0,0,75,77,48,29,22,13,6,4,1,0
24,6,202212,1,1026,939,0,82,59,33,24,15,7,5,4,2,0,0,77,79,48,27,16,10,7,5,3,1
24,6,202212,2,1026,929,0,82,59,33,24,15,7,5,4,2,0,0,79,75,53,34,19,10,5,2,2,1
24,6,202220,0,951,883,0,89,61,36,20,11,8,4,2,1,1,0,74,82,50,24,15,10,5,2,2,1
24,6,202220,1,951,840,0,89,61,36,20,11,8,4,2,1,1,0,82,77,45,25,16,10,6,3,1,0
24,6,202220,2,951,864,0,89,61,36,20,11,8,4,2,1,1,0,77,74,49,34,16,7,5,3,1,1
24,6,202221,0,1059,1024,0,78,56,41,32,15,8,3,2,2,1,0,79,80,51,35,21,11,7,2,2,1
24,6,202221,1,1059,931,0,78,56,41,32,15,8,3,2,2,1,0,80,79,52,35,22,10,5,3,1,0
24,6,202221,2,1059,981,0,78,56,41,32,15,8,3,2,2,1,0,79,79,57,34,20,10,4,3,2,2
24,6,202222,0,976,860,0,76,60,41,22,16,7,5,2,1,0,0,75,80,50,27,16,10,6,3,1,0
24,6,202222,1,976,845,0,76,60,41,22,16,7,5,2,1,0,0,80,75,53,34,16,9,5,2,0,0
24,6,202222,2,976,957,0,76,60,41,22,16,7,5,2,1,0,0,75,75,51,33,21,12,4,3,2,1
24,6,210000,0,979,914,0,78,58,39,23,13,7,5,4,1,0,0,81,69,51,39,20,10,5,3,1,0
24,6,210000,1,979,908,0,78,58,39,23,13,7,5,4,1,0,0,69,78,52,28,19,9,6,4,2,0
24,6,210000,2,979,858,0,78,58,39,23,13,7,5,4,1,0,0,78,81,47,25,14,11,6,3,2,1
24,6,210001,0,1053,923,0,83,66,37,23,13,9,6,2,1,1,0,76,82,57,30,17,8,7,5,1,1
24,6,210001,1,1053,954,0,83,66,37,23,13,9,6,2,1,1,0,82,83,52,30,16,11,6,2,2,1
24,6,210001,2,1053,956,0,83,66,37,23,13,9,6,2,1,1,0,83,76,49,32,22,13,6,3,1,0
24,6,210002,0,988,964,0,84,58,40,26,15,8,4,2,1,0,0,80,75,52,36,24,12,4,2,1,1
24,6,210002,1,988,892,0,84,58,40,26,15,8,4,2,1,0,0,75,83,47,29,19,9,5,3,2,0
24,6,210002,2,988,847,0,84,58,40,26,15,8,4,2,1,0,0,83,80,55,31,13,9,6,2,0,0
24,6,210010,0,1084,968,0,79,62,42,28,15,9,5,2,1,1,0,84,80,56,34,20,11,6,3,1,0
24,6,210010,1,1084,980,0,79,62,42,28,15,9,5,2,1,1,0,80,80,53,32,21,11,7,4,1,1
24,6,210010,2,1084,1020,0,79,62,42,28,15,9,5,2,1,1,0,80,84,56,37,20,11,5,2,2,1
24,6,210011,0,1128,1110,0,79,61,42,24,18,11,5,2,1,1,0,86,83,60,36,19,13,8,3,1,1
24,6,210011,1,1128,1050,0,79,61,42,24,18,11,5,2,1,1,0,83,76,54,35,23,13,6,3,2,1
24,6,210011,2,1128,1044,0,79,61,42,24,18,11,5,2,1,1,0,76,86,52,34,21,13,7,4,2,1
24,6,210012,0,1044,991,0,90,60,36,24,16,9,6,3,1,0,0,79,81,53,33,21,13,7,3,1,0
24,6,210012,1,1044,919,0,90,60,36,24,16,9,6,3,1,0,0,81,85,53,30,18,9,6,4,1,0
24,6,210012,2,1044,992,0,90,60,36,24,16,9,6,3,1,0,0,85,79,49,32,20,13,6,3,2,1
24,6,210020,0,933,864,0,90,59,35,22,12,7,5,2,1,0,0,80,75,48,31,19,8,5,3,1,0
24,6,210020,1,933,837,0,90,59,35,22,12,7,5,2,1,0,0,75,78,47,24,15,9,5,3,1,1
24,6,210020,2,933,820,0,90,59,35,22,12,7,5,2,1,0,0,78,80,48,29,15,10,5,2,1,0
24,6,210021,0,1066,937,0,78,59,40,30,16,10,3,2,1,1,0,79,81,57,32,21,11,4,1,1,1
24,6,210021,1,1066,978,0,78,59,40,30,16,10,3,2,1,1,0,81,80,50,33,20,13,7,3,1,0
24,6,210021,2,1066,994,0,78,59,40,30,16,10,3,2,1,1,0,80,79,55,38,22,9,6,3,2,1
24,6,210022,0,1102,1035,0,80,64,42,20,16,10,6,4,2,0,0,83,79,53,32,18,12,8,5,3,0
24,6,210022,1,1102,993,0,80,64,42,20,16,10,6,4,2,0,0,79,82,52,35,18,14,9,3,1,0
24,6,210022,2,1102,1033,0,80,64,42,20,16,10,6,4,2,0,0,82,83,59,33,22,12,5,4,2,2
24,6,210100,0,1003,871,0,82,67,48,24,12,6,5,3,0,0,0,86,83,52,30,14,9,5,3,1,0
24,6,210100,1,1003,918,0,82,67,48,24,12,6,5,3,0,0,0,83,78,56,36,18,10,5,2,1,0
24,6,210100,2,1003,873,0,82,67,48,24,12,6,5,3,0,0,0,78,86,57,32,18,7,4,3,1,0
24,6,210101,0,1000,907,0,84,56,38,25,12,8,4,2,2,1,0,80,77,50,29,17,10,6,3,2,1
24,6,210101,1,1000,891,0,84,56,38,25,12,8,4,2,2,1,0,77,75,49,32,17,9,5,3,1,1
24,6,210101,2,1000,937,0,84,56,38,25,12,8,4,2,2,1,0,75,80,49,31,20,10,6,3,2,1
24,6,210102,0,1004,927,0,90,64,36,23,17,9,4,2,1,0,0,84,82,53,30,18,11,6,3,1,1
24,6,210102,1,1004,913,0,90,64,36,23,17,9,4,2,1,0,0,82,80,54,34,19,10,5,2,2,0
24,6,210102,2,1004,872,0,90,64,36,23,17,9,4,2,1,0,0,80,84,49,28,19,12,5,2,0,0
24,6,210110,0,997,874,0,93,56,39,24,15,9,4,3,0,0,0,80,80,49,31,18,10,5,2,1,0
24,6,210110,1,997,911,0,93,56,39,24,15,9,4,3,0,0,0,80,83,49,32,20,11,5,2,1,0
24,6,210110,2,997,903,0,93,56,39,24,15,9,4,3,0,0,0,83,80,52,31,17,10,6,3,1,0
24,6,210111,0,1041,933,0,79,61,38,26,17,9,5,2,1,0,0,81,81,51,34,19,9,6,3,1,0
24,6,210111,1,1041,952,0,79,61,38,26,17,9,5,2,1,0,0,81,76,55,34,19,11,5,3,1,1
24,6,210111,2,1041,949,0,79,61,38,26,17,9,5,2,1,0,0,76,81,53,30,22,14,6,2,1,0
24,6,210112,0,1014,858,0,83,73,44,25,12,7,4,1,1,0,0,84,83,57,31,16,8,4,1,1,1
24,6,210112,1,1014,842,0,83,73,44,25,12,7,4,1,1,0,0,83,83,56,32,17,9,3,2,1,0
24,6,210112,2,1014,870,0,83,73,44,25,12,7,4,1,1,0,0,83,84,54,31,17,8,6,3,0,0
24,6,210120,0,1113,1035,0,83,64,41,28,17,9,6,2,1,1,0,88,80,54,37,25,17,6,2,1,0
24,6,210120,1,1113,1041,0,83,64,41,28,17,9,6,2,1,1,0,80,84,55,34,24,10,7,5,1,1
24,6,210120,2,1113,1018,0,83,64,41,28,17,9,6,2,1,1,0,84,88,60,34,15,9,6,3,2,1
24,6,210121,0,1060,962,0,80,59,44,26,16,9,4,3,1,0,0,79,85,58,34,18,10,6,3,1,0
24,6,210121,1,1060,953,0,80,59,44,26,16,9,4,3,1,0,0,85,78,52,30,20,13,6,2,1,1
24,6,210121,2,1060,983,0,80,59,44,26,16,9,4,3,1,0,0,78,79,52,39,21,10,5,3,2,0
24,6,210122,0,1068,1066,0,88,63,36,24,16,11,6,3,2,0,0,82,90,56,37,19,12,7,4,2,1
24,6,210122,1,1068,1017,0,88,63,36,24,16,11,6,3,2,0,0,90,77,54,32,24,14,7,3,2,0
24,6,210122,2,1068,972,0,88,63,36,24,16,11,6,3,2,0,0,77,82,51,29,19,12,8,4,1,1
24,6,210200,0,1035,934,0,88,56,38,23,14,11,5,3,1,0,0,80,82,50,30,20,11,7,4,0,0
24,6,210200,1,1035,982,0,88,56,38,23,14,11,5,3,1,0,0,82,77,51,32,18,11,8,3,2,1
24,6,210200,2,1035,918,0,88,56,38,23,14,11,5,3,1,0,0,77,80,50,33,19,12,5,2,2,0
24,6,210201,0,1045,933,0,76,62,40,26,16,8,4,2,1,1,0,84,73,55,34,19,11,5,3,1,0
24,6,210201,1,1045,949,0,76,62,40,26,16,8,4,2,1,1,0,73,79,50,32,21,12,6,2,2,1
24,6,210201,2,1045,965,0,76,62,40,26,16,8,4,2,1,1,0,79,84,55,32,18,9,5,3,1,1
24,6,210202,0,1054,966,0,80,63,39,26,16,7,5,3,2,0,0,77,87,56,33,19,10,6,4,1,0
24,6,210202,1,1054,994,0,80,63,39,26,16,7,5,3,2,0,0,87,77,56,31,18,11,6,3,2,2
24,6,210202,2,1054,951,0,80,63,39,26,16,7,5,3,2,0,0,77,77,49,34,22,12,5,3,2,0
24,6,210210,0,1110,1078,0,79,61,40,22,11,9,6,3,2,2,0,80,77,52,33,17,10,7,5,3,2
24,6,210210,1,1110,1107,0,79,61,40,22,11,9,6,3,2,2,0,77,79,52,31,19,14,8,4,2,2
24,6,210210,2,1110,1050,0,79,61,40,22,11,9,6,3,2,2,0,79,80,53,32,20,10,8,5,3,1
24,6,210211,0,1066,1012,0,81,55,36,22,14,9,5,3,2,1,0,73,78,49,30,21,13,6,4,2,1
24,6,210211,1,1066,1004,0,81,55,36,22,14,9,5,3,2,1,0,78,78,48,28,18,11,8,6,3,1
24,6,210211,2,1066,1035,0,81,55,36,22,14,9,5,3,2,1,0,78,73,51,35,18,11,7,2,2,2
24,6,210212,0,1043,1011,0,80,58,35,24,15,7,5,4,2,1,0,76,78,52,28,18,13,8,5,2,1
24,6,210212,1,1043,1017,0,80,58,35,24,15,7,5,4,2,1,0,78,77,48,32,19,11,6,3,3,2
24,6,210212,2,1043,943,0,80,58,35,24,15,7,5,4,2,1,0,77,76,51,33,21,10,5,4,2,0
24,6,210220,0,1102,1059,0,88,55,40,22,15,8,3,2,2,2,0,78,86,52,29,17,10,5,4,3,3
24,6,210220,1,1102,1074,0,88,55,40,22,15,8,3,2,2,2,0,86,75,48,32,18,13,8,4,3,1
24,6,210220,2,1102,1104,0,88,55,40,22,15,8,3,2,2,2,0,75,78,51,35,21,11,6,3,2,2
24,6,210221,0,1101,1081,0,80,59,34,22,14,11,6,3,2,1,0,74,84,49,32,18,12,9,5,3,1
24,6,210221,1,1101,1035,0,80,59,34,22,14,11,6,3,2,1,0,84,75,56,34,20,12,7,4,2,1
24,6,210221,2,1101,1089,0,80,59,34,22,14,11,6,3,2,1,0,75,74,48,28,22,14,8,4,2,2
24,6,210222,0,1048,985,0,75,65,39,26,15,6,5,3,2,1,0,76,80,48,29,21,11,7,3,1,1
24,6,210222,1,1048,975,0,75,65,39,26,15,6,5,3,2,1,0,80,81,59,38,16,8,5,4,2,1
24,6,210222,2,1048,1017,0,75,65,39,26,15,6,5,3,2,1,0,81,76,55,30,21,13,5,4,3,1
24,6,211000,0,1222,1120,0,87,63,42,32,16,12,8,5,2,0,0,87,89,57,36,25,15,9,4,1,0
24,6,211000,1,1222,1208,0,87,63,42,32,16,12,8,5,2,0,0,89,91,59,41,22,13,9,7,2,1
24,6,211000,2,1222,1266,0,87,63,42,32,16,12,8,5,2,0,0,91,87,64,40,28,15,9,4,4,1
24,6,211001,0,1246,1123,0,85,65,48,28,19,10,7,4,2,0,0,94,86,61,37,22,16,9,5,1,0
24,6,211001,1,1246,1167,0,85,65,48,28,19,10,7,4,2,0,0,86,88,60,41,24,14,8,4,2,1
24,6,211001,2,1246,1153,0,85,65,48,28,19,10,7,4,2,0,0,88,94,62,40,24,12,6,4,3,1
24,6,211002,0,1190,1085,0,90,66,39,23,17,12,6,3,2,2,0,85,85,55,35,21,15,9,4,2,1
24,6,211002,1,1190,1170,0,90,66,39,23,17,12,6,3,2,2,0,85,90,58,34,24,14,8,4,2,2
24,6,211002,2,1190,1126,0,90,66,39,23,17,12,6,3,2,2,0,90,85,57,35,20,13,8,5,3,1
24,6,211010,0,1053,985,0,88,61,40,22,14,10,5,3,2,0,0,79,81,51,35,19,12,8,3,2,0
24,6,211010,1,1053,952,0,88,61,40,22,14,10,5,3,2,0,0,81,85,51,29,19,11,6,3,1,1
24,6,211010,2,1053,995,0,88,61,40,22,14,10,5,3,2,0,0,85,79,55,32,18,11,6,4,2,1
24,6,211011,0,1081,960,0,83,64,40,26,15,10,7,4,0,0,0,75,87,52,31,22,13,7,2,1,0
24,6,211011,1,1081,1010,0,83,64,40,26,15,10,7,4,0,0,0,87,87,55,33,19,12,8,4,0,0
24,6,211011,2,1081,1052,0,83,64,40,26,15,10,7,4,0,0,0,87,75,59,38,21,11,6,5,3,0
24,6,211012,0,1116,1018,0,88,65,42,26,15,7,5,3,2,1,0,86,88,52,31,19,12,6,5,3,0
24,6,211012,1,1116,1010,0,88,65,42,26,15,7,5,3,2,1,0,88,80,56,35,20,11,7,3,1,1
24,6,211012,2,1116,1057,0,88,65,42,26,15,7,5,3,2,1,0,80,86,58,35,20,10,5,3,2,2
24,6,211020,0,1188,1124,0,89,65,39,25,17,8,6,3,3,2,0,84,87,56,31,22,12,7,5,3,3
24,6,211020,1,1188,1163,0,89,65,39,25,17,8,6,3,3,2,0,87,86,55,36,21,12,7,4,3,2
24,6,211020,2,1188,1101,0,89,65,39,25,17,8,6,3,3,2,0,86,84,57,36,21,15,8,5,2,0
24,6,211021,0,1146,1118,0,89,64,42,26,14,9,5,3,2,1,0,85,84,52,36,23,12,5,4,3,2
24,6,211021,1,1146,1105,0,89,64,42,26,14,9,5,3,2,1,0,84,87,56,34,21,12,8,5,3,1
24,6,211021,2,1146,1067,0,89,64,42,26,14,9,5,3,2,1,0,87,85,59,33,17,11,8,3,1,1
24,6,211022,0,1164,1046,0,79,63,42,28,19,12,6,4,1,0,0,85,88,61,35,22,12,6,3,2,0
24,6,211022,1,1164,1119,0,79,63,42,28,19,12,6,4,1,0,0,88,81,57,37,22,16,9,4,1,1
24,6,211022,2,1164,1135,0,79,63,42,28,19,12,6,4,1,0,0,81,85,57,40,26,14,8,4,2,0
24,6,211100,0,1216,1121,0,86,66,43,30,18,10,5,3,1,1,0,93,84,58,40,22,14,6,3,3,1
24,6,211100,1,1216,1163,0,86,66,43,30,18,10,5,3,1,1,0,84,87,60,37,27,13,6,3,1,1
24,6,211100,2,1216,1164,0,86,66,43,30,18,10,5,3,1,1,0,87,93,60,35,20,12,9,5,2,1
24,6,211101,0,1216,1120,0,88,68,46,27,18,9,6,4,2,1,0,90,97,65,39,20,11,7,4,2,1
24,6,211101,1,1216,1182,0,88,68,46,27,18,9,6,4,2,1,0,97,82,63,38,23,13,7,6,3,1
24,6,211101,2,1216,1136,0,88,68,46,27,18,9,6,4,2,1,0,82,90,53,36,24,16,8,3,2,1
24,6,211102,0,1213,1216,0,89,63,41,27,17,11,5,2,2,1,0,87,84,58,42,24,12,8,3,2,1
24,6,211102,1,1213,1120,0,89,63,41,27,17,11,5,2,2,1,0,84,89,61,35,23,13,5,4,2,2
24,6,211102,2,1213,1193,0,89,63,41,27,17,11,5,2,2,1,0,89,87,52,31,20,15,10,5,3,2
24,6,211110,0,1052,919,0,87,67,38,22,16,10,5,2,1,0,0,86,84,54,28,18,11,6,2,1,1
24,6,211110,1,1052,965,0,87,67,38,22,16,10,5,2,1,0,0,84,78,51,32,20,13,6,3,1,0
24,6,211110,2,1052,941,0,87,67,38,22,16,10,5,2,1,0,0,78,86,56,34,18,10,6,3,1,0
24,6,211111,0,1084,969,0,90,63,44,28,13,8,5,3,1,0,0,89,84,56,37,16,10,4,3,3,0
24,6,211111,1,1084,971,0,90,63,44,28,13,8,5,3,1,0,0,84,82,56,33,22,12,7,2,0,0
24,6,211111,2,1084,951,0,90,63,44,28,13,8,5,3,1,0,0,82,89,53,32,20,8,6,4,1,1
24,6,211112,0,1064,960,0,79,59,41,29,19,9,3,1,1,1,0,79,83,56,33,19,9,5,2,1,1
24,6,211112,1,1064,976,0,79,59,41,29,19,9,3,1,1,1,0,83,80,57,37,20,11,5,3,1,0
24,6,211112,2,1064,952,0,79,59,41,29,19,9,3,1,1,1,0,80,79,50,34,24,14,5,1,1,1
24,6,211120,0,1149,1128,0,85,70,42,22,15,9,6,6,2,0,0,87,85,57,36,21,13,7,5,4,1
24,6,211120,1,1149,1043,0,85,70,42,22,15,9,6,6,2,0,0,85,85,58,34,21,12,7,4,2,0
24,6,211120,2,1149,1066,0,85,70,42,22,15,9,6,6,2,0,0,85,87,57,32,18,13,9,5,2,1
24,6,211121,0,1218,1130,0,90,65,42,26,14,12,9,3,2,1,0,83,92,57,36,24,12,8,5,2,1
24,6,211121,1,1218,1179,0,90,65,42,26,14,12,9,3,2,1,0,92,89,59,36,20,14,9,6,3,1
24,6,211121,2,1218,1144,0,90,65,42,26,14,12,9,3,2,1,0,89,83,58,37,23,15,10,4,1,1
24,6,211122,0,1190,1170,0,85,58,42,31,21,11,5,2,1,1,0,89,87,59,42,25,14,7,2,1,1
24,6,211122,1,1190,1136,0,85,58,42,31,21,11,5,2,1,1,0,87,82,59,36,26,15,6,4,2,1
24,6,211122,2,1190,1111,0,85,58,42,31,21,11,5,2,1,1,0,82,89,55,37,22,13,8,4,2,1
24,6,211200,0,1170,1111,0,84,63,40,25,13,10,7,2,2,1,0,82,84,56,36,20,12,7,4,2,2
24,6,211200,1,1170,1179,0,84,63,40,25,13,10,7,2,2,1,0,84,83,54,34,22,12,8,5,3,2
24,6,211200,2,1170,1147,0,84,63,40,25,13,10,7,2,2,1,0,83,82,55,32,20,13,9,5,2,1
24,6,211201,0,1220,1187,0,82,60,41,29,17,9,4,3,1,1,0,83,84,58,37,22,10,6,4,4,2
24,6,211201,2,1220,1247,0,82,60,41,29,17,9,4,3,1,1,0,83,83,56,35,23,14,10,5,2,2
24,6,211202,0,1236,1199,0,85,63,41,23,16,9,6,5,3,2,0,83,85,56,37,24,12,6,5,4,3
24,6,211202,1,1236,1234,0,85,63,41,23,16,9,6,5,3,2,0,85,86,57,33,19,15,9,7,4,1
24,6,211202,2,1236,1227,0,85,63,41,23,16,9,6,5,3,2,0,86,83,56,36,22,15,11,5,3,2
24,6,211210,0,1213,1151,0,88,62,40,25,16,11,6,4,2,1,0,85,84,61,36,20,13,7,4,3,2
24,6,211210,1,1213,1155,0,88,62,40,25,16,11,6,4,2,1,0,84,87,54,34,23,16,8,5,3,1
24,6,211210,2,1213,1188,0,88,62,40,25,16,11,6,4,2,1,0,87,85,53,36,23,12,10,5,2,1
24,6,211211,0,1205,1165,0,85,61,41,27,18,11,7,3,2,1,0,84,82,54,38,22,15,10,5,1,1
24,6,211211,1,1205,1150,0,85,61,41,27,18,11,7,3,2,1,0,82,90,58,37,23,11,8,5,3,1
24,6,211211,2,1205,1087,0,85,61,41,27,18,11,7,3,2,1,0,90,84,59,35,24,16,6,3,2,1
24,6,211212,0,1177,1125,0,82,65,42,26,17,9,6,3,1,1,0,81,84,55,33,21,15,8,3,2,1
24,6,211212,1,1177,1154,0,82,65,42,26,17,9,6,3,1,1,0,84,89,56,38,23,12,6,4,1,1
24,6,211212,2,1177,1216,0,82,65,42,26,17,9,6,3,1,1,0,89,81,61,36,21,12,8,6,4,2
24,6,211220,0,1165,1119,0,84,65,44,28,18,10,4,3,2,1,0,85,87,55,35,24,15,7,3,2,1
24,6,211220,1,1165,1037,0,84,65,44,28,18,10,4,3,2,1,0,87,87,59,37,21,11,6,3,2,1
24,6,211220,2,1165,1097,0,84,65,44,28,18,10,4,3,2,1,0,87,85,61,38,21,12,7,4,2,1
24,6,211221,0,1128,1032,0,88,65,42,25,15,10,6,2,1,1,0,86,85,53,29,19,13,9,4,2,1
24,6,211221,1,1128,1062,0,88,65,42,25,15,10,6,2,1,1,0,85,85,55,36,19,10,6,3,2,1
24,6,211221,2,1128,1114,0,88,65,42,25,15,10,6,2,1,1,0,85,86,60,38,23,13,6,4,1,1
24,6,211222,0,1162,1062,0,87,65,42,28,16,9,5,3,2,1,0,90,86,55,34,21,12,8,2,2,2
24,6,211222,1,1162,1050,0,87,65,42,28,16,9,5,3,2,1,0,86,82,57,39,24,11,4,3,2,1
24,6,211222,2,1162,1094,0,87,65,42,28,16,9,5,3,2,1,0,82,90,59,33,19,13,8,6,2,0
24,6,212000,0,978,970,0,83,61,38,20,13,10,5,2,1,1,0,76,81,52,29,20,9,7,4,2,1
24,6,212000,1,978,834,0,83,61,38,20,13,10,5,2,1,1,0,81,77,49,28,15,11,5,1,1,1
24,6,212000,2,978,937,0,83,61,38,20,13,10,5,2,1,1,0,77,76,50,33,17,12,7,4,1,0
24,6,212001,0,1000,944,0,84,57,36,23,15,9,5,3,1,0,0,75,81,49,30,19,11,5,3,2,1
24,6,212001,1,1000,938,0,84,57,36,23,15,9,5,3,1,0,0,81,77,50,31,18,11,7,3,2,0
24,6,212001,2,1000,883,0,84,57,36,23,15,9,5,3,1,0,0,77,75,50,31,19,11,6,3,0,0
24,6,212002,0,993,902,0,75,60,39,25,15,6,4,3,2,0,0,79,74,48,29,19,8,6,3,2,1
24,6,212002,1,993,926,0,75,60,39,25,15,6,4,3,2,0,0,74,76,52,34,17,10,4,3,2,1
24,6,212002,2,993,911,0,75,60,39,25,15,6,4,3,2,0,0,76,79,54,31,19,12,5,3,1,0
24,6,212010,0,998,907,0,81,61,38,23,13,7,4,2,2,1,0,80,71,54,30,16,8,5,4,1,1
24,6,212010,1,998,903,0,81,61,38,23,13,7,4,2,2,1,0,71,81,47,31,17,10,5,3,2,1
24,6,212010,2,998,931,0,81,61,38,23,13,7,4,2,2,1,0,81,80,50,29,19,11,6,2,2,1
24,6,212011,0,1015,927,0,77,60,38,26,14,10,5,2,1,0,0,75,78,53,33,22,12,5,2,1,0
24,6,212011,1,1015,906,0,77,60,38,26,14,10,5,2,1,0,0,78,80,52,29,17,10,6,4,1,0
24,6,212011,2,1015,944,0,77,60,38,26,14,10,5,2,1,0,0,80,75,51,34,19,10,7,2,1,1
24,6,212012,0,980,915,0,81,56,37,22,16,9,5,3,0,0,0,74,76,50,29,19,12,7,3,1,0
24,6,212012,1,980,853,0,81,56,37,22,16,9,5,3,0,0,0,76,79,46,28,19,11,6,2,1,0
24,6,212012,2,980,879,0,81,56,37,22,16,9,5,3,0,0,0,79,74,52,35,17,10,4,3,1,0
24,6,212020,0,848,734,0,74,59,35,22,13,7,3,1,0,0,0,74,72,49,27,14,9,5,1,0,0
24,6,212020,1,848,730,0,74,59,35,22,13,7,3,1,0,0,0,72,68,42,24,18,9,4,1,0,0
24,6,212020,2,848,730,0,74,59,35,22,13,7,3,1,0,0,0,68,74,49,30,14,6,2,2,1,0
24,6,212021,0,923,791,0,81,53,34,23,14,8,4,2,1,0,0,71,76,50,29,16,9,4,2,1,0
24,6,212021,1,923,775,0,81,53,34,23,14,8,4,2,1,0,0,76,73,45,27,17,11,5,2,0,0
24,6,212021,2,923,897,0,81,53,34,23,14,8,4,2,1,0,0,73,71,44,30,19,9,6,3,2,1
24,6,212022,0,882,791,0,78,56,37,21,11,7,5,2,0,0,0,68,75,45,26,15,8,5,4,1,0
24,6,212022,1,882,792,0,78,56,37,21,11,7,5,2,0,0,0,75,74,50,30,13,7,5,2,1,0
24,6,212022,2,882,748,0,78,56,37,21,11,7,5,2,0,0,0,74,68,44,27,18,10,4,1,0,0
24,6,212100,0,1119,1073,0,83,63,35,25,18,9,4,2,2,2,0,78,87,55,34,22,13,7,4,3,1
24,6,212100,1,1119,1079,0,83,63,35,25,18,9,4,2,2,2,0,87,79,57,33,20,12,7,2,2,2
24,6,212100,2,1119,1075,0,83,63,35,25,18,9,4,2,2,2,0,79,78,49,31,21,13,6,5,2,2
24,6,212101,0,1118,1040,0,86,64,43,24,13,9,6,5,2,0,0,85,81,52,38,19,10,7,4,3,1
24,6,212101,1,1118,1084,0,86,64,43,24,13,9,6,5,2,0,0,81,86,59,34,22,13,7,4,2,1
24,6,212101,2,1118,1009,0,86,64,43,24,13,9,6,5,2,0,0,86,85,55,30,18,12,8,5,2,0
24,6,212102,0,1101,1000,0,78,59,42,25,14,9,6,3,2,1,0,81,80,54,36,21,10,5,4,2,1
24,6,212102,1,1101,1036,0,78,59,42,25,14,9,6,3,2,1,0,80,78,55,31,19,13,7,5,3,1
24,6,212102,2,1101,1050,0,78,59,42,25,14,9,6,3,2,1,0,78,81,52,35,20,12,9,3,1,1
24,6,212110,0,1185,1154,0,76,64,46,30,17,7,4,3,2,2,0,86,82,59,38,24,12,6,4,3,2
24,6,212110,1,1185,1126,0,76,64,46,30,17,7,4,3,2,2,0,82,84,60,37,21,10,6,4,3,2
24,6,212110,2,1185,1153,0,76,64,46,30,17,7,4,3,2,2,0,84,86,57,37,21,14,7,4,2,1
24,6,212111,0,1076,981,0,87,60,40,22,15,10,5,3,2,0,0,83,79,55,31,18,12,6,3,2,1
24,6,212111,1,1076,992,0,87,60,40,22,15,10,5,3,2,0,0,79,82,50,32,20,12,6,4,2,1
24,6,212111,2,1076,962,0,87,60,40,22,15,10,5,3,2,0,0,82,83,52,34,19,11,8,3,1,0
24,6,212112,0,1080,1071,0,87,60,37,25,15,10,7,3,1,1,0,82,82,54,36,24,12,7,2,2,1
24,6,212112,1,1080,985,0,87,60,37,25,15,10,7,3,1,1,0,82,82,53,29,21,12,6,5,1,0
24,6,212112,2,1080,1052,0,87,60,37,25,15,10,7,3,1,1,0,82,82,52,34,17,13,9,5,2,1
24,6,212120,0,1140,1086,0,85,59,36,26,16,11,6,3,1,1,0,81,82,53,34,19,12,8,5,2,1
24,6,212120,1,1140,1066,0,85,59,36,26,16,11,6,3,1,1,0,82,82,54,34,24,14,7,3,2,1
24,6,212120,2,1140,1114,0,85,59,36,26,16,11,6,3,1,1,0,82,81,53,33,22,13,8,4,2,1
24,6,212121,0,1102,1003,0,83,62,43,25,16,7,4,3,3,1,0,82,83,55,35,19,10,5,3,2,1
24,6,212121,1,1102,1039,0,83,62,43,25,16,7,4,3,3,1,0,83,82,57,36,20,11,6,4,2,1
24,6,212121,2,1102,1069,0,83,62,43,25,16,7,4,3,3,1,0,82,82,52,31,20,13,7,4,3,2
24,6,212122,0,1094,1070,0,82,63,39,23,13,9,5,2,1,1,0,81,78,51,32,20,10,8,5,2,1
24,6,212122,1,1094,1035,0,82,63,39,23,13,9,5,2,1,1,0,78,81,55,33,17,9,6,3,2,1
24,6,212122,2,1094,1044,0,82,63,39,23,13,9,5,2,1,1,0,81,81,52,30,19,14,6,3,2,2
24,6,212200,0,997,963,0,78,54,32,22,14,9,4,2,2,1,0,74,75,47,28,16,11,7,4,2,1
24,6,212200,1,997,944,0,78,54,32,22,14,9,4,2,2,1,0,75,70,47,31,18,12,8,3,1,1
24,6,212200,2,997,928,0,78,54,32,22,14,9,4,2,2,1,0,70,74,47,28,21,10,4,3,3,2
24,6,212201,0,996,924,0,82,60,37,23,13,8,5,3,1,0,0,76,77,47,27,18,11,6,5,2,0
24,6,212201,1,996,883,0,82,60,37,23,13,8,5,3,1,0,0,77,79,54,32,15,9,6,2,1,0
24,6,212201,2,996,906,0,82,60,37,23,13,8,5,3,1,0,0,79,76,49,31,20,10,5,2,1,1
24,6,212202,0,989,934,0,75,55,41,24,14,8,5,2,1,1,0,78,74,48,29,18,13,7,3,1,1
24,6,212202,1,989,980,0,75,55,41,24,14,8,5,2,1,1,0,74,74,50,36,20,8,5,4,2,1
24,6,212202,2,989,879,0,75,55,41,24,14,8,5,2,1,1,0,74,78,53,31,17,10,5,2,1,0
24,6,212210,0,999,924,0,74,58,39,24,14,9,4,2,2,1,0,73,75,47,29,20,12,5,2,1,1
24,6,212210,1,999,957,0,74,58,39,24,14,9,4,2,2,1,0,75,79,50,31,16,9,7,5,2,1
24,6,212210,2,999,970,0,74,58,39,24,14,9,4,2,2,1,0,79,73,56,35,20,11,6,2,2,1
24,6,212211,0,992,868,0,82,65,35,17,13,10,6,3,1,0,0,82,81,54,24,14,11,8,3,1,0
24,6,212211,1,992,892,0,82,65,35,17,13,10,6,3,1,0,0,81,69,45,32,19,12,6,3,1,0
24,6,212211,2,992,933,0,82,65,35,17,13,10,6,3,1,0,0,69,82,51,29,17,10,6,4,2,1
24,6,212212,0,1001,946,0,85,54,37,25,13,7,6,4,1,0,0,74,80,48,35,21,10,6,3,2,0
24,6,212212,1,1001,872,0,85,54,37,25,13,7,6,4,1,0,0,80,78,55,28,17,10,6,3,0,0
24,6,212212,2,1001,959,0,85,54,37,25,13,7,6,4,1,0,0,78,74,44,30,18,11,6,5,3,1
24,6,212220,0,921,798,0,76,55,37,23,15,7,4,2,0,0,0,70,75,48,29,18,9,4,2,0,0
24,6,212220,1,921,841,0,76,55,37,23,15,7,4,2,0,0,0,75,74,46,28,17,11,5,2,1,0
24,6,212220,2,921,801,0,76,55,37,23,15,7,4,2,0,0,0,74,70,49,31,16,8,4,2,1,0
24,6,212221,0,983,964,0,78,59,35,22,13,7,4,4,2,1,0,76,76,52,32,16,11,6,5,3,0
24,6,212221,1,983,953,0,78,59,35,22,13,7,4,4,2,1,0,76,73,48,27,20,11,8,2,2,2
24,6,212221,2,983,916,0,78,59,35,22,13,7,4,4,2,1,0,73,76,47,29,17,9,4,4,2,1
24,6,212222,0,955,838,0,76,57,35,23,14,9,6,2,1,0,0,71,77,48,28,17,9,6,3,1,0
24,6,212222,1,955,917,0,76,57,35,23,14,9,6,2,1,0,0,77,75,50,32,16,11,6,3,1,1
24,6,212222,2,955,912,0,76,57,35,23,14,9,6,2,1,0,0,75,71,49,30,22,12,6,3,1,0
24,6,220000,0,880,825,0,73,53,33,23,13,7,3,2,2,0,0,75,66,49,33,16,7,3,2,2,1
24,6,220000,1,880,838,0,73,53,33,23,13,7,3,2,2,0,0,66,68,45,27,20,12,5,2,1,0
24,6,220000,2,880,785,0,73,53,33,23,13,7,3,2,2,0,0,68,75,42,23,14,8,6,3,1,1
24,6,220001,0,877,755,0,73,55,34,22,14,8,4,1,0,0,0,70,69,50,32,16,5,2,2,1,0
24,6,220001,1,877,766,0,73,55,34,22,14,8,4,1,0,0,0,69,72,46,24,14,11,5,2,0,0
24,6,220001,2,877,794,0,73,55,34,22,14,8,4,1,0,0,0,72,70,42,27,19,11,6,1,0,0
24,6,220002,0,901,887,0,77,53,37,21,11,6,4,3,1,1,0,71,72,47,30,17,9,4,3,2,1
24,6,220002,1,901,830,0,77,53,37,21,11,6,4,3,1,1,0,72,71,45,27,14,9,6,4,2,0
24,6,220002,2,901,792,0,77,53,37,21,11,6,4,3,1,1,0,71,71,45,27,16,8,5,2,1,1
24,6,220010,0,822,716,0,71,51,33,21,13,6,4,1,0,0,0,67,65,45,27,17,7,2,1,1,0
24,6,220010,1,822,720,0,71,51,33,21,13,6,4,1,0,0,0,65,68,43,22,14,9,4,3,0,0
24,6,220010,2,822,716,0,71,51,33,21,13,6,4,1,0,0,0,68,67,41,29,14,8,5,1,0,0
24,6,220011,0,790,740,0,78,55,31,17,11,5,2,2,1,1,0,76,63,46,24,11,6,4,2,1,1
24,6,220011,1,790,716,0,78,55,31,17,11,5,2,2,1,1,0,63,64,36,22,14,9,3,3,2,0
24,6,220011,2,790,734,0,78,55,31,17,11,5,2,2,1,1,0,64,76,43,24,14,7,4,1,1,1
24,6,220012,0,829,798,0,75,55,35,18,8,8,5,2,1,0,0,63,70,46,27,16,10,6,1,1,0
24,6,220012,1,829,718,0,75,55,35,18,8,8,5,2,1,0,0,70,74,42,21,13,7,5,3,0,0
24,6,220012,2,829,818,0,75,55,35,18,8,8,5,2,1,0,0,74,63,44,29,13,7,5,4,2,1
24,6,220020,0,837,764,0,70,51,32,22,13,7,3,2,1,0,0,71,69,48,28,16,8,4,2,1,0
24,6,220020,1,837,753,0,70,51,32,22,13,7,3,2,1,0,0,69,61,42,24,16,9,4,3,1,0
24,6,220020,2,837,778,0,70,51,32,22,13,7,3,2,1,0,0,61,71,41,28,16,9,5,1,1,1
24,6,220021,0,810,702,0,71,60,35,20,12,6,3,1,0,0,0,65,68,46,26,15,7,4,1,0,0
24,6,220021,1,810,675,0,71,60,35,20,12,6,3,1,0,0,0,68,75,44,24,13,6,3,1,0,0
24,6,220021,2,810,742,0,71,60,35,20,12,6,3,1,0,0,0,75,65,47,27,14,9,3,2,1,0
24,6,220022,0,847,738,0,79,52,33,19,11,6,4,2,1,0,0,65,74,39,24,15,8,5,3,1,0
24,6,220022,1,847,723,0,79,52,33,19,11,6,4,2,1,0,0,74,68,44,28,13,7,5,2,1,0
24,6,220022,2,847,744,0,79,52,33,19,11,6,4,2,1,0,0,68,65,45,24,15,9,3,2,1,1
24,6,220100,0,880,778,0,74,57,34,16,13,9,4,2,1,0,0,70,72,45,26,13,9,6,3,1,0
24,6,220100,1,880,833,0,74,57,34,16,13,9,4,2,1,0,0,72,68,46,29,15,11,6,1,1,1
24,6,220100,2,880,771,0,74,57,34,16,13,9,4,2,1,0,0,68,70,45,24,17,9,4,3,1,0
24,6,220101,0,842,759,0,77,51,31,19,11,7,6,3,0,0,0,68,66,39,24,14,9,6,3,1,0
24,6,220101,1,842,777,0,77,51,31,19,11,7,6,3,0,0,0,66,71,47,27,14,9,5,3,1,0
24,6,220101,2,842,791,0,77,51,31,19,11,7,6,3,0,0,0,71,68,42,26,18,9,5,3,1,0
24,6,220102,0,891,795,0,71,55,35,23,12,7,3,1,1,1,0,78,67,45,24,15,10,5,2,1,1
24,6,220102,1,891,816,0,71,55,35,23,12,7,3,1,1,1,0,67,64,44,31,17,7,4,2,1,1
24,6,220102,2,891,789,0,71,55,35,23,12,7,3,1,1,1,0,64,78,49,28,16,8,4,2,1,0
24,6,220110,0,810,735,0,78,52,35,19,11,4,3,2,1,0,0,65,64,38,25,14,8,4,3,1,1
24,6,220110,1,810,720,0,78,52,35,19,11,4,3,2,1,0,0,64,76,45,26,13,5,3,2,2,0
24,6,220110,2,810,663,0,78,52,35,19,11,4,3,2,1,0,0,76,65,44,24,13,8,3,1,0,0
24,6,220111,0,810,681,0,72,56,33,21,9,6,3,2,1,0,0,69,67,41,24,15,8,4,1,0,0
24,6,220111,1,810,704,0,72,56,33,21,9,6,3,2,1,0,0,67,67,41,26,16,5,3,3,1,1
24,6,220111,2,810,766,0,72,56,33,21,9,6,3,2,1,0,0,67,69,49,25,11,8,5,2,2,0
24,6,220112,0,828,770,0,76,55,36,21,14,8,3,1,0,0,0,76,70,51,29,16,8,4,1,0,0
24,6,220112,1,828,701,0,76,55,36,21,14,8,3,1,0,0,0,70,68,41,24,16,9,4,1,0,0
24,6,220112,2,828,803,0,76,55,36,21,14,8,3,1,0,0,0,68,76,46,30,15,9,4,2,1,0
24,6,220120,0,919,868,0,74,55,38,23,12,6,5,2,1,1,0,69,71,44,35,19,10,4,1,1,1
24,6,220120,1,919,853,0,74,55,38,23,12,6,5,2,1,1,0,71,77,54,29,19,8,4,4,1,0
24,6,220120,2,919,838,0,74,55,38,23,12,6,5,2,1,1,0,77,69,45,24,12,9,7,4,2,1
24,6,220121,0,893,804,0,76,53,32,19,13,7,3,1,1,1,0,74,65,48,30,14,6,4,3,2,1
24,6,220121,1,893,851,0,76,53,32,19,13,7,3,1,1,1,0,65,68,44,24,17,11,4,2,1,1
24,6,220121,2,893,825,0,76,53,32,19,13,7,3,1,1,1,0,68,74,39,24,15,10,6,2,1,1
24,6,220122,0,864,771,0,79,58,33,21,11,7,3,2,1,0,0,71,70,46,33,16,7,2,1,1,1
24,6,220122,1,864,794,0,79,58,33,21,11,7,3,2,1,0,0,70,74,44,22,17,9,5,3,1,0
24,6,220122,2,864,735,0,79,58,33,21,11,7,3,2,1,0,0,74,71,46,23,12,8,6,2,1,0
24,6,220200,0,866,721,0,77,55,36,24,14,7,2,1,0,0,0,72,76,47,27,13,6,3,2,1,0
24,6,220200,1,866,766,0,77,55,36,24,14,7,2,1,0,0,0,76,68,48,30,16,10,4,0,0,0
24,6,220200,2,866,742,0,77,55,36,24,14,7,2,1,0,0,0,68,72,44,27,19,8,3,1,0,0
24,6,220201,0,903,800,0,74,56,38,22,12,7,3,2,1,0,0,76,66,47,30,14,8,4,2,2,1
24,6,220201,1,903,797,0,74,56,38,22,12,7,3,2,1,0,0,66,73,46,31,17,8,4,2,1,0
24,6,220201,2,903,768,0,74,56,38,22,12,7,3,2,1,0,0,73,76,48,24,16,9,5,2,0,0
24,6,220202,0,811,667,0,74,56,35,23,13,6,3,0,0,0,0,64,74,44,26,15,7,2,0,0,0
24,6,220202,1,811,720,0,74,56,35,23,13,6,3,0,0,0,0,74,72,49,27,13,7,3,3,0,0
24,6,220202,2,811,711,0,74,56,35,23,13,6,3,0,0,0,0,72,64,43,27,17,8,4,0,0,0
24,6,220210,0,859,734,0,72,55,33,20,12,6,3,3,1,0,0,70,68,44,26,16,9,4,2,0,0
24,6,220210,1,859,809,0,72,55,33,20,12,6,3,3,1,0,0,68,67,43,25,15,9,4,3,2,1
24,6,220210,2,859,773,0,72,55,33,20,12,6,3,3,1,0,0,67,70,46,27,14,7,5,2,2,0
24,6,220211,0,863,787,0,75,52,34,21,10,7,5,2,1,0,0,68,74,48,29,15,9,5,2,1,0
24,6,220211,1,863,767,0,75,52,34,21,10,7,5,2,1,0,0,74,65,42,23,17,9,5,3,1,0
24,6,220211,2,863,761,0,75,52,34,21,10,7,5,2,1,0,0,65,68,42,28,14,7,5,3,1,1
24,6,220212,0,855,723,0,75,51,33,20,13,7,3,1,1,1,0,65,69,44,29,14,6,4,2,1,1
24,6,220212,1,855,801,0,75,51,33,20,13,7,3,1,1,1,0,69,71,46,25,15,11,3,1,1,1
24,6,220212,2,855,795,0,75,51,33,20,13,7,3,1,1,1,0,71,65,40,25,17,9,6,3,1,0
24,6,220220,0,827,780,0,76,55,32,19,12,7,4,2,0,0,0,70,72,48,25,14,9,6,1,1,0
24,6,220220,1,827,697,0,76,55,32,19,12,7,4,2,0,0,0,72,65,40,26,17,9,3,1,0,0
24,6,220220,2,827,745,0,76,55,32,19,12,7,4,2,0,0,0,65,70,43,25,13,7,4,4,1,0
24,6,220221,0,849,797,0,75,57,34,20,12,6,4,2,1,0,0,65,75,45,29,16,9,4,2,1,0
24,6,220221,1,849,785,0,75,57,34,20,12,6,4,2,1,0,0,75,71,52,24,14,7,6,3,0,0
24,6,220221,2,849,762,0,75,57,34,20,12,6,4,2,1,0,0,71,65,39,26,15,9,3,2,2,1
24,6,220222,0,817,710,0,74,55,37,20,12,7,3,1,0,0,0,71,67,41,24,12,7,4,3,1,0
24,6,220222,1,817,739,0,74,55,37,20,12,7,3,1,0,0,0,67,71,46,32,16,8,3,0,0,0
24,6,220222,2,817,712,0,74,55,37,20,12,7,3,1,0,0,0,71,71,48,24,15,8,4,1,0,0
24,6,221000,0,685,573,0,72,52,31,17,7,4,3,1,1,0,0,59,67,33,17,12,6,2,1,1,0
24,6,221000,1,685,638,0,72,52,31,17,7,4,3,1,1,0,0,67,62,41,24,9,5,4,3,0,0
24,6,221000,2,685,656,0,72,52,31,17,7,4,3,1,1,0,0,62,59,42,23,12,5,3,1,1,1
24,6,221001,0,757,660,0,67,46,30,22,12,8,2,0,0,0,0,71,60,41,24,13,7,5,1,0,0
24,6,221001,1,757,649,0,67,46,30,22,12,8,2,0,0,0,0,60,56,38,27,17,8,3,0,0,0
24,6,221001,2,757,648,0,67,46,30,22,12,8,2,0,0,0,0,56,71,41,23,14,7,2,1,0,0
24,6,221002,0,795,713,0,67,52,32,17,12,5,5,3,0,0,0,63,66,44,28,13,8,5,2,0,0
24,6,221002,1,795,751,0,67,52,32,17,12,5,5,3,0,0,0,66,64,46,23,15,9,4,3,1,0
24,6,221002,2,795,716,0,67,52,32,17,12,5,5,3,0,0,0,64,63,36,23,14,8,4,3,2,0
24,6,221010,0,795,755,0,71,48,29,19,12,10,4,1,0,0,0,61,68,42,30,18,7,3,2,1,0
24,6,221010,1,795,712,0,71,48,29,19,12,10,4,1,0,0,0,68,65,46,20,13,10,6,2,0,0
24,6,221010,2,795,689,0,71,48,29,19,12,10,4,1,0,0,0,65,61,35,25,15,10,6,1,0,0
24,6,221011,0,797,736,0,69,52,28,20,14,6,3,1,1,0,0,65,64,44,24,14,7,4,3,1,1
24,6,221011,1,797,712,0,69,52,28,20,14,6,3,1,1,0,0,64,65,41,25,15,9,4,1,1,0
24,6,221011,2,797,673,0,69,52,28,20,14,6,3,1,1,0,0,65,65,40,24,16,9,3,1,0,0
24,6,221012,0,767,661,0,70,50,37,18,9,5,3,2,0,0,0,61,64,36,27,16,8,3,1,0,0
24,6,221012,1,767,672,0,70,50,37,18,9,5,3,2,0,0,0,64,69,44,22,11,5,4,3,1,0
24,6,221012,2,767,646,0,70,50,37,18,9,5,3,2,0,0,0,69,61,44,25,10,6,3,1,1,0
24,6,221020,0,735,605,0,67,50,35,20,10,5,1,1,1,0,0,64,63,41,23,12,6,2,1,0,0
24,6,221020,1,735,674,0,67,50,35,20,10,5,1,1,1,0,0,63,63,41,26,14,6,2,1,1,1
24,6,221020,2,735,648,0,67,50,35,20,10,5,1,1,1,0,0,63,64,41,24,12,6,4,1,1,0
24,6,221021,0,688,629,0,71,50,29,16,9,5,3,1,0,0,0,63,63,40,22,14,6,3,1,0,0
24,6,221021,1,688,595,0,71,50,29,16,9,5,3,1,0,0,0,63,58,39,20,10,5,3,2,1,0
24,6,221021,2,688,565,0,71,50,29,16,9,5,3,1,0,0,0,58,63,34,21,10,7,3,1,0,0
24,6,221022,0,729,661,0,72,53,29,16,9,4,2,1,1,1,0,60,64,40,22,12,5,3,2,1,1
24,6,221022,1,729,655,0,72,53,29,16,9,4,2,1,1,1,0,64,64,39,20,11,7,2,1,1,1
24,6,221022,2,729,632,0,72,53,29,16,9,4,2,1,1,1,0,64,60,37,21,11,6,4,2,1,0
24,6,221100,0,797,747,0,75,53,31,18,13,7,4,1,0,0,0,70,66,45,27,16,11,3,1,0,0
24,6,221100,1,797,725,0,75,53,31,18,13,7,4,1,0,0,0,66,66,39,22,16,8,5,2,1,0
24,6,221100,2,797,671,0,75,53,31,18,13,7,4,1,0,0,0,66,70,43,25,11,6,4,2,0,0
24,6,221101,0,765,678,0,68,49,34,21,10,5,2,1,1,0,0,60,67,43,26,14,5,4,2,0,0
24,6,221101,1,765,658,0,68,49,34,21,10,5,2,1,1,0,0,67,64,40,21,13,7,3,1,1,1
24,6,221101,2,765,639,0,68,49,34,21,10,5,2,1,1,0,0,64,60,40,27,13,7,2,1,1,0
24,6,221102,0,776,669,0,75,53,29,17,10,8,3,1,0,0,0,64,66,43,24,11,7,3,1,1,0
24,6,221102,1,776,650,0,75,53,29,17,10,8,3,1,0,0,0,66,66,40,22,14,9,4,0,0,0
24,6,221102,2,776,684,0,75,53,29,17,10,8,3,1,0,0,0,66,64,38,22,14,6,5,3,0,0
24,6,221110,0,776,768,0,69,49,29,18,9,6,3,3,2,0,0,61,67,42,27,16,8,4,3,2,0
24,6,221110,1,776,702,0,69,49,29,18,9,6,3,3,2,0,0,67,60,42,22,13,7,5,3,1,0
24,6,221110,2,776,721,0,69,49,29,18,9,6,3,3,2,0,0,60,61,35,21,12,8,5,2,2,2
24,6,221111,0,809,799,0,70,50,27,18,13,6,4,2,1,1,0,64,64,44,24,16,9,5,4,1,1
24,6,221111,1,809,781,0,70,50,27,18,13,6,4,2,1,1,0,64,64,42,23,14,8,5,2,2,1
24,6,221111,2,809,730,0,70,50,27,18,13,6,4,2,1,1,0,64,64,36,25,15,10,4,2,1,0
24,6,221112,0,845,760,0,67,55,35,16,9,6,3,2,1,1,0,64,63,40,26,15,8,4,3,1,1
24,6,221112,1,845,803,0,67,55,35,16,9,6,3,2,1,1,0,63,69,43,25,13,8,5,3,3,1
24,6,221112,2,845,790,0,67,55,35,16,9,6,3,2,1,1,0,69,64,46,23,11,7,5,2,1,1
24,6,221120,0,793,694,0,66,46,29,19,14,6,4,1,1,0,0,65,60,42,25,14,8,4,2,1,0
24,6,221120,1,793,689,0,66,46,29,19,14,6,4,1,1,0,0,60,61,40,25,14,9,5,2,0,0
24,6,221120,2,793,715,0,66,46,29,19,14,6,4,1,1,0,0,61,65,38,24,17,9,3,2,1,1
24,6,221121,0,694,588,0,68,56,32,19,8,3,2,1,0,0,0,63,64,43,21,9,5,3,1,0,0
24,6,221121,1,694,590,0,68,56,32,19,8,3,2,1,0,0,0,64,62,41,24,11,5,2,1,0,0
24,6,221121,2,694,566,0,68,56,32,19,8,3,2,1,0,0,0,62,63,37,20,13,4,1,1,1,0
24,6,221122,0,804,728,0,75,46,35,20,9,5,2,2,1,1,0,65,59,38,28,15,9,5,2,1,0
24,6,221122,1,804,708,0,75,46,35,20,9,5,2,2,1,1,0,59,72,42,24,14,5,3,2,1,1
24,6,221122,2,804,722,0,75,46,35,20,9,5,2,2,1,1,0,72,65,41,23,11,6,3,2,2,1
24,6,221200,0,776,677,0,67,48,33,20,14,8,2,0,0,0,0,68,60,41,26,13,8,5,1,0,0
24,6,221200,1,776,660,0,67,48,33,20,14,8,2,0,0,0,0,60,64,42,27,16,7,2,0,0,0
24,6,221200,2,776,693,0,67,48,33,20,14,8,2,0,0,0,0,64,68,42,24,15,9,3,1,0,0
24,6,221201,0,733,642,0,68,46,27,14,12,7,4,2,0,0,0,55,60,35,22,15,9,5,0,0,0
24,6,221201,1,733,641,0,68,46,27,14,12,7,4,2,0,0,0,60,65,39,22,13,6,3,3,0,0
24,6,221201,2,733,710,0,68,46,27,14,12,7,4,2,0,0,0,65,55,38,22,11,10,5,3,2,0
24,6,221202,0,726,629,0,62,51,28,20,8,5,4,1,0,0,0,64,56,39,22,12,5,4,3,0,0
24,6,221202,1,726,619,0,62,51,28,20,8,5,4,1,0,0,0,56,59,37,24,14,6,3,1,1,0
24,6,221202,2,726,614,0,62,51,28,20,8,5,4,1,0,0,0,59,64,41,20,12,7,3,1,0,0
24,6,221210,0,815,673,0,70,53,33,21,12,6,4,2,0,0,0,68,66,46,24,13,8,3,1,1,0
24,6,221210,1,815,746,0,70,53,33,21,12,6,4,2,0,0,0,66,67,39,29,17,9,5,2,0,0
24,6,221210,2,815,762,0,70,53,33,21,12,6,4,2,0,0,0,67,68,46,25,15,7,4,3,1,0
24,6,221211,0,812,704,0,69,49,37,22,11,3,3,2,1,0,0,60,67,37,29,17,6,2,2,2,0
24,6,221211,1,812,700,0,69,49,37,22,11,3,3,2,1,0,0,67,70,49,24,11,7,4,2,0,0
24,6,221211,2,812,713,0,69,49,37,22,11,3,3,2,1,0,0,70,60,42,26,14,7,3,2,1,1
24,6,221212,0,774,691,0,73,49,29,16,11,9,2,1,1,0,0,67,66,42,19,11,8,4,2,1,1
24,6,221212,1,774,687,0,73,49,29,16,11,9,2,1,1,0,0,66,58,36,25,14,9,6,1,1,0
24,6,221212,2,774,659,0,73,49,29,16,11,9,2,1,1,0,0,58,67,40,25,15,7,3,1,0,0
24,6,221220,0,743,668,0,73,50,31,16,9,6,3,1,1,0,0,71,56,41,25,14,8,1,1,1,1
24,6,221220,1,743,669,0,73,50,31,16,9,6,3,1,1,0,0,56,63,36,20,12,7,5,3,1,0
24,6,221220,2,743,624,0,73,50,31,16,9,6,3,1,1,0,0,63,71,40,22,10,5,5,1,0,0
24,6,221221,0,745,625,0,68,51,29,20,11,5,3,2,0,0,0,59,66,41,20,13,5,3,2,1,0
24,6,221221,1,745,668,0,68,51,29,20,11,5,3,2,0,0,0,66,64,39,22,11,9,3,2,1,0
24,6,221221,2,745,687,0,68,51,29,20,11,5,3,2,0,0,0,64,59,41,28,17,7,4,1,0,0
24,6,221222,0,788,763,0,72,55,35,20,10,4,2,1,1,1,0,74,65,47,26,14,8,2,1,1,1
24,6,221222,1,788,666,0,72,55,35,20,10,4,2,1,1,1,0,65,62,41,23,14,7,4,2,1,0
24,6,221222,2,788,660,0,72,55,35,20,10,4,2,1,1,1,0,62,74,41,25,11,4,3,2,1,1
24,6,222000,0,926,863,0,77,54,37,21,12,7,4,3,2,0,0,68,79,53,31,16,7,5,4,1,0
24,6,222000,1,926,857,0,77,54,37,21,12,7,4,3,2,0,0,79,70,49,25,14,10,6,3,2,1
24,6,222000,2,926,828,0,77,54,37,21,12,7,4,3,2,0,0,70,68,38,30,19,11,5,2,2,1
24,6,222001,0,927,860,0,77,55,34,22,14,10,5,2,0,0,0,70,72,46,31,18,10,6,3,1,0
24,6,222001,1,927,842,0,77,55,34,22,14,10,5,2,0,0,0,72,77,50,31,18,10,5,1,1,0
24,6,222001,2,927,824,0,77,55,34,22,14,10,5,2,0,0,0,77,70,46,25,17,11,6,3,0,0
24,6,222002,0,981,895,0,76,59,37,22,13,8,6,3,1,0,0,71,73,44,28,21,12,6,4,1,0
24,6,222002,1,981,909,0,76,59,37,22,13,8,6,3,1,0,0,73,81,51,30,14,8,7,4,2,1
24,6,222002,2,981,887,0,76,59,37,22,13,8,6,3,1,0,0,81,71,54,32,18,11,5,2,1,0
24,6,222010,0,976,936,0,82,58,31,20,13,7,6,2,2,2,0,75,75,47,27,15,10,6,4,2,2
24,6,222010,1,976,975,0,82,58,31,20,13,7,6,2,2,2,0,75,73,50,30,18,12,7,4,2,1
24,6,222010,2,976,898,0,82,58,31,20,13,7,6,2,2,2,0,73,75,44,26,19,10,6,4,2,1
24,6,222011,0,997,942,0,76,59,40,24,12,7,2,2,2,1,0,78,72,49,31,16,10,6,3,2,1
24,6,222011,1,997,898,0,76,59,40,24,12,7,2,2,2,1,0,72,76,51,33,17,8,5,3,2,1
24,6,222011,2,997,940,0,76,59,40,24,12,7,2,2,2,1,0,76,78,50,27,18,9,4,2,2,2
24,6,222012,0,1013,929,0,74,52,36,21,14,9,6,5,1,0,0,72,72,48,31,19,13,8,4,1,0
24,6,222012,1,1013,933,0,74,52,36,21,14,9,6,5,1,0,0,72,74,48,31,18,11,6,4,2,1
24,6,222012,2,1013,956,0,74,52,36,21,14,9,6,5,1,0,0,74,72,48,30,19,11,7,4,3,0
24,6,222020,0,919,849,0,71,61,38,21,12,8,4,2,1,0,0,70,77,48,29,16,9,5,2,1,1
24,6,222020,1,919,831,0,71,61,38,21,12,8,4,2,1,0,0,77,71,52,27,16,10,5,2,1,0
24,6,222020,2,919,797,0,71,61,38,21,12,8,4,2,1,0,0,71,70,47,30,16,8,5,3,1,0
24,6,222021,0,929,834,0,83,52,31,21,14,9,4,1,1,1,0,73,70,43,27,16,11,7,3,1,0
24,6,222021,1,929,831,0,83,52,31,21,14,9,4,1,1,1,0,70,74,44,29,17,9,6,2,1,1
24,6,222021,2,929,848,0,83,52,31,21,14,9,4,1,1,1,0,74,73,47,26,18,10,3,2,1,1
24,6,222022,0,925,832,0,72,53,34,24,14,6,5,3,1,0,0,73,68,46,28,16,10,6,3,1,0
24,6,222022,1,925,830,0,72,53,34,24,14,6,5,3,1,0,0,68,71,46,31,18,10,4,2,1,1
24,6,222022,2,925,866,0,72,53,34,24,14,6,5,3,1,0,0,71,73,48,28,19,9,5,4,2,0
24,6,222100,0,1021,956,0,80,61,37,20,11,7,4,3,1,1,0,74,77,51,30,17,10,7,2,2,1
24,6,222100,1,1021,966,0,80,61,37,20,11,7,4,3,1,1,0,77,76,50,30,16,9,5,4,1,1
24,6,222100,2,1021,992,0,80,61,37,20,11,7,4,3,1,1,0,76,74,46,26,16,10,6,5,4,2
24,6,222101,0,1009,966,0,78,58,37,24,14,8,5,2,1,1,0,73,75,49,34,20,11,6,4,2,1
24,6,222101,1,1009,978,0,78,58,37,24,14,8,5,2,1,1,0,75,81,54,30,19,11,7,2,1,1
24,6,222101,2,1009,939,0,78,58,37,24,14,8,5,2,1,1,0,81,73,48,29,17,10,5,4,2,1
24,6,222102,0,967,870,0,81,57,38,23,14,7,3,2,2,1,0,77,71,48,32,17,8,4,3,2,1
24,6,222102,1,967,942,0,81,57,38,23,14,7,3,2,2,1,0,71,80,48,29,19,12,5,3,2,1
24,6,222102,2,967,900,0,81,57,38,23,14,7,3,2,2,1,0,80,77,51,29,16,9,6,2,1,1
24,6,222110,0,944,890,0,75,56,36,24,12,7,4,2,1,1,0,71,71,47,30,18,9,5,3,2,1
24,6,222110,1,944,852,0,75,56,36,24,12,7,4,2,1,1,0,71,76,48,29,15,8,6,2,1,1
24,6,222110,2,944,823,0,75,56,36,24,12,7,4,2,1,1,0,76,71,48,28,18,10,4,3,1,0
24,6,222111,0,966,903,0,74,55,33,22,15,8,4,3,2,0,0,72,71,47,24,18,12,5,3,2,2
24,6,222111,1,966,880,0,74,55,33,22,15,8,4,3,2,0,0,71,73,46,30,16,11,7,3,2,0
24,6,222111,2,966,877,0,74,55,33,22,15,8,4,3,2,0,0,73,72,49,33,20,9,5,3,1,0
24,6,222112,0,888,802,0,80,59,38,21,11,6,4,2,1,0,0,79,71,47,25,16,10,4,2,2,0
24,6,222112,1,888,777,0,80,59,38,21,11,6,4,2,1,0,0,71,72,44,27,16,8,5,3,0,0
24,6,222112,2,888,793,0,80,59,38,21,11,6,4,2,1,0,0,72,79,51,31,13,6,4,2,1,1
24,6,222120,0,1064,998,0,80,53,35,25,15,8,5,3,2,1,0,73,74,48,31,22,11,8,5,2,1
24,6,222120,1,1064,1033,0,80,53,35,25,15,8,5,3,2,1,0,74,81,49,31,18,11,6,3,3,2
24,6,222120,2,1064,1009,0,80,53,35,25,15,8,5,3,2,1,0,81,73,51,33,20,13,6,4,2,1
24,6,222121,0,955,835,0,73,56,37,24,15,8,4,2,1,0,0,77,70,51,32,17,9,4,1,1,1
24,6,222121,1,955,841,0,73,56,37,24,15,8,4,2,1,0,0,70,73,45,30,21,12,4,2,1,0
24,6,222121,2,955,880,0,73,56,37,24,15,8,4,2,1,0,0,73,77,51,29,16,9,7,4,1,0
24,6,222122,0,1016,939,0,80,60,38,19,13,10,6,3,1,1,0,75,76,52,30,19,9,6,5,2,0
24,6,222122,1,1016,946,0,80,60,38,19,13,10,6,3,1,1,0,76,80,48,28,14,11,8,4,2,1
24,6,222122,2,1016,985,0,80,60,38,19,13,10,6,3,1,1,0,80,75,51,33,20,14,7,2,1,1
24,6,222200,0,908,812,0,76,56,38,22,13,7,3,2,1,0,0,75,72,49,28,15,7,4,2,2,1
24,6,222200,1,908,787,0,76,56,38,22,13,7,3,2,1,0,0,72,71,46,30,16,10,4,1,1,0
24,6,222200,2,908,805,0,76,56,38,22,13,7,3,2,1,0,0,71,75,47,28,17,9,5,3,0,0
24,6,222201,0,862,804,0,75,49,35,21,12,9,5,1,0,0,0,70,69,43,29,19,10,4,2,1,0
24,6,222201,1,862,775,0,75,49,35,21,12,9,5,1,0,0,0,69,68,45,26,13,8,7,3,0,0
24,6,222201,2,862,741,0,75,49,35,21,12,9,5,1,0,0,0,68,70,44,28,16,9,4,1,0,0
24,6,222202,0,878,810,0,71,56,32,23,15,6,3,2,1,0,0,71,72,49,25,15,10,4,2,1,1
24,6,222202,1,878,795,0,71,56,32,23,15,6,3,2,1,0,0,72,66,44,27,18,10,5,2,1,0
24,6,222202,2,878,756,0,71,56,32,23,15,6,3,2,1,0,0,66,71,45,30,17,7,3,2,1,0
24,6,222210,0,1001,935,0,82,56,35,21,14,9,4,2,1,1,0,84,68,45,28,18,13,7,3,1,1
24,6,222210,1,1001,930,0,82,56,35,21,14,9,4,2,1,1,0,68,74,45,34,20,8,5,4,3,1
24,6,222210,2,1001,952,0,82,56,35,21,14,9,4,2,1,1,0,74,84,54,26,15,11,6,2,1,1
24,6,222211,0,1000,941,0,76,55,36,21,11,7,6,4,2,1,0,73,74,53,31,17,10,7,3,2,1
24,6,222211,1,1000,945,0,76,55,36,21,11,7,6,4,2,1,0,74,72,45,27,19,11,5,4,2,2
24,6,222211,2,1000,945,0,76,55,36,21,11,7,6,4,2,1,0,72,73,45,30,16,10,8,6,3,0
24,6,222212,0,916,968,0,72,57,36,22,13,8,4,2,2,1,0,70,76,55,35,17,8,4,3,2,2
24,6,222212,1,916,896,0,72,57,36,22,13,8,4,2,2,1,0,76,71,49,27,19,12,6,3,2,0
24,6,222212,2,916,845,0,72,57,36,22,13,8,4,2,2,1,0,71,70,41,26,16,10,7,3,1,1
24,6,222220,0,929,838,0,71,58,37,21,13,6,3,3,1,1,0,74,74,48,30,15,10,6,2,1,0
24,6,222220,1,929,830,0,71,58,37,21,13,6,3,3,1,1,0,74,66,48,29,18,8,5,3,1,1
24,6,222220,2,929,861,0,71,58,37,21,13,6,3,3,1,1,0,66,74,47,26,15,9,3,3,3,1
24,6,222221,0,836,793,0,76,52,33,19,12,7,5,2,1,0,0,68,73,44,30,13,7,6,4,1,0
24,6,222221,1,836,805,0,76,52,33,19,12,7,5,2,1,0,0,73,66,49,28,17,10,4,1,1,1
24,6,222221,2,836,757,0,76,52,33,19,12,7,5,2,1,0,0,66,68,38,21,16,10,5,3,1,0
24,6,222222,0,858,742,0,73,54,32,23,13,8,4,1,0,0,0,71,66,47,30,17,8,3,1,0,0
24,6,222222,1,858,792,0,73,54,32,23,13,8,4,1,0,0,0,66,71,48,27,16,8,4,3,1,0
24,6,222222,2,858,719,0,73,54,32,23,13,8,4,1,0,0,0,71,71,40,24,16,10,6,1,0,0
